"Time";"Room setpoint";"Room Temp";"return0";"return1";"discharge"
"2019-10-02T09:00:02+02:00";23;null;null;null;null
"2019-10-02T09:00:03+02:00";null;23;25.2;24.6;16.6
"2019-10-02T09:00:32+02:00";23;null;null;null;null
"2019-10-02T09:00:33+02:00";null;23;25.2;24.6;16.6
"2019-10-02T09:01:02+02:00";23;null;null;null;null
"2019-10-02T09:01:03+02:00";null;23;25.2;24.6;16.6
"2019-10-02T09:01:32+02:00";23;null;null;null;null
"2019-10-02T09:01:33+02:00";null;22.9;25.2;24.6;16.6
"2019-10-02T09:02:02+02:00";23;null;null;null;null
"2019-10-02T09:02:03+02:00";null;22.9;25.2;24.6;16.6
"2019-10-02T09:02:32+02:00";23;null;null;null;null
"2019-10-02T09:02:33+02:00";null;22.9;25.2;24.6;16.6
"2019-10-02T09:03:02+02:00";23;null;null;null;null
"2019-10-02T09:03:03+02:00";null;22.9;25.2;24.6;16.6
"2019-10-02T09:03:32+02:00";23;null;null;null;null
"2019-10-02T09:03:33+02:00";null;22.9;25.2;24.6;16.6
"2019-10-02T09:04:02+02:00";23;null;null;null;null
"2019-10-02T09:04:03+02:00";null;22.9;25.2;24.7;16.6
"2019-10-02T09:04:32+02:00";23;null;null;null;null
"2019-10-02T09:04:33+02:00";null;23;25.2;24.6;16.6
"2019-10-02T09:05:02+02:00";23;null;null;null;null
"2019-10-02T09:05:03+02:00";null;23;25.2;24.6;16.6
"2019-10-02T09:05:32+02:00";23;null;null;null;null
"2019-10-02T09:05:33+02:00";null;23;25.2;24.6;16.6
"2019-10-02T09:06:02+02:00";23;null;null;null;null
"2019-10-02T09:06:03+02:00";null;23;25.2;24.6;16.6
"2019-10-02T09:06:32+02:00";23;null;null;null;null
"2019-10-02T09:06:33+02:00";null;23;25.2;24.6;16.6
"2019-10-02T09:07:02+02:00";23;null;null;null;null
"2019-10-02T09:07:03+02:00";null;23;25.2;24.6;16.6
"2019-10-02T09:07:32+02:00";23;null;null;null;null
"2019-10-02T09:07:33+02:00";null;23;25.2;24.6;16.6
"2019-10-02T09:08:02+02:00";23;null;null;null;null
"2019-10-02T09:08:03+02:00";null;23;25.2;24.6;16.6
"2019-10-02T09:08:32+02:00";23;null;null;null;null
"2019-10-02T09:08:33+02:00";null;23;25.2;24.6;16.6
"2019-10-02T09:09:02+02:00";23;null;null;null;null
"2019-10-02T09:09:03+02:00";null;23;25.1;24.6;16.6
"2019-10-02T09:09:32+02:00";23;null;null;null;null
"2019-10-02T09:09:33+02:00";null;23;25.1;24.6;16.6
"2019-10-02T09:10:02+02:00";23;null;null;null;null
"2019-10-02T09:10:03+02:00";null;23;25.1;24.6;16.6
"2019-10-02T09:10:32+02:00";23;null;null;null;null
"2019-10-02T09:10:33+02:00";null;23;25.2;24.6;16.6
"2019-10-02T09:11:02+02:00";23;null;null;null;null
"2019-10-02T09:11:03+02:00";null;23;25.2;24.6;16.6
"2019-10-02T09:11:32+02:00";23;null;null;null;null
"2019-10-02T09:11:33+02:00";null;23;25.2;24.5;16.6
"2019-10-02T09:12:02+02:00";23;null;null;null;null
"2019-10-02T09:12:03+02:00";null;23;25.1;24.5;16.6
"2019-10-02T09:12:32+02:00";23;null;null;null;null
"2019-10-02T09:12:33+02:00";null;23;25.1;24.5;16.6
"2019-10-02T09:13:02+02:00";23;null;null;null;null
"2019-10-02T09:13:03+02:00";null;23;25.1;24.5;16.6
"2019-10-02T09:13:32+02:00";23;null;null;null;null
"2019-10-02T09:13:33+02:00";null;23;25.2;24.5;16.6
"2019-10-02T09:14:02+02:00";23;null;null;null;null
"2019-10-02T09:14:03+02:00";null;23;25.1;24.5;16.6
"2019-10-02T09:14:32+02:00";23;null;null;null;null
"2019-10-02T09:14:33+02:00";null;23;25.1;24.5;16.6
"2019-10-02T09:15:02+02:00";23;null;null;null;null
"2019-10-02T09:15:03+02:00";null;22.9;25;24.6;16.6
"2019-10-02T09:15:32+02:00";23;null;null;null;null
"2019-10-02T09:15:33+02:00";null;22.9;25;24.6;16.6
"2019-10-02T09:16:02+02:00";23;null;null;null;null
"2019-10-02T09:16:03+02:00";null;22.9;25.1;24.6;16.6
"2019-10-02T09:16:32+02:00";23;null;null;null;null
"2019-10-02T09:16:33+02:00";null;22.9;25.1;24.6;16.6
"2019-10-02T09:17:02+02:00";23;null;null;null;null
"2019-10-02T09:17:03+02:00";null;22.9;25.1;24.6;16.6
"2019-10-02T09:17:32+02:00";23;null;null;null;null
"2019-10-02T09:17:33+02:00";null;23;25.1;24.6;16.6
"2019-10-02T09:18:02+02:00";23;null;null;null;null
"2019-10-02T09:18:03+02:00";null;23;25.1;24.6;16.6
"2019-10-02T09:18:32+02:00";23;null;null;null;null
"2019-10-02T09:18:33+02:00";null;23;25.1;24.5;16.6
"2019-10-02T09:19:02+02:00";23;null;null;null;null
"2019-10-02T09:19:03+02:00";null;23;25.1;24.5;16.6
"2019-10-02T09:19:32+02:00";23;null;null;null;null
"2019-10-02T09:19:33+02:00";null;23;25.2;24.6;16.6
"2019-10-02T09:20:02+02:00";23;null;null;null;null
"2019-10-02T09:20:03+02:00";null;23;25.2;24.5;16.6
"2019-10-02T09:20:32+02:00";23;null;null;null;null
"2019-10-02T09:20:33+02:00";null;23;25.2;24.5;16.6
"2019-10-02T09:21:02+02:00";23;null;null;null;null
"2019-10-02T09:21:03+02:00";null;23;25.2;24.5;16.6
"2019-10-02T09:21:32+02:00";23;null;null;null;null
"2019-10-02T09:21:33+02:00";null;23;25.2;24.6;16.7
"2019-10-02T09:22:02+02:00";23;null;null;null;null
"2019-10-02T09:22:03+02:00";null;23;25.2;24.6;16.7
"2019-10-02T09:22:32+02:00";23;null;null;null;null
"2019-10-02T09:22:33+02:00";null;23;25.2;24.5;16.7
"2019-10-02T09:23:02+02:00";23;null;null;null;null
"2019-10-02T09:23:03+02:00";null;23;25.2;24.5;16.7
"2019-10-02T09:23:32+02:00";23;null;null;null;null
"2019-10-02T09:23:33+02:00";null;23;25.2;24.6;16.7
"2019-10-02T09:24:02+02:00";23;null;null;null;null
"2019-10-02T09:24:03+02:00";null;22.9;25.1;24.6;16.7
"2019-10-02T09:24:32+02:00";23;null;null;null;null
"2019-10-02T09:24:33+02:00";null;23;25.1;24.6;16.7
"2019-10-02T09:25:02+02:00";23;null;null;null;null
"2019-10-02T09:25:03+02:00";null;23;25.2;24.6;16.7
"2019-10-02T09:25:32+02:00";23;null;null;null;null
"2019-10-02T09:25:33+02:00";null;22.9;25.1;24.6;16.7
"2019-10-02T09:26:02+02:00";23;null;null;null;null
"2019-10-02T09:26:03+02:00";null;22.9;25.1;24.6;16.7
"2019-10-02T09:26:32+02:00";23;null;null;null;null
"2019-10-02T09:26:33+02:00";null;23;25.1;24.6;16.7
"2019-10-02T09:27:02+02:00";23;null;null;null;null
"2019-10-02T09:27:03+02:00";null;23;25.1;24.6;16.6
"2019-10-02T09:27:32+02:00";23;null;null;null;null
"2019-10-02T09:27:33+02:00";null;23;25.2;24.6;16.6
"2019-10-02T09:28:02+02:00";23;null;null;null;null
"2019-10-02T09:28:03+02:00";null;22.9;25.2;24.6;16.6
"2019-10-02T09:28:32+02:00";23;null;null;null;null
"2019-10-02T09:28:33+02:00";null;22.9;25.1;24.6;16.6
"2019-10-02T09:29:02+02:00";23;null;null;null;null
"2019-10-02T09:29:03+02:00";null;22.9;25.1;24.6;16.6
"2019-10-02T09:29:32+02:00";23;null;null;null;null
"2019-10-02T09:29:33+02:00";null;23;25.2;24.6;16.6
"2019-10-02T09:30:02+02:00";23;null;null;null;null
"2019-10-02T09:30:03+02:00";null;23;25.2;24.6;16.6
"2019-10-02T09:30:32+02:00";23;null;null;null;null
"2019-10-02T09:30:33+02:00";null;23;25.2;24.6;16.6
"2019-10-02T09:31:02+02:00";23;null;null;null;null
"2019-10-02T09:31:03+02:00";null;23;25.2;24.6;16.6
"2019-10-02T09:31:32+02:00";23;null;null;null;null
"2019-10-02T09:31:33+02:00";null;23;25.1;24.7;16.6
"2019-10-02T09:32:02+02:00";23;null;null;null;null
"2019-10-02T09:32:03+02:00";null;22.9;25.1;24.6;16.6
"2019-10-02T09:32:32+02:00";23;null;null;null;null
"2019-10-02T09:32:33+02:00";null;22.9;25.1;24.6;16.6
"2019-10-02T09:33:02+02:00";23;null;null;null;null
"2019-10-02T09:33:03+02:00";null;22.9;25.1;24.6;16.6
"2019-10-02T09:33:32+02:00";23;null;null;null;null
"2019-10-02T09:33:33+02:00";null;23;25.1;24.6;16.6
"2019-10-02T09:34:02+02:00";23;null;null;null;null
"2019-10-02T09:34:03+02:00";null;22.9;25.1;24.6;16.6
"2019-10-02T09:34:32+02:00";23;null;null;null;null
"2019-10-02T09:34:33+02:00";null;23;25.1;24.6;16.6
"2019-10-02T09:35:02+02:00";23;null;null;null;null
"2019-10-02T09:35:03+02:00";null;23;25.1;24.6;16.6
"2019-10-02T09:35:32+02:00";23;null;null;null;null
"2019-10-02T09:35:33+02:00";null;23;25.1;24.6;16.6
"2019-10-02T09:36:02+02:00";23;null;null;null;null
"2019-10-02T09:36:03+02:00";null;22.9;25.1;24.6;16.7
"2019-10-02T09:36:32+02:00";23;null;null;null;null
"2019-10-02T09:36:33+02:00";null;23;25.1;24.7;16.8
"2019-10-02T09:37:02+02:00";23;null;null;null;null
"2019-10-02T09:37:03+02:00";null;23;25.2;24.6;16.7
"2019-10-02T09:37:32+02:00";23;null;null;null;null
"2019-10-02T09:37:33+02:00";null;23;25.2;24.6;16.6
"2019-10-02T09:38:02+02:00";23;null;null;null;null
"2019-10-02T09:38:03+02:00";null;23;25.2;24.6;16.6
"2019-10-02T09:38:32+02:00";23;null;null;null;null
"2019-10-02T09:38:33+02:00";null;23;25.2;24.6;16.5
"2019-10-02T09:39:02+02:00";23;null;null;null;null
"2019-10-02T09:39:03+02:00";null;22.9;25.2;24.6;16.3
"2019-10-02T09:39:32+02:00";23;null;null;null;null
"2019-10-02T09:39:33+02:00";null;22.9;25.2;24.5;16.1
"2019-10-02T09:40:02+02:00";23;null;null;null;null
"2019-10-02T09:40:03+02:00";null;22.9;25.1;24.5;16
"2019-10-02T09:40:32+02:00";23;null;null;null;null
"2019-10-02T09:40:33+02:00";null;22.9;25.1;24.5;15.9
"2019-10-02T09:41:02+02:00";23;null;null;null;null
"2019-10-02T09:41:03+02:00";null;22.9;25.3;24.6;15.7
"2019-10-02T09:41:32+02:00";23;null;null;null;null
"2019-10-02T09:41:33+02:00";null;22.9;25.6;24.9;15.6
"2019-10-02T09:42:02+02:00";23;null;null;null;null
"2019-10-02T09:42:03+02:00";null;23;25.9;25.3;15.6
"2019-10-02T09:42:32+02:00";23;null;null;null;null
"2019-10-02T09:42:33+02:00";null;23;26.3;25.7;15.6
"2019-10-02T09:43:02+02:00";23;null;null;null;null
"2019-10-02T09:43:03+02:00";null;23.1;26.7;26;15.5
"2019-10-02T09:43:32+02:00";23;null;null;null;null
"2019-10-02T09:43:33+02:00";null;23.1;27.1;26.3;15.6
"2019-10-02T09:44:02+02:00";23;null;null;null;null
"2019-10-02T09:44:03+02:00";null;23.1;27.4;26.5;15.6
"2019-10-02T09:44:32+02:00";23;null;null;null;null
"2019-10-02T09:44:33+02:00";null;23.1;27.6;26.8;15.6
"2019-10-02T09:45:02+02:00";23;null;null;null;null
"2019-10-02T09:45:03+02:00";null;23.1;27.8;27;15.7
"2019-10-02T09:45:32+02:00";23;null;null;null;null
"2019-10-02T09:45:33+02:00";null;23.1;28;27.2;15.8
"2019-10-02T09:46:02+02:00";23;null;null;null;null
"2019-10-02T09:46:03+02:00";null;23.1;28.2;27.4;15.9
"2019-10-02T09:46:32+02:00";23;null;null;null;null
"2019-10-02T09:46:33+02:00";null;23;28.3;27.5;16
"2019-10-02T09:47:02+02:00";23;null;null;null;null
"2019-10-02T09:47:03+02:00";null;23;28.4;27.6;16.1
"2019-10-02T09:47:32+02:00";23;null;null;null;null
"2019-10-02T09:47:33+02:00";null;23;28.6;27.8;16.2
"2019-10-02T09:48:02+02:00";23;null;null;null;null
"2019-10-02T09:48:03+02:00";null;23;28.7;27.9;16.2
"2019-10-02T09:48:32+02:00";23;null;null;null;null
"2019-10-02T09:48:33+02:00";null;23;28.9;28;16.3
"2019-10-02T09:49:02+02:00";23;null;null;null;null
"2019-10-02T09:49:03+02:00";null;23;28.9;28;16.3
"2019-10-02T09:49:32+02:00";23;null;null;null;null
"2019-10-02T09:49:33+02:00";null;23;29;28.1;16.4
"2019-10-02T09:50:02+02:00";23;null;null;null;null
"2019-10-02T09:50:03+02:00";null;23;29.2;28.3;16.5
"2019-10-02T09:50:32+02:00";23;null;null;null;null
"2019-10-02T09:50:33+02:00";null;23;29.3;28.3;16.5
"2019-10-02T09:51:02+02:00";23;null;null;null;null
"2019-10-02T09:51:03+02:00";null;23;29.4;28.4;16.5
"2019-10-02T09:51:32+02:00";23;null;null;null;null
"2019-10-02T09:51:33+02:00";null;23;29.4;28.5;16.5
"2019-10-02T09:52:02+02:00";23;null;null;null;null
"2019-10-02T09:52:03+02:00";null;23;29.5;28.5;16.5
"2019-10-02T09:52:32+02:00";23;null;null;null;null
"2019-10-02T09:52:33+02:00";null;23;29.5;28.6;16.5
"2019-10-02T09:53:02+02:00";23;null;null;null;null
"2019-10-02T09:53:03+02:00";null;22.9;29.6;28.7;16.5
"2019-10-02T09:53:32+02:00";23;null;null;null;null
"2019-10-02T09:53:33+02:00";null;23;29.7;28.7;16.5
"2019-10-02T09:54:02+02:00";23;null;null;null;null
"2019-10-02T09:54:03+02:00";null;22.9;29.7;28.8;16.5
"2019-10-02T09:54:32+02:00";23;null;null;null;null
"2019-10-02T09:54:33+02:00";null;23;29.8;28.8;16.5
"2019-10-02T09:55:02+02:00";23;null;null;null;null
"2019-10-02T09:55:03+02:00";null;23;29.8;28.9;16.5
"2019-10-02T09:55:32+02:00";23;null;null;null;null
"2019-10-02T09:55:33+02:00";null;23;29.9;28.9;16.5
"2019-10-02T09:56:02+02:00";23;null;null;null;null
"2019-10-02T09:56:03+02:00";null;23;29.9;28.9;16.4
"2019-10-02T09:56:32+02:00";23;null;null;null;null
"2019-10-02T09:56:33+02:00";null;23;29.9;29;16.4
"2019-10-02T09:57:02+02:00";23;null;null;null;null
"2019-10-02T09:57:03+02:00";null;22.9;30;29;16.4
"2019-10-02T09:57:32+02:00";23;null;null;null;null
"2019-10-02T09:57:33+02:00";null;22.9;30;29;16.4
"2019-10-02T09:58:02+02:00";23;null;null;null;null
"2019-10-02T09:58:03+02:00";null;22.9;30.1;29.1;16.4
"2019-10-02T09:58:32+02:00";23;null;null;null;null
"2019-10-02T09:58:33+02:00";null;23;30.1;29.1;16.3
"2019-10-02T09:59:02+02:00";23;null;null;null;null
"2019-10-02T09:59:03+02:00";null;22.9;30.1;29.1;16.3
"2019-10-02T09:59:32+02:00";23;null;null;null;null
"2019-10-02T09:59:33+02:00";null;22.9;30.1;29.1;16.3
"2019-10-02T10:00:02+02:00";23;null;null;null;null
"2019-10-02T10:00:03+02:00";null;22.9;30.1;29.1;16.3
"2019-10-02T10:00:32+02:00";23;null;null;null;null
"2019-10-02T10:00:33+02:00";null;22.9;30.1;29.2;16.3
"2019-10-02T10:01:02+02:00";23;null;null;null;null
"2019-10-02T10:01:03+02:00";null;22.9;30.2;29.2;16.3
"2019-10-02T10:01:32+02:00";23;null;null;null;null
"2019-10-02T10:01:33+02:00";null;22.9;30.2;29.2;16.2
"2019-10-02T10:02:02+02:00";23;null;null;null;null
"2019-10-02T10:02:03+02:00";null;22.9;30.2;29.2;16.2
"2019-10-02T10:02:32+02:00";23;null;null;null;null
"2019-10-02T10:02:33+02:00";null;22.9;30.2;29.3;16.2
"2019-10-02T10:03:02+02:00";23;null;null;null;null
"2019-10-02T10:03:03+02:00";null;22.9;30.2;29.3;16.2
"2019-10-02T10:03:32+02:00";23;null;null;null;null
"2019-10-02T10:03:33+02:00";null;22.9;30.3;29.3;16.2
"2019-10-02T10:04:02+02:00";23;null;null;null;null
"2019-10-02T10:04:03+02:00";null;22.9;30.3;29.3;16.2
"2019-10-02T10:04:32+02:00";23;null;null;null;null
"2019-10-02T10:04:33+02:00";null;23;30.3;29.4;16.2
"2019-10-02T10:05:02+02:00";23;null;null;null;null
"2019-10-02T10:05:03+02:00";null;23;30.3;29.4;16.2
"2019-10-02T10:05:32+02:00";23;null;null;null;null
"2019-10-02T10:05:33+02:00";null;23;30.4;29.4;16.2
"2019-10-02T10:06:02+02:00";23;null;null;null;null
"2019-10-02T10:06:03+02:00";null;23;30.4;29.4;16.2
"2019-10-02T10:06:32+02:00";23;null;null;null;null
"2019-10-02T10:06:33+02:00";null;23;30.4;29.4;16.2
"2019-10-02T10:07:02+02:00";23;null;null;null;null
"2019-10-02T10:07:03+02:00";null;23;30.4;29.4;16.2
"2019-10-02T10:07:32+02:00";23;null;null;null;null
"2019-10-02T10:07:33+02:00";null;23;30.4;29.4;16.2
"2019-10-02T10:08:02+02:00";23;null;null;null;null
"2019-10-02T10:08:03+02:00";null;23;30.4;29.5;16.2
"2019-10-02T10:08:32+02:00";23;null;null;null;null
"2019-10-02T10:08:33+02:00";null;23;30.4;29.5;16.2
"2019-10-02T10:09:02+02:00";23;null;null;null;null
"2019-10-02T10:09:03+02:00";null;23;30.5;29.5;16.2
"2019-10-02T10:09:32+02:00";23;null;null;null;null
"2019-10-02T10:09:33+02:00";null;22.9;30.5;29.5;16.2
"2019-10-02T10:10:02+02:00";23;null;null;null;null
"2019-10-02T10:10:03+02:00";null;23;30.5;29.5;16.2
"2019-10-02T10:10:32+02:00";23;null;null;null;null
"2019-10-02T10:10:33+02:00";null;23;30.5;29.5;16.2
"2019-10-02T10:11:02+02:00";23;null;null;null;null
"2019-10-02T10:11:03+02:00";null;22.9;30.5;29.5;16.2
"2019-10-02T10:11:32+02:00";23;null;null;null;null
"2019-10-02T10:11:33+02:00";null;23;30.5;29.5;16.2
"2019-10-02T10:12:02+02:00";23;null;null;null;null
"2019-10-02T10:12:03+02:00";null;22.9;30.5;29.5;16.2
"2019-10-02T10:12:32+02:00";23;null;null;null;null
"2019-10-02T10:12:33+02:00";null;23;30.6;29.6;16.2
"2019-10-02T10:13:02+02:00";23;null;null;null;null
"2019-10-02T10:13:03+02:00";null;23;30.6;29.6;16.2
"2019-10-02T10:13:32+02:00";23;null;null;null;null
"2019-10-02T10:13:33+02:00";null;23;30.6;29.6;16.2
"2019-10-02T10:14:02+02:00";23;null;null;null;null
"2019-10-02T10:14:03+02:00";null;23;30.5;29.6;16.2
"2019-10-02T10:14:32+02:00";23;null;null;null;null
"2019-10-02T10:14:33+02:00";null;23;30.6;29.6;16.2
"2019-10-02T10:15:02+02:00";23;null;null;null;null
"2019-10-02T10:15:03+02:00";null;23;30.6;29.6;16.2
"2019-10-02T10:15:32+02:00";23;null;null;null;null
"2019-10-02T10:15:33+02:00";null;23;30.6;29.6;16.2
"2019-10-02T10:16:02+02:00";23;null;null;null;null
"2019-10-02T10:16:03+02:00";null;23;30.6;29.6;16.2
"2019-10-02T10:16:32+02:00";23;null;null;null;null
"2019-10-02T10:16:33+02:00";null;23;30.6;29.7;16.2
"2019-10-02T10:17:02+02:00";23;null;null;null;null
"2019-10-02T10:17:03+02:00";null;23;30.6;29.7;16.2
"2019-10-02T10:17:32+02:00";23;null;null;null;null
"2019-10-02T10:17:33+02:00";null;23;30.6;29.7;16.2
"2019-10-02T10:18:02+02:00";23;null;null;null;null
"2019-10-02T10:18:03+02:00";null;23;30.7;29.7;16.2
"2019-10-02T10:18:32+02:00";23;null;null;null;null
"2019-10-02T10:18:33+02:00";null;23;30.7;29.7;16.3
"2019-10-02T10:19:02+02:00";23;null;null;null;null
"2019-10-02T10:19:03+02:00";null;23;30.7;29.7;16.2
"2019-10-02T10:19:32+02:00";23;null;null;null;null
"2019-10-02T10:19:33+02:00";null;23;30.7;29.7;16.2
"2019-10-02T10:20:02+02:00";23;null;null;null;null
"2019-10-02T10:20:03+02:00";null;23;30.7;29.7;16.2
"2019-10-02T10:20:32+02:00";23;null;null;null;null
"2019-10-02T10:20:33+02:00";null;23;30.7;29.7;16.3
"2019-10-02T10:21:02+02:00";23;null;null;null;null
"2019-10-02T10:21:03+02:00";null;23;30.7;29.8;16.3
"2019-10-02T10:21:32+02:00";23;null;null;null;null
"2019-10-02T10:21:33+02:00";null;23;30.7;29.8;16.3
"2019-10-02T10:22:02+02:00";23;null;null;null;null
"2019-10-02T10:22:03+02:00";null;23;30.7;29.7;16.3
"2019-10-02T10:22:32+02:00";23;null;null;null;null
"2019-10-02T10:22:33+02:00";null;23;30.7;29.8;16.3
"2019-10-02T10:23:02+02:00";23;null;null;null;null
"2019-10-02T10:23:03+02:00";null;23;30.6;29.8;16.3
"2019-10-02T10:23:32+02:00";23;null;null;null;null
"2019-10-02T10:23:33+02:00";null;23;30.6;29.8;16.3
"2019-10-02T10:24:02+02:00";23;null;null;null;null
"2019-10-02T10:24:03+02:00";null;23;30.6;29.8;16.3
"2019-10-02T10:24:32+02:00";23;null;null;null;null
"2019-10-02T10:24:33+02:00";null;23;30.7;29.9;16.3
"2019-10-02T10:25:02+02:00";23;null;null;null;null
"2019-10-02T10:25:03+02:00";null;23;30.6;29.9;16.3
"2019-10-02T10:25:32+02:00";23;null;null;null;null
"2019-10-02T10:25:33+02:00";null;23;30.6;29.8;16.3
"2019-10-02T10:26:02+02:00";23;null;null;null;null
"2019-10-02T10:26:03+02:00";null;23;30.7;29.9;16.3
"2019-10-02T10:26:32+02:00";23;null;null;null;null
"2019-10-02T10:26:33+02:00";null;23;30.7;29.8;16.3
"2019-10-02T10:27:02+02:00";23;null;null;null;null
"2019-10-02T10:27:03+02:00";null;23;30.8;29.9;16.3
"2019-10-02T10:27:32+02:00";23;null;null;null;null
"2019-10-02T10:27:33+02:00";null;23;30.8;29.9;16.4
"2019-10-02T10:28:02+02:00";23;null;null;null;null
"2019-10-02T10:28:03+02:00";null;23;30.8;29.9;16.4
"2019-10-02T10:28:32+02:00";23;null;null;null;null
"2019-10-02T10:28:33+02:00";null;23;30.8;29.9;16.4
"2019-10-02T10:29:02+02:00";23;null;null;null;null
"2019-10-02T10:29:03+02:00";null;23;30.8;29.9;16.4
"2019-10-02T10:29:32+02:00";23;null;null;null;null
"2019-10-02T10:29:33+02:00";null;23;30.8;29.9;16.4
"2019-10-02T10:30:02+02:00";23;null;null;null;null
"2019-10-02T10:30:03+02:00";null;22.9;30.8;29.9;16.4
"2019-10-02T10:30:32+02:00";23;null;null;null;null
"2019-10-02T10:30:33+02:00";null;22.9;30.8;29.9;16.3
"2019-10-02T10:31:02+02:00";23;null;null;null;null
"2019-10-02T10:31:03+02:00";null;22.9;30.8;29.9;16.3
"2019-10-02T10:31:32+02:00";23;null;null;null;null
"2019-10-02T10:31:33+02:00";null;22.9;30.8;29.9;16.3
"2019-10-02T10:32:02+02:00";23;null;null;null;null
"2019-10-02T10:32:03+02:00";null;22.9;30.9;29.9;16.3
"2019-10-02T10:32:32+02:00";23;null;null;null;null
"2019-10-02T10:32:33+02:00";null;23;30.9;29.9;16.3
"2019-10-02T10:33:02+02:00";23;null;null;null;null
"2019-10-02T10:33:03+02:00";null;22.9;30.9;29.9;16.3
"2019-10-02T10:33:32+02:00";23;null;null;null;null
"2019-10-02T10:33:33+02:00";null;23;30.8;29.9;16.3
"2019-10-02T10:34:02+02:00";23;null;null;null;null
"2019-10-02T10:34:03+02:00";null;22.9;30.8;29.9;16.3
"2019-10-02T10:34:32+02:00";23;null;null;null;null
"2019-10-02T10:34:33+02:00";null;22.9;30.8;29.9;16.3
"2019-10-02T10:35:02+02:00";23;null;null;null;null
"2019-10-02T10:35:03+02:00";null;22.9;30.8;29.9;16.3
"2019-10-02T10:35:32+02:00";23;null;null;null;null
"2019-10-02T10:35:33+02:00";null;22.9;30.8;29.9;16.3
"2019-10-02T10:36:02+02:00";23;null;null;null;null
"2019-10-02T10:36:03+02:00";null;22.9;30.8;29.9;16.3
"2019-10-02T10:36:32+02:00";23;null;null;null;null
"2019-10-02T10:36:33+02:00";null;22.9;30.8;29.9;16.3
"2019-10-02T10:37:02+02:00";23;null;null;null;null
"2019-10-02T10:37:03+02:00";null;22.9;30.8;30;16.3
"2019-10-02T10:37:32+02:00";23;null;null;null;null
"2019-10-02T10:37:33+02:00";null;22.9;30.8;30;16.3
"2019-10-02T10:38:02+02:00";23;null;null;null;null
"2019-10-02T10:38:03+02:00";null;22.9;30.8;30;16.3
"2019-10-02T10:38:32+02:00";23;null;null;null;null
"2019-10-02T10:38:33+02:00";null;22.9;30.9;30;16.3
"2019-10-02T10:39:02+02:00";23;null;null;null;null
"2019-10-02T10:39:03+02:00";null;22.9;30.8;30;16.3
"2019-10-02T10:39:32+02:00";23;null;null;null;null
"2019-10-02T10:39:33+02:00";null;22.9;30.8;30;16.3
"2019-10-02T10:40:02+02:00";23;null;null;null;null
"2019-10-02T10:40:03+02:00";null;22.9;30.9;30;16.3
"2019-10-02T10:40:32+02:00";23;null;null;null;null
"2019-10-02T10:40:33+02:00";null;22.9;30.8;30;16.3
"2019-10-02T10:41:02+02:00";23;null;null;null;null
"2019-10-02T10:41:03+02:00";null;22.9;30.9;30;16.3
"2019-10-02T10:41:32+02:00";23;null;null;null;null
"2019-10-02T10:41:33+02:00";null;22.9;30.9;30;16.3
"2019-10-02T10:42:02+02:00";23;null;null;null;null
"2019-10-02T10:42:03+02:00";null;22.9;30.8;30;16.3
"2019-10-02T10:42:32+02:00";23;null;null;null;null
"2019-10-02T10:42:33+02:00";null;22.9;30.9;30;16.3
"2019-10-02T10:43:02+02:00";23;null;null;null;null
"2019-10-02T10:43:03+02:00";null;22.9;30.9;30;16.3
"2019-10-02T10:43:32+02:00";23;null;null;null;null
"2019-10-02T10:43:33+02:00";null;22.9;30.8;30;16.3
"2019-10-02T10:44:02+02:00";23;null;null;null;null
"2019-10-02T10:44:03+02:00";null;22.9;30.9;30;16.3
"2019-10-02T10:44:32+02:00";23;null;null;null;null
"2019-10-02T10:44:33+02:00";null;22.9;30.9;30;16.3
"2019-10-02T10:45:02+02:00";23;null;null;null;null
"2019-10-02T10:45:03+02:00";null;22.9;30.9;30;16.3
"2019-10-02T10:45:32+02:00";23;null;null;null;null
"2019-10-02T10:45:33+02:00";null;22.9;30.9;30.1;16.3
"2019-10-02T10:46:02+02:00";23;null;null;null;null
"2019-10-02T10:46:03+02:00";null;23;30.9;30.1;16.3
"2019-10-02T10:46:32+02:00";23;null;null;null;null
"2019-10-02T10:46:33+02:00";null;22.9;31;30.2;16.3
"2019-10-02T10:47:02+02:00";23;null;null;null;null
"2019-10-02T10:47:03+02:00";null;22.9;31.2;30.4;16.3
"2019-10-02T10:47:32+02:00";23;null;null;null;null
"2019-10-02T10:47:33+02:00";null;23;31.4;30.6;16.3
"2019-10-02T10:48:02+02:00";23;null;null;null;null
"2019-10-02T10:48:03+02:00";null;23;31.6;30.7;16.3
"2019-10-02T10:48:32+02:00";23;null;null;null;null
"2019-10-02T10:48:33+02:00";null;23;31.7;30.9;16.3
"2019-10-02T10:49:02+02:00";23;null;null;null;null
"2019-10-02T10:49:03+02:00";null;23;31.8;31;16.3
"2019-10-02T10:49:32+02:00";23;null;null;null;null
"2019-10-02T10:49:33+02:00";null;23;32;31.2;16.3
"2019-10-02T10:50:02+02:00";23;null;null;null;null
"2019-10-02T10:50:03+02:00";null;23;32.2;31.3;16.3
"2019-10-02T10:50:32+02:00";23;null;null;null;null
"2019-10-02T10:50:33+02:00";null;23;32.2;31.4;16.3
"2019-10-02T10:51:02+02:00";23;null;null;null;null
"2019-10-02T10:51:03+02:00";null;23;32.3;31.5;16.3
"2019-10-02T10:51:32+02:00";23;null;null;null;null
"2019-10-02T10:51:33+02:00";null;23;32.5;31.6;16.3
"2019-10-02T10:52:02+02:00";23;null;null;null;null
"2019-10-02T10:52:03+02:00";null;23;32.5;31.7;16.3
"2019-10-02T10:52:32+02:00";23;null;null;null;null
"2019-10-02T10:52:33+02:00";null;23;32.5;31.7;16.3
"2019-10-02T10:53:02+02:00";23;null;null;null;null
"2019-10-02T10:53:03+02:00";null;23;32.5;31.7;16.4
"2019-10-02T10:53:32+02:00";23;null;null;null;null
"2019-10-02T10:53:33+02:00";null;22.9;32.6;31.8;16.4
"2019-10-02T10:54:02+02:00";23;null;null;null;null
"2019-10-02T10:54:03+02:00";null;22.9;32.7;31.9;16.4
"2019-10-02T10:54:32+02:00";23;null;null;null;null
"2019-10-02T10:54:33+02:00";null;23;32.9;32;16.4
"2019-10-02T10:55:02+02:00";23;null;null;null;null
"2019-10-02T10:55:03+02:00";null;23;32.8;32;16.4
"2019-10-02T10:55:32+02:00";23;null;null;null;null
"2019-10-02T10:55:33+02:00";null;23;32.8;32.1;16.4
"2019-10-02T10:56:02+02:00";23;null;null;null;null
"2019-10-02T10:56:03+02:00";null;23;32.8;32.1;16.4
"2019-10-02T10:56:32+02:00";23;null;null;null;null
"2019-10-02T10:56:33+02:00";null;23;32.9;32.2;16.4
"2019-10-02T10:57:02+02:00";23;null;null;null;null
"2019-10-02T10:57:03+02:00";null;23;32.9;32.2;16.5
"2019-10-02T10:57:32+02:00";23;null;null;null;null
"2019-10-02T10:57:33+02:00";null;22.9;33;32.2;16.5
"2019-10-02T10:58:02+02:00";23;null;null;null;null
"2019-10-02T10:58:03+02:00";null;23;33.1;32.3;16.5
"2019-10-02T10:58:32+02:00";23;null;null;null;null
"2019-10-02T10:58:33+02:00";null;22.9;33;32.3;16.5
"2019-10-02T10:59:02+02:00";23;null;null;null;null
"2019-10-02T10:59:03+02:00";null;22.9;33.1;32.3;16.5
"2019-10-02T10:59:32+02:00";23;null;null;null;null
"2019-10-02T10:59:33+02:00";null;22.9;33.2;32.4;16.5
"2019-10-02T11:00:02+02:00";23;null;null;null;null
"2019-10-02T11:00:03+02:00";null;23;33.2;32.4;16.4
"2019-10-02T11:00:32+02:00";23;null;null;null;null
"2019-10-02T11:00:33+02:00";null;23;33.3;32.4;16.4
"2019-10-02T11:01:02+02:00";23;null;null;null;null
"2019-10-02T11:01:03+02:00";null;23;33.2;32.4;16.4
"2019-10-02T11:01:32+02:00";23;null;null;null;null
"2019-10-02T11:01:33+02:00";null;22.9;33.2;32.5;16.4
"2019-10-02T11:02:02+02:00";23;null;null;null;null
"2019-10-02T11:02:03+02:00";null;23;33.3;32.5;16.4
"2019-10-02T11:02:32+02:00";23;null;null;null;null
"2019-10-02T11:02:33+02:00";null;23;33.4;32.5;16.4
"2019-10-02T11:03:02+02:00";23;null;null;null;null
"2019-10-02T11:03:03+02:00";null;23;33.4;32.5;16.4
"2019-10-02T11:03:32+02:00";23;null;null;null;null
"2019-10-02T11:03:33+02:00";null;23;33.4;32.5;16.4
"2019-10-02T11:04:02+02:00";23;null;null;null;null
"2019-10-02T11:04:03+02:00";null;23;33.4;32.5;16.4
"2019-10-02T11:04:32+02:00";23;null;null;null;null
"2019-10-02T11:04:33+02:00";null;23;33.4;32.5;16.4
"2019-10-02T11:05:02+02:00";23;null;null;null;null
"2019-10-02T11:05:03+02:00";null;23;33.4;32.6;16.4
"2019-10-02T11:05:32+02:00";23;null;null;null;null
"2019-10-02T11:05:33+02:00";null;22.9;33.4;32.6;16.4
"2019-10-02T11:06:02+02:00";23;null;null;null;null
"2019-10-02T11:06:03+02:00";null;23;33.5;32.6;16.4
"2019-10-02T11:06:32+02:00";23;null;null;null;null
"2019-10-02T11:06:33+02:00";null;23;33.5;32.6;16.4
"2019-10-02T11:07:02+02:00";23;null;null;null;null
"2019-10-02T11:07:03+02:00";null;23;33.5;32.7;16.4
"2019-10-02T11:07:32+02:00";23;null;null;null;null
"2019-10-02T11:07:33+02:00";null;22.9;33.5;32.7;16.4
"2019-10-02T11:08:02+02:00";23;null;null;null;null
"2019-10-02T11:08:03+02:00";null;23;33.5;32.7;16.4
"2019-10-02T11:08:32+02:00";23;null;null;null;null
"2019-10-02T11:08:33+02:00";null;23;33.5;32.7;16.4
"2019-10-02T11:09:02+02:00";23;null;null;null;null
"2019-10-02T11:09:03+02:00";null;22.9;33.5;32.8;16.4
"2019-10-02T11:09:32+02:00";23;null;null;null;null
"2019-10-02T11:09:33+02:00";null;23;33.6;32.8;16.4
"2019-10-02T11:10:02+02:00";23;null;null;null;null
"2019-10-02T11:10:03+02:00";null;22.9;33.6;32.7;16.4
"2019-10-02T11:10:32+02:00";23;null;null;null;null
"2019-10-02T11:10:33+02:00";null;23;33.5;32.8;16.4
"2019-10-02T11:11:02+02:00";23;null;null;null;null
"2019-10-02T11:11:03+02:00";null;23;33.6;32.7;16.4
"2019-10-02T11:11:32+02:00";23;null;null;null;null
"2019-10-02T11:11:33+02:00";null;23;33.5;32.8;16.4
"2019-10-02T11:12:02+02:00";23;null;null;null;null
"2019-10-02T11:12:03+02:00";null;22.9;33.6;32.7;16.5
"2019-10-02T11:12:32+02:00";23;null;null;null;null
"2019-10-02T11:12:33+02:00";null;22.9;33.6;32.8;16.4
"2019-10-02T11:13:02+02:00";23;null;null;null;null
"2019-10-02T11:13:03+02:00";null;23;33.7;32.8;16.4
"2019-10-02T11:13:32+02:00";23;null;null;null;null
"2019-10-02T11:13:33+02:00";null;23;33.7;32.8;16.4
"2019-10-02T11:14:02+02:00";23;null;null;null;null
"2019-10-02T11:14:03+02:00";null;23;33.6;32.8;16.4
"2019-10-02T11:14:32+02:00";23;null;null;null;null
"2019-10-02T11:14:33+02:00";null;23;33.6;32.9;16.4
"2019-10-02T11:15:02+02:00";23;null;null;null;null
"2019-10-02T11:15:03+02:00";null;23;33.7;32.9;16.4
"2019-10-02T11:15:32+02:00";23;null;null;null;null
"2019-10-02T11:15:33+02:00";null;23;33.7;32.9;16.4
"2019-10-02T11:16:02+02:00";23;null;null;null;null
"2019-10-02T11:16:03+02:00";null;22.9;33.7;32.8;16.4
"2019-10-02T11:16:32+02:00";23;null;null;null;null
"2019-10-02T11:16:33+02:00";null;23;33.6;32.9;16.3
"2019-10-02T11:17:02+02:00";23;null;null;null;null
"2019-10-02T11:17:03+02:00";null;23;33.6;32.9;16.3
"2019-10-02T11:17:32+02:00";23;null;null;null;null
"2019-10-02T11:17:33+02:00";null;22.9;33.6;32.9;16.3
"2019-10-02T11:18:02+02:00";23;null;null;null;null
"2019-10-02T11:18:03+02:00";null;22.9;33.7;33;16.3
"2019-10-02T11:18:32+02:00";23;null;null;null;null
"2019-10-02T11:18:33+02:00";null;22.9;33.7;33;16.3
"2019-10-02T11:19:02+02:00";23;null;null;null;null
"2019-10-02T11:19:03+02:00";null;22.9;33.7;33;16.4
"2019-10-02T11:19:32+02:00";23;null;null;null;null
"2019-10-02T11:19:33+02:00";null;22.9;33.7;33;16.4
"2019-10-02T11:20:02+02:00";23;null;null;null;null
"2019-10-02T11:20:03+02:00";null;23;33.8;33;16.4
"2019-10-02T11:20:32+02:00";23;null;null;null;null
"2019-10-02T11:20:33+02:00";null;23;33.7;33.1;16.4
"2019-10-02T11:21:02+02:00";23;null;null;null;null
"2019-10-02T11:21:03+02:00";null;23;33.7;33.1;16.4
"2019-10-02T11:21:32+02:00";23;null;null;null;null
"2019-10-02T11:21:33+02:00";null;23;33.7;33.1;16.4
"2019-10-02T11:22:02+02:00";23;null;null;null;null
"2019-10-02T11:22:03+02:00";null;23;33.7;33.1;16.4
"2019-10-02T11:22:32+02:00";23;null;null;null;null
"2019-10-02T11:22:33+02:00";null;23;33.8;33.1;16.4
"2019-10-02T11:23:02+02:00";23;null;null;null;null
"2019-10-02T11:23:03+02:00";null;23;33.8;33.1;16.4
"2019-10-02T11:23:32+02:00";23;null;null;null;null
"2019-10-02T11:23:33+02:00";null;23;33.8;33.1;16.4
"2019-10-02T11:24:02+02:00";23;null;null;null;null
"2019-10-02T11:24:03+02:00";null;22.9;33.8;33.1;16.4
"2019-10-02T11:24:32+02:00";23;null;null;null;null
"2019-10-02T11:24:33+02:00";null;23;33.8;33.1;16.4
"2019-10-02T11:25:02+02:00";23;null;null;null;null
"2019-10-02T11:25:03+02:00";null;23;33.8;33.1;16.4
"2019-10-02T11:25:32+02:00";23;null;null;null;null
"2019-10-02T11:25:33+02:00";null;23;33.8;33.1;16.4
"2019-10-02T11:26:02+02:00";23;null;null;null;null
"2019-10-02T11:26:03+02:00";null;23;33.7;33.1;16.5
"2019-10-02T11:26:32+02:00";23;null;null;null;null
"2019-10-02T11:26:33+02:00";null;23;33.7;33.1;16.5
"2019-10-02T11:27:02+02:00";23;null;null;null;null
"2019-10-02T11:27:03+02:00";null;23;33.7;33.1;16.5
"2019-10-02T11:27:32+02:00";23;null;null;null;null
"2019-10-02T11:27:33+02:00";null;23;33.8;33.1;16.5
"2019-10-02T11:28:02+02:00";23;null;null;null;null
"2019-10-02T11:28:03+02:00";null;23;33.8;33.1;16.5
"2019-10-02T11:28:32+02:00";23;null;null;null;null
"2019-10-02T11:28:33+02:00";null;23;33.9;33.1;16.5
"2019-10-02T11:29:02+02:00";23;null;null;null;null
"2019-10-02T11:29:03+02:00";null;23;33.8;33.1;16.5
"2019-10-02T11:29:32+02:00";23;null;null;null;null
"2019-10-02T11:29:33+02:00";null;23;33.7;33.1;16.5
"2019-10-02T11:30:02+02:00";23;null;null;null;null
"2019-10-02T11:30:03+02:00";null;22.9;33.8;33.1;16.5
"2019-10-02T11:30:32+02:00";23;null;null;null;null
"2019-10-02T11:30:33+02:00";null;22.9;33.8;33.1;16.5
"2019-10-02T11:31:02+02:00";23;null;null;null;null
"2019-10-02T11:31:03+02:00";null;23;33.8;33.1;16.5
"2019-10-02T11:31:32+02:00";23;null;null;null;null
"2019-10-02T11:31:33+02:00";null;22.9;33.7;33.1;16.4
"2019-10-02T11:32:02+02:00";23;null;null;null;null
"2019-10-02T11:32:03+02:00";null;23;33.8;33.1;16.4
"2019-10-02T11:32:32+02:00";23;null;null;null;null
"2019-10-02T11:32:33+02:00";null;23;33.8;33.1;16.4
"2019-10-02T11:33:02+02:00";23;null;null;null;null
"2019-10-02T11:33:03+02:00";null;23;33.7;33.1;16.3
"2019-10-02T11:33:32+02:00";23;null;null;null;null
"2019-10-02T11:33:33+02:00";null;23;33.7;33.1;16.3
"2019-10-02T11:34:02+02:00";23;null;null;null;null
"2019-10-02T11:34:03+02:00";null;22.9;33.8;33.1;16.3
"2019-10-02T11:34:32+02:00";23;null;null;null;null
"2019-10-02T11:34:33+02:00";null;22.9;33.8;33.1;16.3
"2019-10-02T11:35:02+02:00";23;null;null;null;null
"2019-10-02T11:35:03+02:00";null;22.9;33.7;33.1;16.3
"2019-10-02T11:35:32+02:00";23;null;null;null;null
"2019-10-02T11:35:33+02:00";null;22.9;33.8;33.1;16.3
"2019-10-02T11:36:02+02:00";23;null;null;null;null
"2019-10-02T11:36:03+02:00";null;22.9;33.9;33.1;16.3
"2019-10-02T11:36:32+02:00";23;null;null;null;null
"2019-10-02T11:36:33+02:00";null;22.9;33.8;33.1;16.3
"2019-10-02T11:37:02+02:00";23;null;null;null;null
"2019-10-02T11:37:03+02:00";null;22.9;33.8;33.1;16.4
"2019-10-02T11:37:32+02:00";23;null;null;null;null
"2019-10-02T11:37:33+02:00";null;23;33.9;33.1;16.4
"2019-10-02T11:38:02+02:00";23;null;null;null;null
"2019-10-02T11:38:03+02:00";null;23;34;33.1;16.4
"2019-10-02T11:38:32+02:00";23;null;null;null;null
"2019-10-02T11:38:33+02:00";null;23;34;33.1;16.4
"2019-10-02T11:39:02+02:00";23;null;null;null;null
"2019-10-02T11:39:03+02:00";null;23;33.9;33.1;16.4
"2019-10-02T11:39:32+02:00";23;null;null;null;null
"2019-10-02T11:39:33+02:00";null;23;33.9;33.1;16.4
"2019-10-02T11:40:02+02:00";23;null;null;null;null
"2019-10-02T11:40:03+02:00";null;23;33.9;33.1;16.4
"2019-10-02T11:40:32+02:00";23;null;null;null;null
"2019-10-02T11:40:33+02:00";null;23;33.8;33.1;16.4
"2019-10-02T11:41:02+02:00";23;null;null;null;null
"2019-10-02T11:41:03+02:00";null;23;33.8;33.1;16.5
"2019-10-02T11:41:32+02:00";23;null;null;null;null
"2019-10-02T11:41:33+02:00";null;23;33.8;33.1;16.5
"2019-10-02T11:42:02+02:00";23;null;null;null;null
"2019-10-02T11:42:03+02:00";null;22.9;33.8;33.1;16.5
"2019-10-02T11:42:32+02:00";23;null;null;null;null
"2019-10-02T11:42:33+02:00";null;23;33.7;33.1;16.5
"2019-10-02T11:43:02+02:00";23;null;null;null;null
"2019-10-02T11:43:03+02:00";null;23;33.7;33.1;16.5
"2019-10-02T11:43:32+02:00";23;null;null;null;null
"2019-10-02T11:43:33+02:00";null;23;33.8;33.1;16.5
"2019-10-02T11:44:02+02:00";23;null;null;null;null
"2019-10-02T11:44:03+02:00";null;22.9;33.9;33.1;16.5
"2019-10-02T11:44:32+02:00";23;null;null;null;null
"2019-10-02T11:44:33+02:00";null;23;33.9;33.1;16.5
"2019-10-02T11:45:02+02:00";23;null;null;null;null
"2019-10-02T11:45:03+02:00";null;23;33.8;33.1;16.5
"2019-10-02T11:45:32+02:00";23;null;null;null;null
"2019-10-02T11:45:33+02:00";null;22.9;33.8;33.2;16.5
"2019-10-02T11:46:02+02:00";23;null;null;null;null
"2019-10-02T11:46:03+02:00";null;23;33.9;33.1;16.5
"2019-10-02T11:46:32+02:00";23;null;null;null;null
"2019-10-02T11:46:33+02:00";null;23;33.9;33.2;16.5
"2019-10-02T11:47:02+02:00";23;null;null;null;null
"2019-10-02T11:47:03+02:00";null;23;33.9;33.2;16.5
"2019-10-02T11:47:32+02:00";23;null;null;null;null
"2019-10-02T11:47:33+02:00";null;23;33.9;33.2;16.5
"2019-10-02T11:48:02+02:00";23;null;null;null;null
"2019-10-02T11:48:03+02:00";null;23;33.9;33.2;16.5
"2019-10-02T11:48:32+02:00";23;null;null;null;null
"2019-10-02T11:48:33+02:00";null;23;33.9;33.2;16.4
"2019-10-02T11:49:02+02:00";23;null;null;null;null
"2019-10-02T11:49:03+02:00";null;22.9;33.8;33.2;16.4
"2019-10-02T11:49:32+02:00";23;null;null;null;null
"2019-10-02T11:49:33+02:00";null;23;33.8;33.1;16.4
"2019-10-02T11:50:02+02:00";23;null;null;null;null
"2019-10-02T11:50:03+02:00";null;22.9;33.8;33.1;16.3
"2019-10-02T11:50:32+02:00";23;null;null;null;null
"2019-10-02T11:50:33+02:00";null;22.9;33.9;33.1;16.3
"2019-10-02T11:51:02+02:00";23;null;null;null;null
"2019-10-02T11:51:03+02:00";null;22.9;33.9;33.2;16.3
"2019-10-02T11:51:32+02:00";23;null;null;null;null
"2019-10-02T11:51:33+02:00";null;23;33.9;33.2;16.3
"2019-10-02T11:52:02+02:00";23;null;null;null;null
"2019-10-02T11:52:03+02:00";null;23;33.9;33.1;16.3
"2019-10-02T11:52:32+02:00";23;null;null;null;null
"2019-10-02T11:52:33+02:00";null;22.9;33.8;33.1;16.3
"2019-10-02T11:53:02+02:00";23;null;null;null;null
"2019-10-02T11:53:03+02:00";null;22.9;33.9;33.2;16.3
"2019-10-02T11:53:32+02:00";23;null;null;null;null
"2019-10-02T11:53:33+02:00";null;23;34;33.3;16.3
"2019-10-02T11:54:02+02:00";23;null;null;null;null
"2019-10-02T11:54:03+02:00";null;22.9;34.1;33.4;16.3
"2019-10-02T11:54:32+02:00";23;null;null;null;null
"2019-10-02T11:54:33+02:00";null;22.9;34.3;33.6;16.3
"2019-10-02T11:55:02+02:00";23;null;null;null;null
"2019-10-02T11:55:03+02:00";null;23;34.5;33.7;16.3
"2019-10-02T11:55:32+02:00";23;null;null;null;null
"2019-10-02T11:55:33+02:00";null;23;34.5;33.9;16.3
"2019-10-02T11:56:02+02:00";23;null;null;null;null
"2019-10-02T11:56:03+02:00";null;23;34.6;34;16.4
"2019-10-02T11:56:32+02:00";23;null;null;null;null
"2019-10-02T11:56:33+02:00";null;23;34.7;34;16.4
"2019-10-02T11:57:02+02:00";23;null;null;null;null
"2019-10-02T11:57:03+02:00";null;23;34.7;34.1;16.5
"2019-10-02T11:57:32+02:00";23;null;null;null;null
"2019-10-02T11:57:33+02:00";null;23;34.7;34.2;16.5
"2019-10-02T11:58:02+02:00";23;null;null;null;null
"2019-10-02T11:58:03+02:00";null;23;34.8;34.3;16.6
"2019-10-02T11:58:32+02:00";23;null;null;null;null
"2019-10-02T11:58:33+02:00";null;23;35;34.3;16.6
"2019-10-02T11:59:02+02:00";23;null;null;null;null
"2019-10-02T11:59:03+02:00";null;23;35.1;34.4;16.6
"2019-10-02T11:59:32+02:00";23;null;null;null;null
"2019-10-02T11:59:33+02:00";null;23;35.1;34.4;16.6
"2019-10-02T12:00:02+02:00";23;null;null;null;null
"2019-10-02T12:00:03+02:00";null;23;35.1;34.5;16.6
"2019-10-02T12:00:32+02:00";23;null;null;null;null
"2019-10-02T12:00:33+02:00";null;22.9;35;34.5;16.6
"2019-10-02T12:01:02+02:00";23;null;null;null;null
"2019-10-02T12:01:03+02:00";null;22.9;35.1;34.6;16.6
"2019-10-02T12:01:32+02:00";23;null;null;null;null
"2019-10-02T12:01:33+02:00";null;23;35.2;34.7;16.6
"2019-10-02T12:02:02+02:00";23;null;null;null;null
"2019-10-02T12:02:03+02:00";null;23;35.1;34.7;16.6
"2019-10-02T12:02:32+02:00";23;null;null;null;null
"2019-10-02T12:02:33+02:00";null;23;35.2;34.7;16.6
"2019-10-02T12:03:02+02:00";23;null;null;null;null
"2019-10-02T12:03:03+02:00";null;23;35.2;34.7;16.6
"2019-10-02T12:03:32+02:00";23;null;null;null;null
"2019-10-02T12:03:33+02:00";null;23;35.3;34.8;16.6
"2019-10-02T12:04:02+02:00";23;null;null;null;null
"2019-10-02T12:04:03+02:00";null;23;35.4;34.8;16.5
"2019-10-02T12:04:32+02:00";23;null;null;null;null
"2019-10-02T12:04:33+02:00";null;23;35.4;34.9;16.5
"2019-10-02T12:05:02+02:00";23;null;null;null;null
"2019-10-02T12:05:03+02:00";null;23;35.5;35;16.5
"2019-10-02T12:05:32+02:00";23;null;null;null;null
"2019-10-02T12:05:33+02:00";null;23;35.5;35;16.5
"2019-10-02T12:06:02+02:00";23;null;null;null;null
"2019-10-02T12:06:03+02:00";null;23;35.5;35;16.5
"2019-10-02T12:06:32+02:00";23;null;null;null;null
"2019-10-02T12:06:33+02:00";null;23;35.5;35;16.5
"2019-10-02T12:07:02+02:00";23;null;null;null;null
"2019-10-02T12:07:03+02:00";null;23;35.6;35;16.5
"2019-10-02T12:07:32+02:00";23;null;null;null;null
"2019-10-02T12:07:33+02:00";null;22.9;35.7;35.1;16.5
"2019-10-02T12:08:02+02:00";23;null;null;null;null
"2019-10-02T12:08:03+02:00";null;22.9;35.8;35.1;16.5
"2019-10-02T12:08:32+02:00";23;null;null;null;null
"2019-10-02T12:08:33+02:00";null;22.9;35.8;35.1;16.5
"2019-10-02T12:09:02+02:00";23;null;null;null;null
"2019-10-02T12:09:03+02:00";null;23;35.8;35.2;16.5
"2019-10-02T12:09:32+02:00";23;null;null;null;null
"2019-10-02T12:09:33+02:00";null;23;35.8;35.2;16.5
"2019-10-02T12:10:02+02:00";23;null;null;null;null
"2019-10-02T12:10:03+02:00";null;22.9;35.7;35.2;16.5
"2019-10-02T12:10:32+02:00";23;null;null;null;null
"2019-10-02T12:10:33+02:00";null;23;35.7;35.2;16.5
"2019-10-02T12:11:02+02:00";23;null;null;null;null
"2019-10-02T12:11:03+02:00";null;23;35.8;35.2;16.5
"2019-10-02T12:11:32+02:00";23;null;null;null;null
"2019-10-02T12:11:33+02:00";null;22.9;35.8;35.2;16.5
"2019-10-02T12:12:02+02:00";23;null;null;null;null
"2019-10-02T12:12:03+02:00";null;23;35.8;35.2;16.5
"2019-10-02T12:12:32+02:00";23;null;null;null;null
"2019-10-02T12:12:33+02:00";null;22.9;35.8;35.3;16.5
"2019-10-02T12:13:02+02:00";23;null;null;null;null
"2019-10-02T12:13:03+02:00";null;22.9;35.8;35.4;16.5
"2019-10-02T12:13:32+02:00";23;null;null;null;null
"2019-10-02T12:13:33+02:00";null;22.9;35.8;35.4;16.5
"2019-10-02T12:14:02+02:00";23;null;null;null;null
"2019-10-02T12:14:03+02:00";null;23;36;35.4;16.5
"2019-10-02T12:14:32+02:00";23;null;null;null;null
"2019-10-02T12:14:33+02:00";null;23;36;35.4;16.5
"2019-10-02T12:15:02+02:00";23;null;null;null;null
"2019-10-02T12:15:03+02:00";null;23;35.9;35.4;16.6
"2019-10-02T12:15:32+02:00";23;null;null;null;null
"2019-10-02T12:15:33+02:00";null;23;35.9;35.4;16.6
"2019-10-02T12:16:02+02:00";23;null;null;null;null
"2019-10-02T12:16:03+02:00";null;22.9;36;35.4;16.6
"2019-10-02T12:16:32+02:00";23;null;null;null;null
"2019-10-02T12:16:33+02:00";null;22.9;36;35.4;16.6
"2019-10-02T12:17:02+02:00";23;null;null;null;null
"2019-10-02T12:17:03+02:00";null;22.9;36.1;35.5;16.6
"2019-10-02T12:17:32+02:00";23;null;null;null;null
"2019-10-02T12:17:33+02:00";null;23;36.1;35.5;16.7
"2019-10-02T12:18:02+02:00";23;null;null;null;null
"2019-10-02T12:18:03+02:00";null;22.9;36.1;35.5;16.6
"2019-10-02T12:18:32+02:00";23;null;null;null;null
"2019-10-02T12:18:33+02:00";null;23;36.1;35.4;16.6
"2019-10-02T12:19:02+02:00";23;null;null;null;null
"2019-10-02T12:19:03+02:00";null;23;36;35.4;16.6
"2019-10-02T12:19:32+02:00";23;null;null;null;null
"2019-10-02T12:19:33+02:00";null;23;36;35.5;16.6
"2019-10-02T12:20:02+02:00";23;null;null;null;null
"2019-10-02T12:20:03+02:00";null;23;36;35.5;16.6
"2019-10-02T12:20:32+02:00";23;null;null;null;null
"2019-10-02T12:20:33+02:00";null;23;36.1;35.4;16.6
"2019-10-02T12:21:02+02:00";23;null;null;null;null
"2019-10-02T12:21:03+02:00";null;22.9;36.1;35.5;16.6
"2019-10-02T12:21:32+02:00";23;null;null;null;null
"2019-10-02T12:21:33+02:00";null;23;36;35.5;16.6
"2019-10-02T12:22:02+02:00";23;null;null;null;null
"2019-10-02T12:22:03+02:00";null;23;35.9;35.5;16.5
"2019-10-02T12:22:32+02:00";23;null;null;null;null
"2019-10-02T12:22:33+02:00";null;22.9;36;35.5;16.5
"2019-10-02T12:23:02+02:00";23;null;null;null;null
"2019-10-02T12:23:03+02:00";null;23;36;35.5;16.5
"2019-10-02T12:23:32+02:00";23;null;null;null;null
"2019-10-02T12:23:33+02:00";null;22.9;36;35.5;16.5
"2019-10-02T12:24:02+02:00";23;null;null;null;null
"2019-10-02T12:24:03+02:00";null;22.9;36.1;35.5;16.5
"2019-10-02T12:24:32+02:00";23;null;null;null;null
"2019-10-02T12:24:33+02:00";null;22.9;36;35.5;16.5
"2019-10-02T12:25:02+02:00";23;null;null;null;null
"2019-10-02T12:25:03+02:00";null;23;36;35.5;16.5
"2019-10-02T12:25:32+02:00";23;null;null;null;null
"2019-10-02T12:25:33+02:00";null;23;36;35.5;16.5
"2019-10-02T12:26:02+02:00";23;null;null;null;null
"2019-10-02T12:26:03+02:00";null;23;36;35.5;16.5
"2019-10-02T12:26:32+02:00";23;null;null;null;null
"2019-10-02T12:26:33+02:00";null;23;36;35.6;16.4
"2019-10-02T12:27:02+02:00";23;null;null;null;null
"2019-10-02T12:27:03+02:00";null;23;35.9;35.6;16.4
"2019-10-02T12:27:32+02:00";23;null;null;null;null
"2019-10-02T12:27:33+02:00";null;23;35.9;35.5;16.4
"2019-10-02T12:28:02+02:00";23;null;null;null;null
"2019-10-02T12:28:03+02:00";null;23;35.9;35.5;16.4
"2019-10-02T12:28:32+02:00";23;null;null;null;null
"2019-10-02T12:28:33+02:00";null;22.9;36;35.5;16.4
"2019-10-02T12:29:02+02:00";23;null;null;null;null
"2019-10-02T12:29:03+02:00";null;23;35.9;35.5;16.4
"2019-10-02T12:29:32+02:00";23;null;null;null;null
"2019-10-02T12:29:33+02:00";null;23;36;35.6;16.5
"2019-10-02T12:30:02+02:00";23;null;null;null;null
"2019-10-02T12:30:03+02:00";null;23;36;35.5;16.5
"2019-10-02T12:30:32+02:00";23;null;null;null;null
"2019-10-02T12:30:33+02:00";null;23;36;35.5;16.5
"2019-10-02T12:31:02+02:00";23;null;null;null;null
"2019-10-02T12:31:03+02:00";null;23;36;35.5;16.5
"2019-10-02T12:31:32+02:00";23;null;null;null;null
"2019-10-02T12:31:33+02:00";null;22.9;36.1;35.6;16.5
"2019-10-02T12:32:02+02:00";23;null;null;null;null
"2019-10-02T12:32:03+02:00";null;23;36;35.6;16.5
"2019-10-02T12:32:32+02:00";23;null;null;null;null
"2019-10-02T12:32:33+02:00";null;23;36.1;35.6;16.5
"2019-10-02T12:33:02+02:00";23;null;null;null;null
"2019-10-02T12:33:03+02:00";null;23;36.2;35.7;16.6
"2019-10-02T12:33:32+02:00";23;null;null;null;null
"2019-10-02T12:33:33+02:00";null;23;36.1;35.6;16.6
"2019-10-02T12:34:02+02:00";23;null;null;null;null
"2019-10-02T12:34:03+02:00";null;23;36.2;35.7;16.6
"2019-10-02T12:34:32+02:00";23;null;null;null;null
"2019-10-02T12:34:33+02:00";null;23;36.1;35.6;16.7
"2019-10-02T12:35:02+02:00";23;null;null;null;null
"2019-10-02T12:35:03+02:00";null;23;36.1;35.7;16.7
"2019-10-02T12:35:32+02:00";23;null;null;null;null
"2019-10-02T12:35:33+02:00";null;22.9;36.1;35.7;16.7
"2019-10-02T12:36:02+02:00";23;null;null;null;null
"2019-10-02T12:36:03+02:00";null;22.9;36.1;35.7;16.7
"2019-10-02T12:36:32+02:00";23;null;null;null;null
"2019-10-02T12:36:33+02:00";null;22.9;36.1;35.7;16.6
"2019-10-02T12:37:02+02:00";23;null;null;null;null
"2019-10-02T12:37:03+02:00";null;23;36.1;35.6;16.6
"2019-10-02T12:37:32+02:00";23;null;null;null;null
"2019-10-02T12:37:33+02:00";null;23;36.1;35.6;16.6
"2019-10-02T12:38:02+02:00";23;null;null;null;null
"2019-10-02T12:38:03+02:00";null;22.9;36.1;35.7;16.6
"2019-10-02T12:38:32+02:00";23;null;null;null;null
"2019-10-02T12:38:33+02:00";null;23;36.2;35.7;16.6
"2019-10-02T12:39:02+02:00";23;null;null;null;null
"2019-10-02T12:39:03+02:00";null;23;36;35.7;16.6
"2019-10-02T12:39:32+02:00";23;null;null;null;null
"2019-10-02T12:39:33+02:00";null;23;36.1;35.7;16.6
"2019-10-02T12:40:02+02:00";23;null;null;null;null
"2019-10-02T12:40:03+02:00";null;23;36;35.6;16.5
"2019-10-02T12:40:32+02:00";23;null;null;null;null
"2019-10-02T12:40:33+02:00";null;23;36.1;35.7;16.5
"2019-10-02T12:41:02+02:00";23;null;null;null;null
"2019-10-02T12:41:03+02:00";null;22.9;36.1;35.6;16.5
"2019-10-02T12:41:32+02:00";23;null;null;null;null
"2019-10-02T12:41:33+02:00";null;22.9;36.2;35.7;16.5
"2019-10-02T12:42:02+02:00";23;null;null;null;null
"2019-10-02T12:42:03+02:00";null;23;36.2;35.7;16.5
"2019-10-02T12:42:32+02:00";23;null;null;null;null
"2019-10-02T12:42:33+02:00";null;23;36.2;35.7;16.5
"2019-10-02T12:43:02+02:00";23;null;null;null;null
"2019-10-02T12:43:03+02:00";null;23;36.1;35.7;16.5
"2019-10-02T12:43:32+02:00";23;null;null;null;null
"2019-10-02T12:43:33+02:00";null;23;36.1;35.7;16.5
"2019-10-02T12:44:02+02:00";23;null;null;null;null
"2019-10-02T12:44:03+02:00";null;23;36.3;35.7;16.5
"2019-10-02T12:44:32+02:00";23;null;null;null;null
"2019-10-02T12:44:33+02:00";null;23;36.1;35.6;16.5
"2019-10-02T12:45:02+02:00";23;null;null;null;null
"2019-10-02T12:45:03+02:00";null;23;36;35.6;16.5
"2019-10-02T12:45:32+02:00";23;null;null;null;null
"2019-10-02T12:45:33+02:00";null;23;36.1;35.7;16.5
"2019-10-02T12:46:02+02:00";23;null;null;null;null
"2019-10-02T12:46:03+02:00";null;23;36.2;35.7;16.4
"2019-10-02T12:46:32+02:00";23;null;null;null;null
"2019-10-02T12:46:33+02:00";null;23;36.3;35.7;16.4
"2019-10-02T12:47:02+02:00";23;null;null;null;null
"2019-10-02T12:47:03+02:00";null;23;36.2;35.7;16.4
"2019-10-02T12:47:32+02:00";23;null;null;null;null
"2019-10-02T12:47:33+02:00";null;23;36.2;35.7;16.4
"2019-10-02T12:48:02+02:00";23;null;null;null;null
"2019-10-02T12:48:03+02:00";null;23;36.2;35.7;16.5
"2019-10-02T12:48:32+02:00";23;null;null;null;null
"2019-10-02T12:48:33+02:00";null;22.9;36.2;35.7;16.5
"2019-10-02T12:49:02+02:00";23;null;null;null;null
"2019-10-02T12:49:03+02:00";null;23;36.2;35.7;16.5
"2019-10-02T12:49:32+02:00";23;null;null;null;null
"2019-10-02T12:49:33+02:00";null;23;36.3;35.8;16.5
"2019-10-02T12:50:02+02:00";23;null;null;null;null
"2019-10-02T12:50:03+02:00";null;23;36.3;35.7;16.5
"2019-10-02T12:50:32+02:00";23;null;null;null;null
"2019-10-02T12:50:33+02:00";null;23;36.3;35.7;16.5
"2019-10-02T12:51:02+02:00";23;null;null;null;null
"2019-10-02T12:51:03+02:00";null;23;36.3;35.7;16.5
"2019-10-02T12:51:32+02:00";23;null;null;null;null
"2019-10-02T12:51:33+02:00";null;23;36.3;35.7;16.5
"2019-10-02T12:52:02+02:00";23;null;null;null;null
"2019-10-02T12:52:03+02:00";null;23;36.3;35.7;16.5
"2019-10-02T12:52:32+02:00";23;null;null;null;null
"2019-10-02T12:52:33+02:00";null;23;36.3;35.8;16.6
"2019-10-02T12:53:02+02:00";23;null;null;null;null
"2019-10-02T12:53:03+02:00";null;23;36.3;35.8;16.6
"2019-10-02T12:53:32+02:00";23;null;null;null;null
"2019-10-02T12:53:33+02:00";null;23;36.3;35.8;16.6
"2019-10-02T12:54:02+02:00";23;null;null;null;null
"2019-10-02T12:54:03+02:00";null;23;36.2;35.7;16.6
"2019-10-02T12:54:32+02:00";23;null;null;null;null
"2019-10-02T12:54:33+02:00";null;23;36.1;35.7;16.7
"2019-10-02T12:55:02+02:00";23;null;null;null;null
"2019-10-02T12:55:03+02:00";null;22.9;36.1;35.7;16.7
"2019-10-02T12:55:32+02:00";23;null;null;null;null
"2019-10-02T12:55:33+02:00";null;22.9;36.2;35.7;16.7
"2019-10-02T12:56:02+02:00";23;null;null;null;null
"2019-10-02T12:56:03+02:00";null;22.9;36.3;35.8;16.7
"2019-10-02T12:56:32+02:00";23;null;null;null;null
"2019-10-02T12:56:33+02:00";null;23;36.4;35.8;16.7
"2019-10-02T12:57:02+02:00";23;null;null;null;null
"2019-10-02T12:57:03+02:00";null;23;36.3;35.8;16.6
"2019-10-02T12:57:32+02:00";23;null;null;null;null
"2019-10-02T12:57:33+02:00";null;23;36.3;35.8;16.6
"2019-10-02T12:58:02+02:00";23;null;null;null;null
"2019-10-02T12:58:03+02:00";null;23;36.4;35.8;16.6
"2019-10-02T12:58:32+02:00";23;null;null;null;null
"2019-10-02T12:58:33+02:00";null;23;36.3;35.8;16.6
"2019-10-02T12:59:02+02:00";23;null;null;null;null
"2019-10-02T12:59:03+02:00";null;23;36.3;35.8;16.6
"2019-10-02T12:59:32+02:00";23;null;null;null;null
"2019-10-02T12:59:33+02:00";null;23;36.1;35.8;16.6
"2019-10-02T13:00:02+02:00";23;null;null;null;null
"2019-10-02T13:00:03+02:00";null;23;36.3;35.8;16.6
"2019-10-02T13:00:32+02:00";23;null;null;null;null
"2019-10-02T13:00:33+02:00";null;23;36.3;35.8;16.6
"2019-10-02T13:01:02+02:00";23;null;null;null;null
"2019-10-02T13:01:03+02:00";null;23;36.3;35.8;16.6
"2019-10-02T13:01:32+02:00";23;null;null;null;null
"2019-10-02T13:01:33+02:00";null;22.9;36.2;35.8;16.5
"2019-10-02T13:02:02+02:00";23;null;null;null;null
"2019-10-02T13:02:03+02:00";null;23;36.2;35.8;16.5
"2019-10-02T13:02:32+02:00";23;null;null;null;null
"2019-10-02T13:02:33+02:00";null;23;36.2;35.8;16.6
"2019-10-02T13:03:02+02:00";23;null;null;null;null
"2019-10-02T13:03:03+02:00";null;23;36.3;35.8;16.5
"2019-10-02T13:03:32+02:00";23;null;null;null;null
"2019-10-02T13:03:33+02:00";null;22.9;36.4;35.8;16.5
"2019-10-02T13:04:02+02:00";23;null;null;null;null
"2019-10-02T13:04:03+02:00";null;22.9;36.5;35.8;16.5
"2019-10-02T13:04:32+02:00";23;null;null;null;null
"2019-10-02T13:04:33+02:00";null;23;36.4;35.8;16.5
"2019-10-02T13:05:02+02:00";23;null;null;null;null
"2019-10-02T13:05:03+02:00";null;22.9;36.3;35.8;16.5
"2019-10-02T13:05:32+02:00";23;null;null;null;null
"2019-10-02T13:05:33+02:00";null;22.9;36.4;35.8;16.5
"2019-10-02T13:06:02+02:00";23;null;null;null;null
"2019-10-02T13:06:03+02:00";null;22.9;36.4;35.8;16.5
"2019-10-02T13:06:32+02:00";23;null;null;null;null
"2019-10-02T13:06:33+02:00";null;23;36.3;35.8;16.5
"2019-10-02T13:07:02+02:00";23;null;null;null;null
"2019-10-02T13:07:03+02:00";null;23;36.5;35.9;16.5
"2019-10-02T13:07:32+02:00";23;null;null;null;null
"2019-10-02T13:07:33+02:00";null;23;36.5;35.9;16.4
"2019-10-02T13:08:02+02:00";23;null;null;null;null
"2019-10-02T13:08:03+02:00";null;23;36.5;35.9;16.4
"2019-10-02T13:08:32+02:00";23;null;null;null;null
"2019-10-02T13:08:33+02:00";null;23;36.4;35.8;16.5
"2019-10-02T13:09:02+02:00";23;null;null;null;null
"2019-10-02T13:09:03+02:00";null;23;36.5;35.8;16.5
"2019-10-02T13:09:32+02:00";23;null;null;null;null
"2019-10-02T13:09:33+02:00";null;22.9;36.5;35.8;16.5
"2019-10-02T13:10:02+02:00";23;null;null;null;null
"2019-10-02T13:10:03+02:00";null;23;36.6;35.9;16.5
"2019-10-02T13:10:32+02:00";23;null;null;null;null
"2019-10-02T13:10:33+02:00";null;23;36.5;35.8;16.5
"2019-10-02T13:11:02+02:00";23;null;null;null;null
"2019-10-02T13:11:03+02:00";null;23;36.4;35.9;16.5
"2019-10-02T13:11:32+02:00";23;null;null;null;null
"2019-10-02T13:11:33+02:00";null;23;36.3;35.8;16.5
"2019-10-02T13:12:02+02:00";23;null;null;null;null
"2019-10-02T13:12:03+02:00";null;22.9;36.4;35.8;16.5
"2019-10-02T13:12:32+02:00";23;null;null;null;null
"2019-10-02T13:12:33+02:00";null;22.9;36.5;35.8;16.5
"2019-10-02T13:13:02+02:00";23;null;null;null;null
"2019-10-02T13:13:03+02:00";null;23;36.5;35.9;16.5
"2019-10-02T13:13:32+02:00";23;null;null;null;null
"2019-10-02T13:13:33+02:00";null;23;36.5;35.8;16.5
"2019-10-02T13:14:02+02:00";23;null;null;null;null
"2019-10-02T13:14:03+02:00";null;23;36.3;35.9;16.6
"2019-10-02T13:14:32+02:00";23;null;null;null;null
"2019-10-02T13:14:33+02:00";null;23;36.3;35.8;16.6
"2019-10-02T13:15:02+02:00";23;null;null;null;null
"2019-10-02T13:15:03+02:00";null;22.9;36.4;35.8;16.6
"2019-10-02T13:15:32+02:00";23;null;null;null;null
"2019-10-02T13:15:33+02:00";null;22.9;36.4;35.8;16.6
"2019-10-02T13:16:02+02:00";23;null;null;null;null
"2019-10-02T13:16:03+02:00";null;23;36.5;35.8;16.6
"2019-10-02T13:16:32+02:00";23;null;null;null;null
"2019-10-02T13:16:33+02:00";null;23;36.3;35.8;16.7
"2019-10-02T13:17:02+02:00";23;null;null;null;null
"2019-10-02T13:17:03+02:00";null;22.9;36.3;35.8;16.7
"2019-10-02T13:17:32+02:00";23;null;null;null;null
"2019-10-02T13:17:33+02:00";null;22.9;36.4;35.8;16.7
"2019-10-02T13:18:02+02:00";23;null;null;null;null
"2019-10-02T13:18:03+02:00";null;23;36.4;35.9;16.7
"2019-10-02T13:18:32+02:00";23;null;null;null;null
"2019-10-02T13:18:33+02:00";null;22.9;36.5;35.9;16.7
"2019-10-02T13:19:02+02:00";23;null;null;null;null
"2019-10-02T13:19:03+02:00";null;23;36.6;35.9;16.7
"2019-10-02T13:19:32+02:00";23;null;null;null;null
"2019-10-02T13:19:33+02:00";null;23;36.5;35.8;16.7
"2019-10-02T13:20:02+02:00";23;null;null;null;null
"2019-10-02T13:20:03+02:00";null;23;36.5;35.9;16.6
"2019-10-02T13:20:32+02:00";23;null;null;null;null
"2019-10-02T13:20:33+02:00";null;23;36.5;35.9;16.6
"2019-10-02T13:21:02+02:00";23;null;null;null;null
"2019-10-02T13:21:03+02:00";null;22.9;36.4;35.8;16.6
"2019-10-02T13:21:32+02:00";23;null;null;null;null
"2019-10-02T13:21:33+02:00";null;23;36.4;35.8;16.6
"2019-10-02T13:22:02+02:00";23;null;null;null;null
"2019-10-02T13:22:03+02:00";null;22.9;36.4;35.8;16.6
"2019-10-02T13:22:32+02:00";23;null;null;null;null
"2019-10-02T13:22:33+02:00";null;23;36.3;35.8;16.6
"2019-10-02T13:23:02+02:00";23;null;null;null;null
"2019-10-02T13:23:03+02:00";null;23;36.4;35.8;16.6
"2019-10-02T13:23:32+02:00";23;null;null;null;null
"2019-10-02T13:23:33+02:00";null;23;36.4;35.8;16.6
"2019-10-02T13:24:02+02:00";23;null;null;null;null
"2019-10-02T13:24:03+02:00";null;23;36.5;35.9;16.6
"2019-10-02T13:24:32+02:00";23;null;null;null;null
"2019-10-02T13:24:33+02:00";null;23;36.5;36;16.6
"2019-10-02T13:25:02+02:00";23;null;null;null;null
"2019-10-02T13:25:03+02:00";null;23;36.6;36.1;16.6
"2019-10-02T13:25:32+02:00";23;null;null;null;null
"2019-10-02T13:25:33+02:00";null;23;36.6;36.1;16.6
"2019-10-02T13:26:02+02:00";23;null;null;null;null
"2019-10-02T13:26:03+02:00";null;23;36.9;36.2;16.6
"2019-10-02T13:26:32+02:00";23;null;null;null;null
"2019-10-02T13:26:33+02:00";null;23;37;36.3;16.6
"2019-10-02T13:27:02+02:00";23;null;null;null;null
"2019-10-02T13:27:03+02:00";null;23;37;36.3;16.6
"2019-10-02T13:27:32+02:00";23;null;null;null;null
"2019-10-02T13:27:33+02:00";null;23;37.1;36.4;16.6
"2019-10-02T13:28:02+02:00";23;null;null;null;null
"2019-10-02T13:28:03+02:00";null;23;37.1;36.5;16.6
"2019-10-02T13:28:32+02:00";23;null;null;null;null
"2019-10-02T13:28:33+02:00";null;23;37.2;36.5;16.6
"2019-10-02T13:29:02+02:00";23;null;null;null;null
"2019-10-02T13:29:03+02:00";null;23;37.1;36.5;16.6
"2019-10-02T13:29:32+02:00";23;null;null;null;null
"2019-10-02T13:29:33+02:00";null;23;37;36.5;16.6
"2019-10-02T13:30:02+02:00";23;null;null;null;null
"2019-10-02T13:30:03+02:00";null;23;37.1;36.6;16.7
"2019-10-02T13:30:32+02:00";23;null;null;null;null
"2019-10-02T13:30:33+02:00";null;22.9;37.2;36.6;16.6
"2019-10-02T13:31:02+02:00";23;null;null;null;null
"2019-10-02T13:31:03+02:00";null;22.9;37.3;36.6;16.6
"2019-10-02T13:31:32+02:00";23;null;null;null;null
"2019-10-02T13:31:33+02:00";null;23;37.3;36.6;16.6
"2019-10-02T13:32:02+02:00";23;null;null;null;null
"2019-10-02T13:32:03+02:00";null;22.9;37.3;36.6;16.6
"2019-10-02T13:32:32+02:00";23;null;null;null;null
"2019-10-02T13:32:33+02:00";null;23;37.4;36.7;16.6
"2019-10-02T13:33:02+02:00";23;null;null;null;null
"2019-10-02T13:33:03+02:00";null;23;37.3;36.7;16.6
"2019-10-02T13:33:32+02:00";23;null;null;null;null
"2019-10-02T13:33:33+02:00";null;22.9;37.3;36.6;16.6
"2019-10-02T13:34:02+02:00";23;null;null;null;null
"2019-10-02T13:34:03+02:00";null;22.9;37.4;36.8;16.6
"2019-10-02T13:34:32+02:00";23;null;null;null;null
"2019-10-02T13:34:33+02:00";null;23;37.5;36.8;16.6
"2019-10-02T13:35:02+02:00";23;null;null;null;null
"2019-10-02T13:35:03+02:00";null;23;37.4;36.8;16.6
"2019-10-02T13:35:32+02:00";23;null;null;null;null
"2019-10-02T13:35:33+02:00";null;23;37.4;36.8;16.6
"2019-10-02T13:36:02+02:00";23;null;null;null;null
"2019-10-02T13:36:03+02:00";null;23;37.5;36.8;16.6
"2019-10-02T13:36:32+02:00";23;null;null;null;null
"2019-10-02T13:36:33+02:00";null;23;37.5;36.8;16.6
"2019-10-02T13:37:02+02:00";23;null;null;null;null
"2019-10-02T13:37:03+02:00";null;23;37.4;36.8;16.6
"2019-10-02T13:37:32+02:00";23;null;null;null;null
"2019-10-02T13:37:33+02:00";null;23;37.3;36.8;16.6
"2019-10-02T13:38:02+02:00";23;null;null;null;null
"2019-10-02T13:38:03+02:00";null;23;37.3;36.8;16.6
"2019-10-02T13:38:32+02:00";23;null;null;null;null
"2019-10-02T13:38:33+02:00";null;23;37.3;36.8;16.7
"2019-10-02T13:39:02+02:00";23;null;null;null;null
"2019-10-02T13:39:03+02:00";null;23;37.5;36.8;16.7
"2019-10-02T13:39:32+02:00";23;null;null;null;null
"2019-10-02T13:39:33+02:00";null;23;37.5;36.9;16.7
"2019-10-02T13:40:02+02:00";23;null;null;null;null
"2019-10-02T13:40:03+02:00";null;23;37.3;36.9;16.7
"2019-10-02T13:40:32+02:00";23;null;null;null;null
"2019-10-02T13:40:33+02:00";null;22.9;37.3;36.8;16.7
"2019-10-02T13:41:02+02:00";23;null;null;null;null
"2019-10-02T13:41:03+02:00";null;23;37.4;36.8;16.7
"2019-10-02T13:41:32+02:00";23;null;null;null;null
"2019-10-02T13:41:33+02:00";null;23;37.5;36.8;16.7
"2019-10-02T13:42:02+02:00";23;null;null;null;null
"2019-10-02T13:42:03+02:00";null;22.9;37.3;36.9;16.7
"2019-10-02T13:42:32+02:00";23;null;null;null;null
"2019-10-02T13:42:33+02:00";null;23;37.4;36.9;16.7
"2019-10-02T13:43:02+02:00";23;null;null;null;null
"2019-10-02T13:43:03+02:00";null;22.9;37.4;36.9;16.7
"2019-10-02T13:43:32+02:00";23;null;null;null;null
"2019-10-02T13:43:33+02:00";null;23;37.4;36.8;16.7
"2019-10-02T13:44:02+02:00";23;null;null;null;null
"2019-10-02T13:44:03+02:00";null;23;37.5;36.9;16.7
"2019-10-02T13:44:32+02:00";23;null;null;null;null
"2019-10-02T13:44:33+02:00";null;23;37.7;36.9;16.7
"2019-10-02T13:45:02+02:00";23;null;null;null;null
"2019-10-02T13:45:03+02:00";null;23;37.6;37;16.7
"2019-10-02T13:45:32+02:00";23;null;null;null;null
"2019-10-02T13:45:33+02:00";null;23;37.4;37;16.7
"2019-10-02T13:46:02+02:00";23;null;null;null;null
"2019-10-02T13:46:03+02:00";null;23;37.4;36.9;16.7
"2019-10-02T13:46:32+02:00";23;null;null;null;null
"2019-10-02T13:46:33+02:00";null;22.9;37.5;37;16.7
"2019-10-02T13:47:02+02:00";23;null;null;null;null
"2019-10-02T13:47:03+02:00";null;22.9;37.4;37;16.7
"2019-10-02T13:47:32+02:00";23;null;null;null;null
"2019-10-02T13:47:33+02:00";null;22.9;37.5;36.9;16.7
"2019-10-02T13:48:02+02:00";23;null;null;null;null
"2019-10-02T13:48:03+02:00";null;22.9;37.6;36.9;16.7
"2019-10-02T13:48:32+02:00";23;null;null;null;null
"2019-10-02T13:48:33+02:00";null;23;37.6;36.9;16.7
"2019-10-02T13:49:02+02:00";23;null;null;null;null
"2019-10-02T13:49:03+02:00";null;22.9;37.6;37;16.7
"2019-10-02T13:49:32+02:00";23;null;null;null;null
"2019-10-02T13:49:33+02:00";null;23;37.6;37;16.7
"2019-10-02T13:50:02+02:00";23;null;null;null;null
"2019-10-02T13:50:03+02:00";null;23;37.5;37;16.7
"2019-10-02T13:50:32+02:00";23;null;null;null;null
"2019-10-02T13:50:33+02:00";null;22.9;37.6;37;16.7
"2019-10-02T13:51:02+02:00";23;null;null;null;null
"2019-10-02T13:51:03+02:00";null;23;37.6;37;16.7
"2019-10-02T13:51:32+02:00";23;null;null;null;null
"2019-10-02T13:51:33+02:00";null;23;37.7;37;16.7
"2019-10-02T13:52:02+02:00";23;null;null;null;null
"2019-10-02T13:52:03+02:00";null;23;37.6;37;16.7
"2019-10-02T13:52:32+02:00";23;null;null;null;null
"2019-10-02T13:52:33+02:00";null;23;37.7;37;16.7
"2019-10-02T13:53:02+02:00";23;null;null;null;null
"2019-10-02T13:53:03+02:00";null;23;37.5;37;16.7
"2019-10-02T13:53:32+02:00";23;null;null;null;null
"2019-10-02T13:53:33+02:00";null;23;37.6;37;16.7
"2019-10-02T13:54:02+02:00";23;null;null;null;null
"2019-10-02T13:54:03+02:00";null;23;37.6;37.1;16.7
"2019-10-02T13:54:32+02:00";23;null;null;null;null
"2019-10-02T13:54:33+02:00";null;23;37.5;37;16.7
"2019-10-02T13:55:02+02:00";23;null;null;null;null
"2019-10-02T13:55:03+02:00";null;22.9;37.6;37.1;16.7
"2019-10-02T13:55:32+02:00";23;null;null;null;null
"2019-10-02T13:55:33+02:00";null;23;37.7;37.1;16.7
"2019-10-02T13:56:02+02:00";23;null;null;null;null
"2019-10-02T13:56:03+02:00";null;23;37.8;37.1;16.7
"2019-10-02T13:56:32+02:00";23;null;null;null;null
"2019-10-02T13:56:33+02:00";null;23;37.6;37;16.7
"2019-10-02T13:57:02+02:00";23;null;null;null;null
"2019-10-02T13:57:03+02:00";null;23;37.6;37;16.7
"2019-10-02T13:57:32+02:00";23;null;null;null;null
"2019-10-02T13:57:33+02:00";null;22.9;37.8;37.1;16.7
"2019-10-02T13:58:02+02:00";23;null;null;null;null
"2019-10-02T13:58:03+02:00";null;23;37.7;37.1;16.7
"2019-10-02T13:58:32+02:00";23;null;null;null;null
"2019-10-02T13:58:33+02:00";null;23;37.8;37.1;16.7
"2019-10-02T13:59:02+02:00";23;null;null;null;null
"2019-10-02T13:59:03+02:00";null;23;37.8;37.1;16.7
"2019-10-02T13:59:32+02:00";23;null;null;null;null
"2019-10-02T13:59:33+02:00";null;23;37.7;37.1;16.7
"2019-10-02T14:00:02+02:00";23;null;null;null;null
"2019-10-02T14:00:03+02:00";null;23;37.6;37.1;16.7
"2019-10-02T14:00:32+02:00";23;null;null;null;null
"2019-10-02T14:00:33+02:00";null;22.9;37.7;37.1;16.7
"2019-10-02T14:01:02+02:00";23;null;null;null;null
"2019-10-02T14:01:03+02:00";null;22.9;37.8;37.1;16.7
"2019-10-02T14:01:32+02:00";23;null;null;null;null
"2019-10-02T14:01:33+02:00";null;23;37.8;37.1;16.7
"2019-10-02T14:02:02+02:00";23;null;null;null;null
"2019-10-02T14:02:03+02:00";null;22.9;37.6;37.1;16.7
"2019-10-02T14:02:32+02:00";23;null;null;null;null
"2019-10-02T14:02:33+02:00";null;22.9;37.8;37.1;16.7
"2019-10-02T14:03:02+02:00";23;null;null;null;null
"2019-10-02T14:03:03+02:00";null;22.9;37.8;37.1;16.7
"2019-10-02T14:03:32+02:00";23;null;null;null;null
"2019-10-02T14:03:33+02:00";null;23;37.8;37.1;16.7
"2019-10-02T14:04:02+02:00";23;null;null;null;null
"2019-10-02T14:04:03+02:00";null;22.9;37.6;37.1;16.7
"2019-10-02T14:04:32+02:00";23;null;null;null;null
"2019-10-02T14:04:33+02:00";null;22.9;37.7;37.1;16.7
"2019-10-02T14:05:02+02:00";23;null;null;null;null
"2019-10-02T14:05:03+02:00";null;22.9;37.6;37.1;16.7
"2019-10-02T14:05:32+02:00";23;null;null;null;null
"2019-10-02T14:05:33+02:00";null;22.9;37.6;37.1;16.7
"2019-10-02T14:06:02+02:00";23;null;null;null;null
"2019-10-02T14:06:03+02:00";null;22.9;37.8;37.1;16.7
"2019-10-02T14:06:32+02:00";23;null;null;null;null
"2019-10-02T14:06:33+02:00";null;23;37.8;37.2;16.7
"2019-10-02T14:07:02+02:00";23;null;null;null;null
"2019-10-02T14:07:03+02:00";null;23;37.7;37.2;16.7
"2019-10-02T14:07:32+02:00";23;null;null;null;null
"2019-10-02T14:07:33+02:00";null;23;37.6;37.1;16.7
"2019-10-02T14:08:02+02:00";23;null;null;null;null
"2019-10-02T14:08:03+02:00";null;23;37.7;37.1;16.7
"2019-10-02T14:08:32+02:00";23;null;null;null;null
"2019-10-02T14:08:33+02:00";null;22.9;37.8;37.1;16.7
"2019-10-02T14:09:02+02:00";23;null;null;null;null
"2019-10-02T14:09:03+02:00";null;23;37.8;37.2;16.7
"2019-10-02T14:09:32+02:00";23;null;null;null;null
"2019-10-02T14:09:33+02:00";null;23;37.6;37.1;16.7
"2019-10-02T14:10:02+02:00";23;null;null;null;null
"2019-10-02T14:10:03+02:00";null;23;37.6;37.1;16.7
"2019-10-02T14:10:32+02:00";23;null;null;null;null
"2019-10-02T14:10:33+02:00";null;23;37.7;37.1;16.7
"2019-10-02T14:11:02+02:00";23;null;null;null;null
"2019-10-02T14:11:03+02:00";null;23;37.7;37.1;16.7
"2019-10-02T14:11:32+02:00";23;null;null;null;null
"2019-10-02T14:11:33+02:00";null;22.9;37.6;37.1;16.7
"2019-10-02T14:12:02+02:00";23;null;null;null;null
"2019-10-02T14:12:03+02:00";null;23;37.7;37.2;16.7
"2019-10-02T14:12:32+02:00";23;null;null;null;null
"2019-10-02T14:12:33+02:00";null;23;37.8;37.2;16.7
"2019-10-02T14:13:02+02:00";23;null;null;null;null
"2019-10-02T14:13:03+02:00";null;22.9;37.8;37.1;16.7
"2019-10-02T14:13:32+02:00";23;null;null;null;null
"2019-10-02T14:13:33+02:00";null;23;37.9;37.2;16.7
"2019-10-02T14:14:02+02:00";23;null;null;null;null
"2019-10-02T14:14:03+02:00";null;23;37.9;37.2;16.7
"2019-10-02T14:14:32+02:00";23;null;null;null;null
"2019-10-02T14:14:33+02:00";null;22.9;37.9;37.2;16.7
"2019-10-02T14:15:02+02:00";23;null;null;null;null
"2019-10-02T14:15:03+02:00";null;22.9;37.8;37.2;16.7
"2019-10-02T14:15:32+02:00";23;null;null;null;null
"2019-10-02T14:15:33+02:00";null;22.9;37.9;37.2;16.7
"2019-10-02T14:16:02+02:00";23;null;null;null;null
"2019-10-02T14:16:03+02:00";null;22.9;38;37.3;16.7
"2019-10-02T14:16:32+02:00";23;null;null;null;null
"2019-10-02T14:16:33+02:00";null;23;38.1;37.3;16.7
"2019-10-02T14:17:02+02:00";23;null;null;null;null
"2019-10-02T14:17:03+02:00";null;23;38.1;37.3;16.7
"2019-10-02T14:17:32+02:00";23;null;null;null;null
"2019-10-02T14:17:33+02:00";null;23;37.9;37.3;16.7
"2019-10-02T14:18:02+02:00";23;null;null;null;null
"2019-10-02T14:18:03+02:00";null;23;37.9;37.3;16.7
"2019-10-02T14:18:32+02:00";23;null;null;null;null
"2019-10-02T14:18:33+02:00";null;23;37.8;37.3;16.7
"2019-10-02T14:19:02+02:00";23;null;null;null;null
"2019-10-02T14:19:03+02:00";null;23;38;37.3;16.7
"2019-10-02T14:19:32+02:00";23;null;null;null;null
"2019-10-02T14:19:33+02:00";null;23;38;37.3;16.7
"2019-10-02T14:20:02+02:00";23;null;null;null;null
"2019-10-02T14:20:03+02:00";null;23;37.9;37.3;16.7
"2019-10-02T14:20:32+02:00";23;null;null;null;null
"2019-10-02T14:20:33+02:00";null;22.9;37.9;37.3;16.7
"2019-10-02T14:21:02+02:00";23;null;null;null;null
"2019-10-02T14:21:03+02:00";null;22.9;37.8;37.3;16.7
"2019-10-02T14:21:32+02:00";23;null;null;null;null
"2019-10-02T14:21:33+02:00";null;23;37.6;37.2;16.7
"2019-10-02T14:22:02+02:00";23;null;null;null;null
"2019-10-02T14:22:03+02:00";null;23;37.9;37.3;16.7
"2019-10-02T14:22:32+02:00";23;null;null;null;null
"2019-10-02T14:22:33+02:00";null;23;38;37.3;16.7
"2019-10-02T14:23:02+02:00";23;null;null;null;null
"2019-10-02T14:23:03+02:00";null;22.9;37.7;37.2;16.7
"2019-10-02T14:23:32+02:00";23;null;null;null;null
"2019-10-02T14:23:33+02:00";null;22.9;37.8;37.3;16.7
"2019-10-02T14:24:02+02:00";23;null;null;null;null
"2019-10-02T14:24:03+02:00";null;23;37.9;37.3;16.7
"2019-10-02T14:24:32+02:00";23;null;null;null;null
"2019-10-02T14:24:33+02:00";null;23;38;37.3;16.7
"2019-10-02T14:25:02+02:00";23;null;null;null;null
"2019-10-02T14:25:03+02:00";null;23;37.9;37.2;16.7
"2019-10-02T14:25:32+02:00";23;null;null;null;null
"2019-10-02T14:25:33+02:00";null;23;38;37.3;16.7
"2019-10-02T14:26:02+02:00";23;null;null;null;null
"2019-10-02T14:26:03+02:00";null;23;37.9;37.2;16.7
"2019-10-02T14:26:32+02:00";23;null;null;null;null
"2019-10-02T14:26:33+02:00";null;23;38;37.2;16.7
"2019-10-02T14:27:02+02:00";23;null;null;null;null
"2019-10-02T14:27:03+02:00";null;23;37.8;37.2;16.7
"2019-10-02T14:27:32+02:00";23;null;null;null;null
"2019-10-02T14:27:33+02:00";null;22.9;37.6;37.1;16.7
"2019-10-02T14:28:02+02:00";23;null;null;null;null
"2019-10-02T14:28:03+02:00";null;22.9;37.2;36.7;16.7
"2019-10-02T14:28:32+02:00";23;null;null;null;null
"2019-10-02T14:28:33+02:00";null;22.9;36.5;36.1;16.7
"2019-10-02T14:29:02+02:00";23;null;null;null;null
"2019-10-02T14:29:03+02:00";null;22.8;35.8;35.4;16.7
"2019-10-02T14:29:32+02:00";23;null;null;null;null
"2019-10-02T14:29:33+02:00";null;22.8;35.2;34.7;16.7
"2019-10-02T14:30:02+02:00";23;null;null;null;null
"2019-10-02T14:30:03+02:00";null;22.8;34.6;34.1;16.6
"2019-10-02T14:30:32+02:00";23;null;null;null;null
"2019-10-02T14:30:33+02:00";null;22.8;33.6;33.3;16.5
"2019-10-02T14:31:02+02:00";23;null;null;null;null
"2019-10-02T14:31:03+02:00";null;22.8;32.6;32.8;16.4
"2019-10-02T14:31:32+02:00";23;null;null;null;null
"2019-10-02T14:31:33+02:00";null;22.9;31.8;32.4;16.3
"2019-10-02T14:32:02+02:00";23;null;null;null;null
"2019-10-02T14:32:03+02:00";null;22.9;31.2;32;16.2
"2019-10-02T14:32:32+02:00";23;null;null;null;null
"2019-10-02T14:32:33+02:00";null;23;30.7;31.5;16.1
"2019-10-02T14:33:02+02:00";23;null;null;null;null
"2019-10-02T14:33:03+02:00";null;23;30.1;31.1;16
"2019-10-02T14:33:32+02:00";23;null;null;null;null
"2019-10-02T14:33:33+02:00";null;22.8;29.5;30.8;16
"2019-10-02T14:34:02+02:00";23;null;null;null;null
"2019-10-02T14:34:03+02:00";null;23;29.2;30.5;15.9
"2019-10-02T14:34:32+02:00";23;null;null;null;null
"2019-10-02T14:34:33+02:00";null;23;29.2;30.2;15.9
"2019-10-02T14:35:02+02:00";23;null;null;null;null
"2019-10-02T14:35:03+02:00";null;22.9;29;30.1;15.8
"2019-10-02T14:35:32+02:00";23;null;null;null;null
"2019-10-02T14:35:33+02:00";null;22.9;29;30;15.8
"2019-10-02T14:36:02+02:00";23;null;null;null;null
"2019-10-02T14:36:03+02:00";null;22.9;29;29.9;15.8
"2019-10-02T14:36:32+02:00";23;null;null;null;null
"2019-10-02T14:36:33+02:00";null;22.9;28.8;29.7;15.8
"2019-10-02T14:37:03+02:00";23;null;null;null;null
"2019-10-02T14:37:03+02:00";null;23;28.6;29.6;15.8
"2019-10-02T14:37:32+02:00";23;null;null;null;null
"2019-10-02T14:37:33+02:00";null;23;28.2;29.3;15.9
"2019-10-02T14:38:02+02:00";23;null;null;null;null
"2019-10-02T14:38:03+02:00";null;23;28;29.1;15.9
"2019-10-02T14:38:32+02:00";23;null;null;null;null
"2019-10-02T14:38:33+02:00";null;23;27.7;29;15.9
"2019-10-02T14:39:02+02:00";23;null;null;null;null
"2019-10-02T14:39:03+02:00";null;22.9;27.7;29;15.9
"2019-10-02T14:39:32+02:00";23;null;null;null;null
"2019-10-02T14:39:33+02:00";null;22.9;27.8;28.9;15.9
"2019-10-02T14:40:02+02:00";23;null;null;null;null
"2019-10-02T14:40:03+02:00";null;22.9;27.8;28.9;16
"2019-10-02T14:40:32+02:00";23;null;null;null;null
"2019-10-02T14:40:33+02:00";null;22.9;27.8;28.7;16
"2019-10-02T14:41:02+02:00";23;null;null;null;null
"2019-10-02T14:41:03+02:00";null;22.9;27.6;28.6;16
"2019-10-02T14:41:32+02:00";23;null;null;null;null
"2019-10-02T14:41:33+02:00";null;22.9;27.6;28.5;16
"2019-10-02T14:42:02+02:00";23;null;null;null;null
"2019-10-02T14:42:03+02:00";null;22.9;27.7;28.5;16
"2019-10-02T14:42:32+02:00";23;null;null;null;null
"2019-10-02T14:42:33+02:00";null;22.8;27.8;28.5;16.1
"2019-10-02T14:43:02+02:00";23;null;null;null;null
"2019-10-02T14:43:03+02:00";null;22.9;27.8;28.4;16.1
"2019-10-02T14:43:32+02:00";23;null;null;null;null
"2019-10-02T14:43:33+02:00";null;22.9;27.7;28.4;16.1
"2019-10-02T14:44:02+02:00";23;null;null;null;null
"2019-10-02T14:44:03+02:00";null;22.8;27.7;28.4;16.1
"2019-10-02T14:44:32+02:00";23;null;null;null;null
"2019-10-02T14:44:33+02:00";null;22.7;27.8;28.3;16.1
"2019-10-02T14:45:02+02:00";23;null;null;null;null
"2019-10-02T14:45:03+02:00";null;22.7;27.9;28.3;16
"2019-10-02T14:45:32+02:00";23;null;null;null;null
"2019-10-02T14:45:33+02:00";null;22.8;27.8;28.3;16
"2019-10-02T14:46:02+02:00";23;null;null;null;null
"2019-10-02T14:46:03+02:00";null;22.9;27.9;28.2;16
"2019-10-02T14:46:32+02:00";23;null;null;null;null
"2019-10-02T14:46:33+02:00";null;23;27.4;28.1;16
"2019-10-02T14:47:02+02:00";23;null;null;null;null
"2019-10-02T14:47:03+02:00";null;23;27.2;28;16
"2019-10-02T14:47:32+02:00";23;null;null;null;null
"2019-10-02T14:47:33+02:00";null;23;27.1;27.8;16
"2019-10-02T14:48:02+02:00";23;null;null;null;null
"2019-10-02T14:48:03+02:00";null;22.8;27.3;27.8;16
"2019-10-02T14:48:32+02:00";23;null;null;null;null
"2019-10-02T14:48:33+02:00";null;22.8;27.4;27.9;16
"2019-10-02T14:49:02+02:00";23;null;null;null;null
"2019-10-02T14:49:03+02:00";null;22.8;27.5;27.9;16
"2019-10-02T14:49:32+02:00";23;null;null;null;null
"2019-10-02T14:49:33+02:00";null;22.8;27.4;27.9;16
"2019-10-02T14:50:02+02:00";23;null;null;null;null
"2019-10-02T14:50:03+02:00";null;22.8;27.5;27.8;16
"2019-10-02T14:50:32+02:00";23;null;null;null;null
"2019-10-02T14:50:33+02:00";null;22.8;27.5;27.8;16
"2019-10-02T14:51:02+02:00";23;null;null;null;null
"2019-10-02T14:51:03+02:00";null;22.8;27.5;27.8;16
"2019-10-02T14:51:32+02:00";23;null;null;null;null
"2019-10-02T14:51:33+02:00";null;22.9;27.5;27.8;15.9
"2019-10-02T14:52:02+02:00";23;null;null;null;null
"2019-10-02T14:52:03+02:00";null;22.9;27.5;27.7;16
"2019-10-02T14:52:32+02:00";23;null;null;null;null
"2019-10-02T14:52:33+02:00";null;22.9;27.5;27.7;16
"2019-10-02T14:53:02+02:00";23;null;null;null;null
"2019-10-02T14:53:03+02:00";null;22.9;27.5;27.7;16
"2019-10-02T14:53:32+02:00";23;null;null;null;null
"2019-10-02T14:53:33+02:00";null;22.9;27.5;27.7;16
"2019-10-02T14:54:02+02:00";23;null;null;null;null
"2019-10-02T14:54:03+02:00";null;23;27.4;27.6;16
"2019-10-02T14:54:32+02:00";23;null;null;null;null
"2019-10-02T14:54:33+02:00";null;23;27.3;27.6;16
"2019-10-02T14:55:02+02:00";23;null;null;null;null
"2019-10-02T14:55:03+02:00";null;23;27.2;27.6;16
"2019-10-02T14:55:32+02:00";23;null;null;null;null
"2019-10-02T14:55:33+02:00";null;22.9;27.2;27.6;16
"2019-10-02T14:56:02+02:00";23;null;null;null;null
"2019-10-02T14:56:03+02:00";null;22.8;27.2;27.5;16
"2019-10-02T14:56:32+02:00";23;null;null;null;null
"2019-10-02T14:56:33+02:00";null;22.9;27.3;27.5;16
"2019-10-02T14:57:02+02:00";23;null;null;null;null
"2019-10-02T14:57:03+02:00";null;22.9;27.2;27.5;16
"2019-10-02T14:57:32+02:00";23;null;null;null;null
"2019-10-02T14:57:33+02:00";null;23;27.3;27.5;16
"2019-10-02T14:58:02+02:00";23;null;null;null;null
"2019-10-02T14:58:03+02:00";null;23;27.1;27.5;16
"2019-10-02T14:58:32+02:00";23;null;null;null;null
"2019-10-02T14:58:33+02:00";null;22.9;27.2;27.4;16
"2019-10-02T14:59:02+02:00";23;null;null;null;null
"2019-10-02T14:59:03+02:00";null;23;27.1;27.4;16
"2019-10-02T14:59:32+02:00";23;null;null;null;null
"2019-10-02T14:59:33+02:00";null;23;27.1;27.4;16
