time,power_1,power_10,power_11,power_2,power_3,power_4,power_5,power_6,power_7,power_8,power_9
02-Oct-2019 09:00:00,4626.8193,2086.6436999999996,2056.88157,2567.269009090909,2138.03823,2567.06114,2115.64004,2087.82106,2452.19634,2037.34066,2441.27936
02-Oct-2019 09:01:00,4630.1113,2121.5508,2076.59277,2567.269009090909,2121.31263,2568.5984200000003,2096.14765,2110.35242,2515.43537,2031.2632199999998,2531.3225
02-Oct-2019 09:02:00,4712.3081,2125.6146,2144.18739,2567.269009090909,2107.91947,2559.46464,2136.63245,2246.14682,2568.42716,2087.34242,2514.50086
02-Oct-2019 09:03:00,4652.4214,2106.46775,2100.68613,2567.269009090909,2126.6865399999997,2556.74536,2141.75243,2167.29486,2641.71881,2134.1800399999997,2642.4717
02-Oct-2019 09:04:00,4670.7856,2141.788681818182,2096.09665,2567.269009090909,2067.9142818181817,2525.25466,2087.425827272727,2105.943736363636,2523.9632500000002,2106.5535363636363,2542.2796799999996
02-Oct-2019 09:05:00,4726.1611,2127.8621545454544,2080.251736363636,2567.269009090909,2113.365727272727,2436.6192636363635,2136.544036363636,2182.8157818181817,2550.627981818182,2063.357590909091,2507.8240818181816
02-Oct-2019 09:06:00,4651.4932,2082.911990909091,2097.5730454545455,2546.1827363636366,2063.2616545454543,2445.792672727273,2198.2846090909093,2205.4516,2665.9198818181817,2091.7699545454543,2535.2539636363636
02-Oct-2019 09:07:00,4468.6509,2081.4198818181817,2019.9725272727273,2458.8249545454546,2136.9694545454545,2467.797772727273,2221.926118181818,2206.8629181818183,2608.5757999999996,2137.5568,2541.390018181818
02-Oct-2019 09:08:00,4707.8135,2120.1025363636363,2138.6382999999996,2413.7428818181816,2098.5737454545456,2481.6813,2097.1254272727274,2084.7092454545455,2468.0102454545454,2100.1037454545453,2478.1572363636365
02-Oct-2019 09:09:00,4639.7847,2052.507418181818,2112.7002545454543,2485.077009090909,2096.073209090909,2482.8709363636367,2145.4727181818184,2104.2443909090907,2519.3880363636363,2057.360109090909,2489.6556272727275
02-Oct-2019 09:10:00,4712.3916,2032.7695090909092,2193.7631181818183,2524.5487,2028.3100454545454,2522.9577272727274,2174.4032,2219.4834454545457,2631.9519,2134.9259454545454,2544.5186636363637
02-Oct-2019 09:11:00,4673.4341,2167.4232181818184,2040.0246727272727,2496.740809090909,2090.6536363636365,2526.970718181818,2166.670990909091,2230.4397272727274,2680.1629272727273,2117.120609090909,2549.201309090909
02-Oct-2019 09:12:00,4720.7217,2150.2869,2040.3656,2498.4141363636363,2072.9350454545456,2502.0882,2142.0506545454546,2075.926281818182,2452.2685636363635,2092.3784090909094,2485.0728545454544
02-Oct-2019 09:13:00,4777.4697,2032.1229181818182,2096.7097272727274,2525.522472727273,2080.2772545454545,2514.1844818181817,2108.8096727272728,2141.4050181818184,2533.928854545454,2073.2528454545454,2645.0495454545453
02-Oct-2019 09:14:00,4742.624,2080.570118181818,2128.6995,2512.5715090909093,2101.0116272727273,2650.1184636363637,2192.578572727273,2181.5017,2554.2707545454546,2092.1398363636363,2556.0275545454547
02-Oct-2019 09:15:00,4571.0264,2131.133490909091,2145.6366909090907,2531.586209090909,2091.705090909091,2534.325709090909,2165.3580727272724,2230.8051545454546,2546.684409090909,2048.1332,2543.0934272727272
02-Oct-2019 09:16:00,4640.9155,2081.5122363636365,2171.219381818182,2546.8715,2071.426554545455,2487.336672727273,2118.0884363636364,2156.523954545454,2491.1677363636363,2112.334090909091,2460.9981272727273
02-Oct-2019 09:17:00,4833.9595,2051.8934090909092,2161.827890909091,2575.7297,2110.086072727273,2562.7560545454544,2107.3782545454546,2143.155072727273,2626.416409090909,2168.8735636363635,2611.2727454545457
02-Oct-2019 09:18:00,4667.7817,2115.6020363636367,2099.277109090909,2562.528809090909,2055.2493090909093,2578.3991545454546,2091.053,2191.9323363636363,2551.739854545455,2142.503181818182,2542.5583818181817
02-Oct-2019 09:19:00,4585.5635,2130.5367636363635,2119.0619181818183,2556.6279545454545,2111.9812454545454,2551.7633454545453,2103.8889454545456,2129.3389909090906,2493.840372727273,2119.2269,2418.9833454545455
02-Oct-2019 09:20:00,4778.3696,2085.254481818182,2140.877918181818,2548.6479272727274,2125.2183454545457,2528.172409090909,2091.9446636363637,2093.289481818182,2472.0182727272727,2111.3236818181817,2564.2621363636367
02-Oct-2019 09:21:00,4672.9888,2064.8592545454544,2127.674027272727,2560.907290909091,2105.8239636363633,2533.9977272727274,2140.030018181818,2120.2907727272727,2552.0290636363634,2087.0466363636365,2661.4443181818183
02-Oct-2019 09:22:00,4558.9746,2040.5591181818183,2175.776309090909,2592.5340181818183,2085.5915090909093,2489.0869363636366,2083.385981818182,2189.069672727273,2527.9981,2028.8901636363637,2550.389054545454
02-Oct-2019 09:23:00,4651.8755,2030.9680363636364,2091.6078,2588.1918454545453,2100.337345454546,2528.675690909091,2091.151518181818,2159.8726454545454,2488.5954545454542,2042.093690909091,2540.5365181818183
02-Oct-2019 09:24:00,4790.8623,2086.1162545454545,2174.424709090909,2543.284427272727,2177.8502636363637,2556.5647454545456,2131.947990909091,2059.5838454545456,2455.5581818181818,2111.651590909091,2613.7594363636363
02-Oct-2019 09:25:00,4655.9897,2118.9571181818183,2065.6602454545455,2502.024327272727,2064.3611181818183,2490.3181,2157.8856363636364,2139.732,2485.383118181818,2126.4224545454545,2571.9056818181816
02-Oct-2019 09:26:00,4704.189,2096.6224454545454,2079.5791363636363,2517.7389454545455,2157.6027272727274,2425.9254181818183,2231.8617,2191.3338727272726,2557.0643090909093,2100.7902727272726,2398.449090909091
02-Oct-2019 09:27:00,4617.8325,2099.2958272727274,2158.057218181818,2535.0589545454545,2085.981118181818,2485.158990909091,2140.777390909091,2162.0963363636365,2542.929890909091,2048.0374727272724,2517.4408545454544
02-Oct-2019 09:28:00,4710.3501,2100.844418181818,2174.5586272727273,2535.349781818182,2108.19693,2517.2479727272726,2148.13772,2141.4526,2475.5703545454544,2036.108189010989,2638.5357545454544
02-Oct-2019 09:29:00,4847.498,2008.99024,2125.81965,2571.7744000000002,2161.38791,2514.25038,2197.20672,2174.00006,2489.91898,2041.3056615384614,2523.02698
02-Oct-2019 09:30:00,4744.811,1996.7418,2096.0897999999997,2533.2817,2127.14151,2492.339,2139.87191,2138.36318,2493.69452,2046.503134065934,2466.53734
02-Oct-2019 09:31:00,4749.4336,2094.58212,2084.0436999999997,2469.9442,2156.21703,2515.19824,2153.1399300000003,2127.7106,2495.25871,2051.7006065934065,2562.15188
02-Oct-2019 09:32:00,4735.563,2143.2835999999998,2150.91352,2458.01685,2140.96469,2446.3765,2137.65045,2138.65236,2539.9815000000003,2056.898079120879,2552.89916
02-Oct-2019 09:33:00,4667.3813,2075.2844999999998,2132.8250199999998,2505.88,2110.07363,2401.15794,2164.5947399999995,2143.578,2581.92607,2062.095551648352,2465.5771799999998
02-Oct-2019 09:34:00,4833.2944,2045.6521,2204.6047099999996,2549.3008,2083.5009400000004,2441.87244,2112.46256,2099.64588,2573.50767,2067.293024175824,2510.0917600000002
02-Oct-2019 09:35:00,4652.4023,2089.63502,2001.4561899999999,2563.0939,2047.8751300000001,2519.44922,2093.64625,2044.03232,2505.09438,2072.4904967032967,2456.94378
02-Oct-2019 09:36:00,4716.1953,2124.5694,2122.34917,2583.42385,2137.308590909091,2452.4246,2156.6612727272727,2104.1205272727275,2470.06588,2077.6879692307693,2474.38122
02-Oct-2019 09:37:00,4688.0122,2066.6979818181817,2212.5535545454545,2594.310781818182,2092.539209090909,2506.8833636363634,2133.8973272727276,2220.3103545454546,2521.9219272727273,2093.466090909091,2470.6798090909087
02-Oct-2019 09:38:00,4701.5718,2078.4733,2067.6741545454543,2523.9859636363635,2055.800381818182,2543.632281818182,2147.7392363636363,2081.364572727273,2597.712409090909,2125.5621363636365,2485.166427272727
02-Oct-2019 09:39:00,4619.3027,3432.3937090909094,2004.3080545454545,4062.009818181818,2312.0883272727274,4210.6982727272725,2918.7050090909092,2547.9901727272727,3595.894145454545,3136.5890727272727,2407.944609090909
02-Oct-2019 09:40:00,10279.5898,4845.6969818181815,4784.499036363637,5537.865145454545,4925.61594,5286.4925454545455,4952.361709090909,4803.02085,5146.767181818182,4912.1825181818185,4869.905645454545
02-Oct-2019 09:41:00,10492.4873,4730.408,4744.49139,5646.1191,4796.008449999999,5385.91644,5013.73812,4850.5106,5306.21522,5043.70974,5439.8131
02-Oct-2019 09:42:00,10398.5586,4854.66784,4746.470859999999,5523.39475,5060.64538,5394.2914,4845.9882800000005,4898.00035,5291.646409999999,5126.53924,5441.323060000001
02-Oct-2019 09:43:00,10634.7246,4869.94396,4867.47009,5478.49635,4835.0917899999995,5401.12332,4938.40808,4945.4901,5425.69224,4965.79704,5516.57772
02-Oct-2019 09:44:00,10077.7578,4821.38742,4774.00965,5522.97805,4639.5880099999995,5402.04758,5016.41896,4992.97985,5498.2041,4907.99244,5390.08928
02-Oct-2019 09:45:00,10592.8223,4854.77146,4963.692510000001,5564.17065,4865.21748,5373.07168,4976.834793333333,5040.4696,5403.09251,4885.16829,5381.404460000001
02-Oct-2019 09:46:00,10190.543,4894.48006,5160.9791399999995,5410.1113000000005,4834.44694,5247.52422,4989.47076,4983.3618,5565.10958,4892.0778,5322.48102
02-Oct-2019 09:47:00,10139.3125,4890.7581,4923.94774,5272.0581,4934.9642300000005,5313.07784,5002.106726666667,4696.914559999999,5520.36139,4710.12129,5435.0539
02-Oct-2019 09:48:00,10783.9512,4755.11992,4970.918500000001,5419.593500000001,4995.8422900000005,5509.92542,5014.742693333334,5064.092839999999,5448.81283,4798.54543,5518.72578
02-Oct-2019 09:49:00,10542.2607,4860.03914,5048.34621,5395.5254,4895.19235,5597.7060599999995,5027.37866,5003.281440000001,5419.31,4979.1096,5519.0716600000005
02-Oct-2019 09:50:00,10798.6123,4975.055560000001,4811.16225,5385.84375,4853.963940000001,5523.967979999999,5040.014626666666,4922.4165,5541.1939,4726.92579,5502.69368
02-Oct-2019 09:51:00,10553.4941,4802.0588,4896.84589,5499.232900000001,4878.1217400000005,5507.64386,5052.650593333333,4956.96214,5594.048830000001,4959.5134,5583.95666
02-Oct-2019 09:52:00,10401.7432,4930.83954,4813.612099999999,5492.881600000001,4800.63879,5456.7261,5065.28656,4718.9834599999995,5492.23626,5128.29534,5578.4717200000005
02-Oct-2019 09:53:00,10213.3936,5031.80422,5146.00385,5444.030000000001,5077.186845454546,5295.7121,5077.922526666666,4801.888445454546,5348.22278,4884.2245299999995,5398.25002
02-Oct-2019 09:54:00,10385.1924,4928.345554545454,5016.5197,5561.678963636364,4952.27993,5311.071336363636,5039.746572727272,4947.416390476191,5314.387818181818,5006.443,5652.350709090909
02-Oct-2019 09:55:00,10488.3164,4823.79734,5050.92705,5421.3213,4857.177218181819,5433.19786,4916.55186,5031.998342857142,5478.4570699999995,5019.743759999999,5645.96544
02-Oct-2019 09:56:00,10605.6475,4843.448909090909,4956.192390909091,5329.611090909091,4918.062290909091,5422.020390909091,4961.112072727273,5096.170736363636,5609.162881818182,4792.955436363636,5467.727054545454
02-Oct-2019 09:57:00,10193.0596,4797.29075,4969.753036363636,5441.880792307692,4999.3151100000005,5407.384772727272,5007.9856199999995,5015.79996,5568.253636363636,4744.55566,5518.808145454545
02-Oct-2019 09:58:00,10331.4258,4850.5376,4812.99168,5428.553779487179,4783.7508,5272.51264,4977.4821,4918.16582,5443.58824,4846.80018,5439.06328
02-Oct-2019 09:59:00,10373.9844,5018.77665,4927.8931999999995,5415.226766666667,4816.70502,5293.027160000001,4938.61085,4928.79406,5343.60222,4962.2921,5379.95154
02-Oct-2019 10:00:00,10234.2881,4768.449500000001,4821.93225,5401.8997538461535,4973.88361,5563.03992,4826.4776,4831.17382,5268.82371,4923.39454,5498.28714
02-Oct-2019 10:01:00,10312.4199,4813.5093,4778.4515599999995,5388.57274102564,4916.871788888889,5583.23488,4888.007466666667,4860.069877777778,5279.88878,4976.433831034483,5598.39044
02-Oct-2019 10:02:00,10361.0576,5028.863066666667,4863.291377777778,5376.578429487179,4829.6311444444445,5631.631077777778,5109.368166666666,4966.667222222222,5391.5846,4971.437775862069,5794.098433333334
02-Oct-2019 10:03:00,10462.2881,4960.364488888888,4766.718088888889,5364.584117948718,4977.718699999999,5663.747588888889,5099.615266666667,4971.487344444445,5358.053233333333,4966.441720689655,5547.776044444445
02-Oct-2019 10:04:00,10753.8672,4971.1875,4843.229044444445,5352.589806410257,5154.68242,5588.663333333333,5179.33353,4990.83004,5453.276866666667,4961.445665517242,5474.372377777778
02-Oct-2019 10:05:00,10192.6367,4920.62898,4856.2192,5435.70435,4966.16848,5381.25712,5111.6927399999995,4915.08846,5426.79202,4955.894493103448,5475.500359999999
02-Oct-2019 10:06:00,10103.0059,4888.27434,4794.16451,5484.69335,4979.73302,5318.00176,5066.256048148148,4942.25246,5309.70217,4950.343320689655,5506.45972
02-Oct-2019 10:07:00,10586.376,4894.51058,4748.85301,5330.81105,4872.83841,5349.01116,5074.272541975309,4786.703,5161.73538,4907.8388,5500.49012
02-Oct-2019 10:08:00,10254.252,4928.2020600000005,4987.69373,5273.4604500000005,4822.36904,5453.10002,5082.289035802469,4966.6187199999995,5246.247170000001,4842.17454,5597.2112
02-Oct-2019 10:09:00,10287.127,4952.1209,4929.20029,5421.31055,4926.377109999999,5591.4207799999995,5090.30552962963,4974.2373,5433.22786,4993.6598,5528.97952
02-Oct-2019 10:10:00,10371.7471,4943.65994,4864.02543,5318.4038,4959.84249,5441.60948,5098.32202345679,4690.81986,5461.241,5151.66003,5548.20708
02-Oct-2019 10:11:00,10170.7383,4941.1828,4772.07831,5262.639150000001,5030.1704199999995,5291.13026,5106.338517283951,5111.90558,5567.017809999999,5020.19556,5379.3589999999995
02-Oct-2019 10:12:00,10209.0371,5098.86078,4760.78494,5357.8318,4889.02158,5410.362099999999,5114.355011111111,5092.841100000001,5486.8211599999995,5003.3372899999995,5670.93588
02-Oct-2019 10:13:00,10397.7148,4927.26546,4822.15934,5325.26465,4850.623209090909,5407.5590999999995,5122.371504938272,5008.925136363636,5313.121169999999,4859.87737,5611.84158
02-Oct-2019 10:14:00,10915.5293,4867.821290909091,4816.421954545454,5336.6644,4866.3232727272725,5463.3680545454545,5090.076327272727,5026.029572727273,5375.398290909091,4782.911909090909,5493.0501
02-Oct-2019 10:15:00,10175.9775,4866.2788,5015.8161,5344.1281988636365,5052.819619999999,5517.1964727272725,4933.417100000001,5181.3579199999995,5346.4572181818185,4811.760560000001,5443.1798181818185
02-Oct-2019 10:16:00,10509.3916,4810.99415,4871.04072,5356.692863636364,4999.37757,5427.73092,4955.76232,4763.19058,5551.0869999999995,4825.84788,5411.93484
02-Oct-2019 10:17:00,10261.5684,4896.075699999999,5001.53227,5369.257528409091,4923.5435,5398.529759999999,5181.228,4833.382033333333,5536.71445,4740.111428888888,5413.07704
02-Oct-2019 10:18:00,10501.0986,5121.217455555556,4824.5343111111115,5380.565726704545,5059.100188888889,5405.198466666667,4866.0332,4778.218177777778,5471.4587,4758.236818888889,5590.102977777778
02-Oct-2019 10:19:00,10391.0762,5125.332255555556,4958.172666666666,5391.873925,4906.753422222222,5378.099244444445,4730.8233666666665,4898.0804,5576.902533333333,4776.362208888889,5395.085333333333
02-Oct-2019 10:20:00,10350.1436,5153.889244444445,4849.861044444444,5403.182123295454,4892.659433333333,5519.747566666667,4855.567033333334,5032.352744444444,5401.3413,4794.487598888889,5545.794400000001
02-Oct-2019 10:21:00,10402.2373,5247.8805,4747.409333333333,5414.490321590909,4847.798811111111,5564.6594888888885,4937.264,5027.323655555556,5218.214199999999,4812.612988888889,5405.283222222222
02-Oct-2019 10:22:00,10292.0352,5124.535588888889,4884.912122222223,5425.7985198863635,4924.716822222223,5535.591622222222,4862.1654,5071.190388888888,5412.342966666666,4830.738378888888,5492.367033333333
02-Oct-2019 10:23:00,10852.5283,4881.968433333333,4877.9411,5437.106718181818,4948.903222222222,5487.875311111111,4975.0251,5027.418877777778,5604.437533333333,4848.863768888888,5737.224788888889
02-Oct-2019 10:24:00,10605.8633,4808.2562777777775,5099.406533333334,5448.4149164772725,4778.650422222222,5429.369377777778,4922.3672,4879.650211111111,5489.0277,4866.989158888889,5578.9739
02-Oct-2019 10:25:00,10361.3828,4828.5758,4796.7635,5459.723114772727,4833.875175,5444.448555555556,4874.433422972973,4898.546025,5413.118166666667,4885.114548888889,5636.772755555556
02-Oct-2019 10:26:00,10672.7588,4961.2635625,4949.549349999999,5469.774846590909,4833.372775,5475.4822,4898.365217567567,4989.874276744185,5403.44545,4901.226006666666,5512.1108
02-Oct-2019 10:27:00,10218.0576,4888.7069,4973.850125,5479.826578409091,4790.348425,5387.1934,4922.297012162162,4990.28738372093,5406.918,4929.139424999999,5573.37155
02-Oct-2019 10:28:00,10367.082,4731.74805,5054.18155,5489.878310227273,4884.513550000001,5390.09595,4946.228806756757,4990.7004906976745,5509.43275,4943.662824999999,5580.3418
02-Oct-2019 10:29:00,10703.0391,4885.556537500001,4901.0203,5499.930042045455,4750.1313125,5501.8634999999995,4970.160601351351,4991.113597674418,5494.83235,4842.33175,5474.159799999999
02-Oct-2019 10:30:00,10563.0938,4966.9480625,4799.752025,5509.981773863637,4901.8862375,5464.1748,4994.092395945946,4991.526704651163,5394.0358,4845.482425,5446.253575000001
02-Oct-2019 10:31:00,10271.3623,4888.3574874999995,4865.5576,5520.0335056818185,4890.4637125,5605.687749999999,5018.02419054054,4991.939811627907,5329.1417,4952.669825,5692.7151
02-Oct-2019 10:32:00,10506.6797,4906.693562500001,4806.926837499999,5530.0852374999995,5081.5300625,5637.2075,5041.955985135135,4992.352918604651,5625.2435749999995,5103.5757,5730.866675
02-Oct-2019 10:33:00,10158.3916,4989.9253125000005,4961.1468875,5540.136969318181,4875.413977777778,5399.52245,5065.887779729729,4992.766025581395,5731.115737499999,4845.6849,5435.873125
02-Oct-2019 10:34:00,10553.6318,4831.2158,5177.448522222222,5551.445167613636,4907.992,5430.970177777777,5086.14364,4993.230770930233,5535.402,4799.76375,5374.172655555556
02-Oct-2019 10:35:00,10605.1719,4777.15448,4978.42328,5452.71775,4746.295545454545,5444.04864,5076.262140000001,4993.747154651163,5439.969700000001,4844.01084,5331.15974
02-Oct-2019 10:36:00,10719.0137,4816.2877,4943.253081818181,5350.180654545455,5075.393218181818,5339.6435363636365,5036.5297909090905,4956.7373,5201.475790909091,4704.211554545454,5565.737236363636
02-Oct-2019 10:37:00,10439.7324,4784.6886,4860.543663636364,5403.99730909091,4851.030418181818,5315.133,5002.733045454545,4800.8028545454545,5437.993072727273,4859.50279090909,5415.9315
02-Oct-2019 10:38:00,10255.5938,4860.489072727273,4952.460772727272,5312.909090909091,4765.365218181819,5452.863454545454,4958.397072727274,4885.495609090909,5595.548172727273,5053.0130818181815,5462.225799999999
02-Oct-2019 10:39:00,10158.6162,4898.439727272727,5049.511109090909,5304.847627272728,5114.4085700000005,5531.7658363636365,4886.16515882353,4981.29756,5456.3441454545455,4826.542263636364,5486.111645454545
02-Oct-2019 10:40:00,10115.7764,4796.91936,4896.69086,5414.92945,4950.52387,5403.99724,4943.659021568627,4891.30478,5381.63814,4996.37043,5525.45018
02-Oct-2019 10:41:00,10671.4492,4861.471100000001,4715.6511900000005,5490.22925,5003.8117999999995,5308.5007399999995,5001.152884313726,4930.58162,5385.28124,4972.87939,5657.3018600000005
02-Oct-2019 10:42:00,10594.8379,4942.94434,4888.49279,5451.16965,5039.534,5420.4367,5058.646747058823,4759.23748,5637.49147,4894.49276,5434.33026
02-Oct-2019 10:43:00,10386.5645,4899.9457999999995,4545.17886,5391.26145,4925.075430000001,5418.99238,5116.1406098039215,4981.051361290322,5481.86653,4885.2548799999995,5583.63944
02-Oct-2019 10:44:00,10545.0186,5540.4027399999995,4808.366889999999,6063.4402,5001.26296,6399.4371,5329.327319999999,5469.589167741935,5406.95248,5384.25143,5650.50616
02-Oct-2019 10:45:00,13225.4063,6185.92482,6210.68559,6853.14185,6706.104172727273,7108.72872,6039.5349,5958.126974193548,6077.68495,6245.4716499999995,6698.00546
02-Oct-2019 10:46:00,13305.5137,6252.932190909091,6525.128318181819,6918.116527272728,6310.418727272727,7051.753009090909,6190.566709090909,6410.2257818181815,6782.232445454546,6211.4180636363635,6985.675609090909
02-Oct-2019 10:47:00,13431.2471,6540.438300000001,6343.70729090909,7102.597672727273,6188.651372727272,7059.305672727272,6177.816109090909,6471.331554545454,6864.314027272728,6197.181627272727,7002.446209090909
02-Oct-2019 10:48:00,14017.3965,6529.638763636364,6431.583490909091,7072.614090909091,6070.3411636363635,6933.181009090909,6268.988736363636,6481.555745454545,7123.2869909090905,6260.462072727273,6838.026518181818
02-Oct-2019 10:49:00,13419.7559,6346.326118181819,6028.129790909092,6864.3616363636365,6316.129872727273,6998.317463636364,6338.508718181818,6362.776263636363,7078.117563636364,6311.636818181818,7110.370481818181
02-Oct-2019 10:50:00,13668.8564,6405.239027272728,6287.662818181819,7085.533727272727,6345.101390909091,6970.9271181818185,6452.868527272727,6165.131290909091,6779.956790909091,6370.453754545455,7009.2765
02-Oct-2019 10:51:00,13353.8555,6585.432727272727,6653.508936363636,7127.971981818182,6373.397481818181,6907.2806272727275,6677.142236363636,6457.800563636363,7034.864018181818,6398.113745454545,7040.618081818182
02-Oct-2019 10:52:00,13594.0059,6670.024145454546,6450.703454545455,7019.663227272727,6127.091663636364,6799.628945454546,6687.444518181818,6382.6665454545455,7016.2023272727265,6366.992554545454,7329.575036363636
02-Oct-2019 10:53:00,13043.7148,6335.697690909091,6482.923490909091,7009.856981818182,6517.826054545454,6950.908290909091,6472.396963636364,6299.161727272727,6724.0860999999995,6133.332363636364,6882.486036363637
02-Oct-2019 10:54:00,13251.0654,6176.875463636364,6352.913572727273,6884.955009090909,6416.167572727273,6958.226590909091,6320.259472727273,6717.564945454545,6866.179772727272,6174.4118,7126.2485636363635
02-Oct-2019 10:55:00,13390.6475,6367.867363636364,6435.382090909091,6821.695127272727,6157.534554545455,6798.806818181818,6418.815245454545,6148.694736363636,6985.792381818183,5981.501754545455,7001.798481818181
02-Oct-2019 10:56:00,13422.833999999999,6311.289090909091,6411.428445454545,7015.799145454545,6341.679972727273,6925.060009090909,6724.631336363636,6431.7573,7173.389718181818,5904.908136363636,7060.637809090909
02-Oct-2019 10:57:00,13333.7539,6257.492563636363,6404.563800000001,7067.677954545455,6257.320545454545,7208.229536363637,6678.7826000000005,6583.365563636364,6974.266672727273,6078.334390909091,7338.401236363636
02-Oct-2019 10:58:00,13411.4414,6337.507490909091,6117.8439,7044.630245454546,6047.953027272728,7065.457545454546,6777.3857181818175,6227.74,6891.816327272728,6023.415381818182,7217.660854545455
02-Oct-2019 10:59:00,13191.5059,6404.760618181818,6422.080818181818,6931.578372727273,6279.64325,6874.743018181818,6702.877863636363,6598.5195,7028.1421272727275,6067.092809090909,7016.010518181818
02-Oct-2019 11:00:00,13653.8633,6488.642444444444,6462.68682,6797.035530232558,6424.896625,6953.50916,6710.924409090909,6650.355340740741,7050.41967,6100.013366666667,7151.43026
02-Oct-2019 11:01:00,13050.5576,6498.7969625,6160.7555125,6791.931418604651,6371.811,7025.67385,6717.361645454545,6610.433103703704,7031.285325,6191.536275,7492.636199999999
02-Oct-2019 11:02:00,13206.9189,6294.1966250000005,6108.6114875,6786.827306976744,6169.5881125,6877.81205,6723.798881818182,6570.5108666666665,6965.13955,6023.565325,7313.07105
02-Oct-2019 11:03:00,13312.6582,6147.674,6346.085075,6781.723195348837,6120.2862,7005.96435,6730.236118181818,6530.588629629629,6989.6590875,6202.33195,7269.869875
02-Oct-2019 11:04:00,13327.0313,6347.965700000001,6333.163666666667,6775.981069767442,6370.51446,6972.208211111111,6658.1805,6485.676112962963,7016.3138,6256.030839999999,7025.749555555556
02-Oct-2019 11:05:00,13756.0332,6348.8306600000005,6360.76889,6834.188,6258.096136363636,6893.8305,6342.62976,6435.773316666667,6861.929169999999,6184.27007,7256.6254
02-Oct-2019 11:06:00,13785.458,6506.275809090909,6263.836754545455,6903.542254545455,6272.262709090909,6985.654936363637,6483.688563636364,6344.668690909091,7047.472827272727,6252.044909090909,7285.251836363636
02-Oct-2019 11:07:00,13436.4971,6565.801809090909,6196.660318181818,6962.113227272727,6323.511736363636,7063.861599999999,6867.734872727273,6211.869454545455,6873.0931909090905,6122.410972727273,7060.181754545454
02-Oct-2019 11:08:00,13507.0449,6421.634727272727,6228.886018181818,6967.163027272727,6214.9224,7062.548563636364,6587.08719090909,6513.433863636364,7091.2600999999995,6327.993845454545,7265.096127272727
02-Oct-2019 11:09:00,13551.6377,6544.648981818182,6194.219063636364,6818.510054545455,6400.161890909091,6913.625509090909,6168.698927272727,6304.007954545455,7078.031436363636,6258.174672727272,7344.6193454545455
02-Oct-2019 11:10:00,13430.3701,6578.018927272727,5903.050181818182,6661.2198181818185,6453.682433333333,6871.602054545455,6255.252631578947,6106.938444827586,7066.255027272728,6251.060963636363,7045.786290909091
02-Oct-2019 11:11:00,13265.7188,6316.164366666667,6384.086522222222,6748.830311111111,6304.389944444444,6954.195377777778,6337.505526315789,6159.611146551724,7036.4717,6520.552466666667,7150.152
02-Oct-2019 11:12:00,13550.0264,6117.575666666667,6139.373555555556,6810.1368555555555,6078.751344444445,7021.489522222222,6419.758421052632,6212.283848275862,7173.2191,6032.977766666667,7126.862822222222
02-Oct-2019 11:13:00,13254.1582,6191.885433333333,6388.800633333333,6734.345911111111,6282.23506,6921.269211111111,6502.011315789474,6264.95655,7165.864933333333,6402.524788888889,7217.5426333333335
02-Oct-2019 11:14:00,13466.8516,6404.4549,6110.36962,6936.43555,6311.55533,6840.472839999999,6557.84004,6323.481774137931,6942.23275,6356.82415,6888.48966
02-Oct-2019 11:15:00,13359.0059,6343.3355599999995,6342.84605,7067.99245,6335.083154545454,6830.18574,6484.9422,6382.006998275861,7110.1355,6385.47902,6854.80974
02-Oct-2019 11:16:00,13275.8828,6326.504618181818,6256.441781818182,7111.835554545454,6347.2550363636365,6877.607763636364,6523.211581818182,6413.498590909091,6917.895018181818,6535.310236363636,6909.429981818182
02-Oct-2019 11:17:00,13521.0176,6313.2231,6339.329372727273,6956.590181818182,6287.756745454545,7005.3176454545455,6665.850663636364,6375.451181818182,6906.359572727273,6268.748827272728,6858.403427272728
02-Oct-2019 11:18:00,13504.8945,6408.221809090909,6330.204663636364,6974.877781818182,6253.102772727273,6890.866754545455,6586.749981818182,6492.959718181818,6957.731309090909,6351.496627272728,7088.227145454546
02-Oct-2019 11:19:00,13147.0967,6332.789618181818,6539.650018181818,6971.868563636363,6494.349018181818,6841.278018181818,6351.903918181818,5966.818327272727,7090.407136363637,6348.473263636364,6974.497963636364
02-Oct-2019 11:20:00,13260.1113,6349.226299999999,6455.157027272727,6874.697963636364,6295.378372727272,7005.427372727273,6330.669436363636,6435.173763636364,7035.996954545455,6146.467218181819,6710.401418181818
02-Oct-2019 11:21:00,13545.498,6474.181736363636,6294.908972727273,6969.780527272727,6536.394963636364,6942.792054545455,6514.673154545455,6406.136,7152.866836363636,6177.442790909091,6799.552409090909
02-Oct-2019 11:22:00,13413.5967,6416.7804636363635,6562.239309090909,6900.26489090909,6424.9636,7084.187818181818,6563.6972,6402.290690909091,7202.498909090909,6272.4569363636365,7002.759781818182
02-Oct-2019 11:23:00,13316.416000000001,6344.272281818182,6452.565745454546,6931.994054545455,6008.751,7199.690263636363,6180.5022818181815,6682.5969,6918.331554545455,6494.093936363636,7051.853545454545
02-Oct-2019 11:24:00,13251.7695,6339.556545454545,6537.8494,6993.49450909091,5821.506345454545,7146.451754545455,6573.0046,6506.125999999999,6830.615636363636,6367.620718181818,6933.972672727273
02-Oct-2019 11:25:00,13061.7051,6439.716263636364,6406.596527272727,7023.0188,6428.8542,7080.207645454545,6375.827563636364,6164.549354545455,7014.977872727273,6097.651,6907.842254545454
02-Oct-2019 11:26:00,13664.9082,6439.8061,6298.583136363636,6876.247645454546,6788.388009090909,7075.2838,6325.610781818182,6376.537409090909,7035.525890909092,6142.685927272728,7148.9341545454545
02-Oct-2019 11:27:00,13307.1211,6509.724909090909,6362.1293090909085,7103.952127272728,6529.768527272728,7180.3305,6636.003127272727,6338.137472727273,7137.303290909091,6250.465518181818,6952.086836363636
02-Oct-2019 11:28:00,13701.0508,6692.589881818182,6396.647627272728,7335.6152363636365,6506.568381818182,7126.564172727273,6831.7841181818185,6490.962890909091,6823.516436363636,6160.371727272727,6810.933818181818
02-Oct-2019 11:29:00,13248.5215,6709.3649,6308.843645454545,7058.863318181818,6312.1719454545455,6951.399481818182,6558.765827272727,6711.0,6814.400827272728,6133.9095090909095,7288.524027272728
02-Oct-2019 11:30:00,13617.2109,6567.368018181818,6157.529818181819,6843.790818181818,6181.396918181818,6947.522390909091,6749.788072727272,6748.906636363637,6973.779772727273,6108.0974636363635,7007.176545454546
02-Oct-2019 11:31:00,13142.7139,6386.018436363636,6522.998790909091,6800.051927272727,6272.579790909091,7093.079936363636,6498.5395,6500.906572727273,7004.7538545454545,6198.325154545455,6987.571090909091
02-Oct-2019 11:32:00,14090.0117,6282.6681181818185,6464.140754545455,6803.436681818182,6121.835099999999,6848.5437999999995,6532.7380454545455,6180.611236363637,6924.315781818182,6369.281636363637,6870.434818181819
02-Oct-2019 11:33:00,13493.4893,6258.9237,6487.758818181818,7024.690854545454,6242.003027272727,6812.946863636364,6733.268572727273,6259.7656,7032.942118181819,6439.5436,6785.7750090909085
02-Oct-2019 11:34:00,13406.3828,6352.8870090909095,6331.3312636363635,6995.060572727273,6252.624481818182,6986.5868909090905,6541.520454545455,6511.244254545455,6880.022309090909,6463.859163636364,7002.848927272727
02-Oct-2019 11:35:00,13559.8906,6504.740881818182,6343.972318181818,6963.616154545454,6506.128336363636,6830.361345454546,6588.3386,6220.434345454546,6935.131590909091,6276.328909090909,7075.894090909091
02-Oct-2019 11:36:00,13383.7754,6604.726663636364,6144.437818181818,7017.202054545454,6327.081736363636,6894.739100000001,6485.67129090909,6516.220645454546,6961.421590909091,6338.997318181819,7086.733254545455
02-Oct-2019 11:37:00,13291.9629,6618.570909090909,6308.560836363636,6951.960772727273,6002.256381818182,6775.470218181818,6323.420936363636,6555.310418181819,6970.734427272728,6436.455618181819,7308.217818181818
02-Oct-2019 11:38:00,13562.7432,6592.799336363636,6583.317190909091,7028.898854545455,6310.7265,6855.6843181818185,6401.128381818182,6428.6132727272725,7141.423536363636,6357.92040909091,7263.482481818181
02-Oct-2019 11:39:00,13566.8623,6576.570490909091,6492.641472727272,6914.218954545455,6046.639463636364,7021.205736363637,6392.751654545455,6173.0140363636365,7171.619227272728,6189.805345454545,6937.127572727273
02-Oct-2019 11:40:00,13363.4971,6682.1867,6345.653881818182,6851.668118181818,6386.337836363637,6996.1528181818185,6788.495345454545,6505.3731727272725,6923.771190909091,6319.999627272728,6952.6073
02-Oct-2019 11:41:00,13697.958,6479.7423,6550.362109090909,6836.384627272727,6249.1009,6969.458990909091,6809.936581818182,6426.489227272727,6914.930990909091,6185.444227272727,7002.1371818181815
02-Oct-2019 11:42:00,13356.6797,6274.122263636364,6228.237681818182,6669.923136363636,6529.281863636364,6882.913872727273,6645.914981818182,6407.456972727273,6916.973618181818,6099.657136363637,7289.316754545454
02-Oct-2019 11:43:00,13396.4688,6212.393918181818,6314.1588,6655.4515,6328.509781818182,6822.741454545455,6552.248690909091,6436.253272727273,6988.296172727273,6239.493972727272,7119.700909090909
02-Oct-2019 11:44:00,13270.3262,6256.5601090909095,6296.9011272727275,6806.602963636364,6095.007918181818,6750.9572181818185,6414.033536363637,6525.824309090909,7177.830872727272,6373.263109090909,7026.767327272727
02-Oct-2019 11:45:00,13465.2158,6437.892327272727,6105.910654545455,6776.336545454546,6272.794181818182,6983.906927272727,6238.143645454546,6380.474209090909,7218.8819454545455,6268.610863636364,6948.4969
02-Oct-2019 11:46:00,13540.5713,6312.751345454545,6118.989681818182,6912.8663,6378.7292,6972.214072727273,6403.558790909091,5975.267526732673,6840.671109090908,6455.137781818182,6864.6336
02-Oct-2019 11:47:00,13384.5605,6167.6204,6406.05179,6960.6299,6268.7363399999995,6783.4220399999995,6472.804679999999,6156.639160396039,7012.96746,6411.87451,6513.36524
02-Oct-2019 11:48:00,13529.4648,6230.185,6384.12196,6812.6957999999995,6115.7927199999995,6792.71472,6723.6347399999995,6338.010794059406,7212.64696,6444.034299999999,6940.723220000001
02-Oct-2019 11:49:00,13581.1494,6352.57716,6100.93669,6905.2878,6104.246730000001,6990.68592,6635.69534,6519.382427722772,6993.31524,6285.68115,7236.9318
02-Oct-2019 11:50:00,13124.3828,6512.95644,6401.17007,7018.3479,6387.8861400000005,7043.39138,6451.23144,6700.754061386138,6763.83428,6349.41476,7169.58436
02-Oct-2019 11:51:00,13236.9512,6912.91994,6504.121450000001,7270.1509,6336.56632,7800.27656,6897.03494,6882.125695049505,7097.30838,6784.04543,6999.36292
02-Oct-2019 11:52:00,15742.208999999999,7537.9466600000005,6904.5438300000005,7594.3574499999995,7727.148209999999,8054.79054,7948.16914,7063.497328712871,7604.10263,7369.38923,7894.8908599999995
02-Oct-2019 11:53:00,15646.1484,7476.4074,7317.96926,7837.518599999999,7661.89125,7990.01886,8049.0743999999995,7244.8689623762375,7938.40359,7129.30477,8139.0845
02-Oct-2019 11:54:00,15644.6582,7676.532819999999,7568.268410000001,8128.358400000001,7473.51825,8146.68378,7802.0091600000005,7426.2405960396045,8059.924480000001,7497.8718,8281.08764
02-Oct-2019 11:55:00,15805.4248,7846.7627,7478.1506899999995,8086.46385,7565.768690909091,8288.4414,8084.19124,7607.612229702971,8128.11686,7716.91455,8059.2941200000005
02-Oct-2019 11:56:00,16025.6768,7772.181663636364,7464.7166090909095,7866.643745454546,7335.498363636364,8215.686636363636,7934.039345454546,7691.043790909091,8074.868681818181,7567.931190909091,8219.595554545454
02-Oct-2019 11:57:00,15679.9775,7666.137790909092,7276.248981818182,8103.106454545455,7185.891436363636,7994.496445454545,7330.8032,7413.775336363637,8034.037472727273,7383.095636363636,8399.571545454546
02-Oct-2019 11:58:00,16022.3633,7491.479972727273,7030.5956,8208.62180909091,7381.77520909091,8091.183409090909,7572.942718181818,7788.956963636364,7980.6018,7478.185663636364,8413.072027272727
02-Oct-2019 11:59:00,16154.7188,7607.625172727273,7207.205645454545,8116.959681818183,7899.73923,8117.846518181818,7481.116511764706,7717.2800799999995,8167.330536363636,7571.550518181818,8325.8989
02-Oct-2019 12:00:00,15747.1719,7740.56542,7349.4205,8280.29635,7288.154140000001,7894.55872,7557.248550980392,7353.2352,8155.30619,7408.77392,8352.042019999999
02-Oct-2019 12:01:00,15900.6592,7628.53106,7499.63203,8255.6152,7509.39705,7982.4953,7633.380590196079,7476.01662,8268.8748,7415.99768,8348.32426
02-Oct-2019 12:02:00,15791.7773,7652.71896,7434.06918,8240.6738,7718.528770000001,8299.2254,7709.5126294117645,7342.88068,8031.687989999999,7426.78059,8117.734420000001
02-Oct-2019 12:03:00,16332.8262,7611.79202,7324.36889,8303.4736,7278.851545454546,8070.996700000001,7785.644668627451,7771.923218181818,8176.89211,7430.984820000001,8211.49204
02-Oct-2019 12:04:00,16097.5811,7588.9551,7652.392890909091,8193.774264077669,7372.28909,8013.1922,7804.87271,7527.96652,8331.531527272728,7372.71928,7995.012172727273
02-Oct-2019 12:05:00,15515.7715,7454.1677500000005,7559.2246000000005,8183.803370873786,7388.517222222223,8175.02576,7664.903633333333,7483.5986,8080.902700000001,7334.4623473684205,8110.4959
02-Oct-2019 12:06:00,15922.2539,7328.5005,7647.675588888888,8174.829566990291,7087.093011111111,8218.501855555556,7583.2780219178085,7498.191133333334,7906.266433333333,7397.599478947368,8184.522333333334
02-Oct-2019 12:07:00,15275.6582,7319.631077777778,7546.257455555556,8165.855763106795,7045.054444444444,8269.3483,7594.729387671233,7423.921077777778,7988.416033333334,7508.1546,8291.604022222224
02-Oct-2019 12:08:00,15743.1777,7408.384677777778,7202.6676333333335,8156.8819592233,7220.971122222222,8331.255944444445,7606.180753424657,7564.4884999999995,8140.9946666666665,7412.662733333333,8436.412944444444
02-Oct-2019 12:09:00,16169.2305,7328.360244444444,7439.364166666666,8147.9081553398055,7776.785622222223,8332.7728,7617.632119178082,7426.333333333333,8104.904666666667,7143.458966666667,8289.577988888888
02-Oct-2019 12:10:00,15799.9785,7341.859911111111,7362.833677777778,8138.934351456311,7591.551511111111,8335.439033333334,7629.083484931507,7348.395333333333,8177.4173666666675,7538.283033333333,8144.386944444444
02-Oct-2019 12:11:00,15570.0449,7642.819633333333,7494.4818000000005,8129.960547572815,7489.274711111111,8188.906022222222,7640.534850684931,7555.4474666666665,8179.5238,7477.2999666666665,8295.947711111112
02-Oct-2019 12:12:00,16141.5234,7510.2345888888885,7557.994433333333,8120.98674368932,7263.248888888889,8139.144288888889,7651.986216438356,7570.926877777778,8248.313966666667,7259.476233333334,8379.375655555556
02-Oct-2019 12:13:00,15254.9268,7358.626955555556,7446.344977777778,8112.012939805825,7662.531650000001,8217.535577777779,7663.43758219178,7641.00018,8073.151066666666,7232.940766666667,8393.7972
02-Oct-2019 12:14:00,16031.9863,7506.851354545455,7480.58652,8102.042046601941,7675.753827272728,8032.463299999999,7780.2543090909085,7520.586481818182,8042.86611,7537.730609090909,8420.87988
02-Oct-2019 12:15:00,15777.7324,7563.137409090909,7597.9700454545455,7932.0076181818185,7817.560918181818,8149.5521272727265,7935.526145454546,7488.346418181818,8150.395327272728,7574.434736363636,8414.094027272728
02-Oct-2019 12:16:00,15944.5215,7515.3044,7599.06290909091,7912.3044,7367.108872727273,8244.412436363637,7658.997390909091,7580.558918181819,8190.317409090909,7565.103618181818,7944.461472727273
02-Oct-2019 12:17:00,16132.8516,7645.464045454545,7254.015972727273,7979.493036363637,7435.932045454545,8270.516154545454,7747.1109,7649.914136363636,8365.506918181818,7573.870090909091,8182.014945454545
02-Oct-2019 12:18:00,16107.9688,7860.020354545454,7387.608118181818,8075.620336363636,7093.154809090909,8337.5665,7387.0167,7605.590727272727,8129.2615000000005,7423.060536363636,8368.373236363637
02-Oct-2019 12:19:00,15312.7246,7575.982754545455,7406.831790909091,8177.565936363637,7364.009463636364,8005.895263636364,7371.268636363637,7557.327881818182,8128.043045454546,7395.465536363637,8121.9157000000005
02-Oct-2019 12:20:00,15966.2129,7204.25639090909,7293.911018181818,7979.272718181818,7476.518599999999,7942.423554545455,7711.0737,7395.593518181819,8349.301572727272,7506.117609090908,8187.348318181817
02-Oct-2019 12:21:00,16017.1113,7411.731118181818,7547.508154545454,8009.368781818182,7459.929318181818,8160.823145454546,7715.397063636364,7476.197290909091,8293.260418181819,7269.0499272727275,8199.126990909092
02-Oct-2019 12:22:00,15895.458999999999,7675.432718181818,7563.447772727272,7904.508790909091,7222.523509090909,8272.432081818182,7592.686327272728,7301.954636363636,7974.160327272727,7383.509218181818,8220.769290909091
02-Oct-2019 12:23:00,15945.5605,7588.716809090909,7337.979872727273,7760.297309090909,7302.873045454546,8310.963763636364,7893.148581818182,7628.757645454545,7932.387318181818,7396.172881818182,8281.153436363637
02-Oct-2019 12:24:00,15990.6758,7477.153745454545,7374.320509090909,8245.736654545455,7354.244199999999,8051.034336363636,7918.823818181818,7626.800081818182,8156.57589090909,7270.447136363636,8305.374418181818
02-Oct-2019 12:25:00,15654.9609,7658.3641727272725,7527.158063636364,8411.467863636364,7654.2163272727275,7900.844936363636,7724.524127272727,7741.961063636364,7948.699563636364,7595.860745454545,8241.71509090909
02-Oct-2019 12:26:00,15821.1797,7614.260281818182,7593.684181818182,8030.2915454545455,7528.660172727273,8216.000118181819,7756.299827272727,7796.539000000001,8182.702572727272,7703.8312,8230.331009090909
02-Oct-2019 12:27:00,15523.1445,7416.7849,7431.918472727273,7818.707663636364,7828.168027272727,8295.306736363636,7600.721118181818,7798.923563636364,8072.1659,7675.625518181818,8074.904272727273
02-Oct-2019 12:28:00,15752.5801,7501.233490909091,6992.210509090909,7899.093009090909,7574.705645454545,8162.167509090909,7698.645209090909,7856.912672727273,8164.518245454546,7715.125554545455,8322.191454545455
02-Oct-2019 12:29:00,15601.8789,7693.904145454546,7568.278290909091,7944.021718181818,7489.2141,8049.682272727273,7930.197136363637,7592.171990909092,8443.727018181818,7693.090390909091,8433.145981818183
02-Oct-2019 12:30:00,15991.2031,7670.128436363636,7585.3802,7859.958190909091,7546.635418181818,8163.7544,7832.435036363637,7573.461981818182,8238.777163636363,7407.113654545455,8419.000754545455
02-Oct-2019 12:31:00,15472.9316,7581.105,7404.911063636363,7984.604636363637,7438.215881818182,8188.812290909091,7927.947518181818,7484.376700000001,8168.958763636364,7585.604472727273,8436.869181818181
02-Oct-2019 12:32:00,15828.9492,7564.0801363636365,7683.107863636364,8067.847836363637,7915.669590909091,8177.536709090909,7903.3766,7523.839636363637,8216.101645454546,7584.312709090909,8300.678727272727
02-Oct-2019 12:33:00,15999.3877,7406.676581818182,7509.973954545454,8154.692836363636,7506.601463636363,8531.304772727273,7934.244345454545,7468.369709090909,8220.596345454545,7642.272581818182,8152.783745454546
02-Oct-2019 12:34:00,15713.375,7427.359863636364,7608.5666909090905,8231.754227272726,7527.590063636364,8237.661809090909,7755.037218181818,7455.556363636364,8392.609481818183,7685.245927272727,8020.679781818182
02-Oct-2019 12:35:00,15551.1328,7462.386018181818,7570.798463636364,8303.272545454545,7423.249081818181,8125.907845454545,7489.755390909091,7601.992281818182,8403.337327272728,7550.953472727273,8367.321618181817
02-Oct-2019 12:36:00,16127.2832,7329.096736363636,7823.4977272727265,8293.131390909091,7387.5713636363635,8288.508081818181,7372.3463,7536.846236363636,8292.166327272727,7483.843409090909,8561.884481818182
02-Oct-2019 12:37:00,15546.1836,7353.942627272727,7524.999290909091,8024.895936363637,7231.472736363636,8400.5061,7395.820136363636,7602.174945454545,8003.794127272728,7404.581781818182,8370.382318181819
02-Oct-2019 12:38:00,15721.2246,7514.152418181819,7417.023709090909,8008.043236363636,7328.845227272727,8172.268245454545,7869.759345454545,7652.762681818182,8156.972163636364,7419.108354545455,8238.189881818182
02-Oct-2019 12:39:00,16058.7959,7423.562636363637,7806.258527272727,8051.234554545455,7540.40963,8255.487354545454,7606.66464,7380.862340000001,8274.40251818182,7261.130987341772,8167.370236363637
02-Oct-2019 12:40:00,15725.5771,7404.3398,7513.56417,8047.03175,7529.88264,8357.5275,7666.85845,7679.912,8287.43838,7309.013455696203,8224.21248
02-Oct-2019 12:41:00,15862.0879,7421.26756,7654.6092499999995,8141.86085,7456.56707,8179.0833600000005,7974.2446,7482.0234,8220.02693,7356.895924050633,8309.024819999999
02-Oct-2019 12:42:00,15909.2344,7495.88966,7363.1684399999995,8179.807849999999,7331.931530000001,8106.24684,8032.74802,7558.6862,8146.94915,7404.778392405064,8456.03168
02-Oct-2019 12:43:00,16494.6172,7629.23378,7509.6084200000005,8161.8303,7672.099633333333,8097.33532,7914.2131500000005,7666.401364285714,8391.22997,7452.6608607594935,8651.9846
02-Oct-2019 12:44:00,15503.9355,7513.128233333333,7497.495122222223,8025.568655555556,7711.242177777777,8098.251455555555,7628.741266666667,7664.896403571429,8378.341766666666,7495.755082278481,8604.040877777777
02-Oct-2019 12:45:00,15585.3418,7489.400366666667,7574.192044444444,8008.6357333333335,7755.1274300000005,8087.961633333333,7891.831277777777,7663.391442857143,8236.985633333334,7538.849303797469,8167.661955555555
02-Oct-2019 12:46:00,15571.7422,7441.91914,7427.11273,8098.91335,7162.25,8144.378500000001,8021.704590909091,7659.743154545455,8095.00876,7586.731772151898,8064.72164
02-Oct-2019 12:47:00,16304.833999999999,7249.071409090909,7590.950036363636,8123.161736363637,7335.289436363636,8073.566336363637,8291.036372727272,7634.214663636363,8321.292309090908,7618.3019,8286.946181818183
02-Oct-2019 12:48:00,15407.5518,7550.473818181818,7075.358463636363,7959.644972727273,7423.913663636364,8171.406454545454,8078.343618181818,7640.799545454545,8107.290118181818,7380.960690909091,8327.237936363637
02-Oct-2019 12:49:00,15361.5723,7637.8773,7387.3707545454545,7784.331590909091,7909.4339,8274.117881818182,7772.980445454545,7943.914890909091,8223.328281818181,7102.9137,8314.748927272727
02-Oct-2019 12:50:00,15697.4688,7532.739372727273,7698.8799272727265,7852.356709090909,7717.4114,8360.629181818182,7586.970172727272,7767.532218181818,8040.937963636364,7371.5553272727275,8220.891090909092
02-Oct-2019 12:51:00,15661.4307,7411.304027272727,7602.657181818182,8135.452136363637,7575.074872727272,8417.61869090909,7737.0441,7618.281272727273,8095.68740909091,7527.914972727273,8173.5891363636365
02-Oct-2019 12:52:00,16146.2832,7398.0047545454545,7495.705109090909,8254.110018181818,7665.209281818182,8441.566036363636,7531.319554545455,7534.250709090909,8082.251790909091,7572.049845454546,8234.381427272727
02-Oct-2019 12:53:00,16100.0391,7414.880627272727,7381.61019090909,8146.166345454545,7539.799,8304.430672727272,7729.193463636364,7558.584981818182,7742.216518181818,7359.727727272727,8154.118636363637
02-Oct-2019 12:54:00,15896.6006,7587.364854545454,7444.766863636363,8193.240936363636,7343.294718181818,8320.094536363637,7970.258463636364,7380.103872727273,7844.109,7426.342836363636,7936.506463636363
02-Oct-2019 12:55:00,16039.0771,7669.379118181818,7330.8909,8139.061263636363,7534.616554545455,8247.473281818182,8079.951863636364,7514.251218181817,8110.284000000001,7587.133872727272,8019.368090909091
02-Oct-2019 12:56:00,16018.0566,7574.030581818181,7624.855918181818,8111.944509090909,7185.2795,8216.071663636363,7922.6469,7514.105367326732,8187.115645454545,7382.274818181818,8311.369554545456
02-Oct-2019 12:57:00,16223.9414,7422.3085599999995,7222.00149,8000.4785,7192.96954,8265.13184,7746.88188,7515.193703960396,8134.08857,7214.51291,8351.67086
02-Oct-2019 12:58:00,15642.5156,7561.42266,7495.20172,7974.13795,7696.08153,8342.05254,7807.1730800000005,7516.282040594059,8224.752269999999,7612.9631,8254.153100000001
02-Oct-2019 12:59:00,15870.2773,7554.9648799999995,7664.81097,8051.2312,7314.55365,8027.71444,7705.032819999999,7517.370377227723,8069.06758,7736.58836,8444.93398
02-Oct-2019 13:00:00,15386.2246,7393.52074,7982.16235,8110.5239,7355.40477,8165.44528,7988.446239999999,7518.458713861386,7943.41598,7685.38005,8478.958620000001
02-Oct-2019 13:01:00,16108.8262,7475.48636,7332.98694,8195.8364,7493.8194,8191.83082,7826.67562,7519.54705049505,7844.111809999999,7514.0816,8455.94122
02-Oct-2019 13:02:00,16250.292,7280.36174,7556.80095,8124.86965,7301.76149,8163.92598,7715.85176,7520.635387128713,8160.260130000001,7642.33295,8334.32382
02-Oct-2019 13:03:00,16116.4375,7496.084,7466.027389999999,8081.45705,7690.85875,8314.59418,7870.59786,7521.723723762376,8321.84299,7754.62492,8594.33186
02-Oct-2019 13:04:00,15534.6367,7483.683,7344.64688,7793.26125,7373.82449,8332.61154,7627.57986,7522.81206039604,8008.13814,7705.75235,8781.32092
02-Oct-2019 13:05:00,16044.8232,7277.29706,7243.2715,7772.736849999999,7496.7762999999995,8117.6759600000005,7655.84238,7523.900397029703,8095.97807,7530.7259,8549.553899999999
02-Oct-2019 13:06:00,15764.4688,7332.328027272727,7665.148354545455,8142.643181818182,7591.3335,7980.032918181818,7544.178181818182,7559.0940272727275,8174.0076272727265,7580.119245454545,8283.571272727273
02-Oct-2019 13:07:00,15664.9482,7471.367527272727,7701.149236363636,8337.4945,7591.4882181818175,8399.097136363636,7773.438718181818,7689.815145454546,8524.15929090909,7526.7165545454545,8084.279463636363
02-Oct-2019 13:08:00,16063.4521,7572.901454545455,7390.941654545454,8169.581454545455,7745.292227272727,8161.590363636364,7975.284536363636,7602.306936363637,8355.603545454545,7216.679872727273,8207.607072727273
02-Oct-2019 13:09:00,15769.8936,7408.9386545454545,7720.421881818182,7967.417527272727,7594.578390909091,8094.194718181819,7590.216318181818,7600.152172727272,8353.266509090909,7359.736518181818,8183.773300000001
02-Oct-2019 13:10:00,16303.668,7363.775654545455,7500.2588000000005,7990.0790090909095,7603.261872727273,7875.9505,7619.395963636363,7257.627463636363,8363.080072727273,7242.659154545455,8064.2591
02-Oct-2019 13:11:00,15377.5586,7480.552381818182,7354.494836363636,7925.779909090909,7717.598,7952.425181818182,7585.752436363636,7341.281627272727,8337.248145454545,7264.206163636364,8532.110254545454
02-Oct-2019 13:12:00,16154.7676,7423.261618181818,7802.936318181818,8073.329454545455,7495.239836363636,8090.464054545454,7514.966063636363,7474.184009090909,8102.849154545454,7785.7736,8604.899936363638
02-Oct-2019 13:13:00,15479.2344,7345.029827272728,7756.0185363636365,8110.539227272728,7353.544336363636,8235.1795,7802.6744,7546.696127272728,8153.230718181818,7640.725927272727,8157.877136363637
02-Oct-2019 13:14:00,15651.8125,7455.171054545454,7398.329472727273,8089.071854545455,7506.125745454546,8456.207027272727,7544.547318181818,7433.115845454546,7891.629063636364,7115.5347363636365,8136.752809090909
02-Oct-2019 13:15:00,15570.1006,7593.595463636364,7438.326018181818,7952.860718181818,7917.662936363637,8382.237772727272,7526.019409090909,7456.012318181818,7920.5857636363635,7326.038581818182,8289.867245454545
02-Oct-2019 13:16:00,16171.4131,7584.053427272727,7598.640236363637,7952.571027272727,7674.711581818182,8297.3552,7501.245145454545,7577.419954545455,8174.85710909091,7259.4627,8389.873927272727
02-Oct-2019 13:17:00,15220.0371,7511.513854545455,7548.1203,7988.4526636363635,7427.282745454546,8247.298045454545,7427.305754545455,7605.8544,8152.442372727273,7363.507318181818,8291.483927272728
02-Oct-2019 13:18:00,16388.043,7443.718236363637,7661.534727272728,7951.770709090909,7598.247236363637,8147.8767,7735.3070727272725,7408.056909090908,8218.026690909091,7559.207572727272,8550.637636363637
02-Oct-2019 13:19:00,16014.3613,7328.851281818182,7675.262654545454,7968.646772727273,7714.791218181818,8070.184654545455,7810.305463636364,7464.2487,7979.453345454546,7500.840445454545,8522.15370909091
02-Oct-2019 13:20:00,15266.9063,7556.690145454546,7797.787318181819,7972.461972727273,7544.346463636364,7954.972045454545,7700.788709090909,7768.952,8094.182218181818,7602.197581818182,8174.579190909091
02-Oct-2019 13:21:00,15966.3906,7812.732018181818,7765.720227272727,7899.0225272727275,7612.881563636363,8055.979627272727,7881.847627272728,7557.464254545454,8002.416281818181,7428.178790909091,8267.371909090909
02-Oct-2019 13:22:00,15695.7637,8062.228981818182,7638.872636363636,8411.887345454545,8087.4251,8495.927563636364,7954.731872727272,7222.064936363637,8704.993754545454,7838.843781818182,8526.393863636364
02-Oct-2019 13:23:00,17290.8086,8369.19479090909,8022.851990909091,8891.099072727273,8226.514418181818,8751.3388,8708.8954,8293.923827272727,9118.6368,8472.197909090908,8851.840918181819
02-Oct-2019 13:24:00,17194.5352,8482.282418181818,8559.24300909091,8781.443163636362,8512.194445454545,8894.382454545454,8690.992036363637,8429.1891,8903.223127272728,8417.9331,9005.061954545454
02-Oct-2019 13:25:00,17679.6582,8374.548036363636,8460.8029,8848.441654545453,8562.388681818182,8978.3995,8675.237909090909,8583.1706,8926.626272727271,8209.208454545455,8907.281581818183
02-Oct-2019 13:26:00,17204.498,8244.8824,8394.873472727271,8845.7708,8555.496818181819,8932.358463636363,8459.838881818183,8366.3621,8979.936963636363,8138.295863636364,9216.716254545454
02-Oct-2019 13:27:00,17814.1699,8352.383372727272,8315.07951818182,8734.59289090909,8165.003372727273,9046.031781818181,8524.084609090909,8407.120745454546,8920.319436363636,8153.464918181818,8933.114927272727
02-Oct-2019 13:28:00,17712.4082,8502.521854545454,8371.791936363636,8811.916618181818,8370.498572727272,8977.55489090909,8557.532272727272,8333.53639090909,8936.935872727272,8068.708081818182,9129.363372727272
02-Oct-2019 13:29:00,17343.8281,8349.331254545454,8365.287363636364,8977.381545454546,8343.098381818183,9064.469372727273,8685.317618181818,8217.54398181818,8966.2497,8271.911981818183,9039.217154545455
02-Oct-2019 13:30:00,17175.9805,8116.178781818181,8467.30919090909,9050.031681818182,8512.293754545453,8883.105463636364,8448.952427272727,8353.26919090909,8991.012609090909,8337.70670909091,9021.72641818182
02-Oct-2019 13:31:00,17258.3398,8155.876409090909,8466.1616,9067.40749090909,8388.598763636362,8816.243518181818,8391.60770909091,8409.921136363637,8972.050136363636,8156.403245454546,8988.3212
02-Oct-2019 13:32:00,17438.0488,8475.075718181817,8424.341609090909,9043.112754545455,8234.260427272728,8862.524518181817,8496.927627272727,8071.911036363636,9007.8189,8038.742309090909,9184.565200000001
02-Oct-2019 13:33:00,17540.0605,8375.8071,8487.605763636364,8927.502654545455,8414.565727272728,8751.128763636363,8547.181636363637,8387.767954545454,9050.056081818182,8146.379909090909,9060.540836363636
02-Oct-2019 13:34:00,17367.4258,8235.470718181818,8320.298536363636,8859.976545454545,8505.983118181817,8795.298727272728,8642.152881818181,8295.118772727272,8942.747800000001,8113.643981818182,9084.745854545456
02-Oct-2019 13:35:00,17429.1875,8418.570563636364,8143.088954545455,8891.14630909091,8433.106718181818,8670.9706,8636.442145454545,8276.48719090909,8954.797936363637,8128.054009090909,9218.399136363638
02-Oct-2019 13:36:00,17602.9453,8355.991736363636,8152.9154,8987.262527272727,8232.415163636364,8704.302054545455,8650.140927272727,8216.452854545454,8840.204690909091,8241.84480909091,9134.822063636364
02-Oct-2019 13:37:00,16904.6504,8146.4948,8431.331463636365,8883.903054545455,8568.952672727271,8690.154854545455,8674.200672727273,8282.4884,9003.870454545455,8111.792336363636,8871.562027272726
02-Oct-2019 13:38:00,17512.875,8235.446490909091,8331.742636363637,8846.4472,8457.437354545455,8833.39720909091,8735.565063636363,8305.5525,8913.327118181818,8165.090927272728,9165.679699999999
02-Oct-2019 13:39:00,17575.1543,8188.504554545454,8466.424218181819,8958.492727272727,8456.216727272727,9045.231254545455,8563.426654545454,8460.132963636364,8735.976572727272,8423.699618181818,9111.599790909091
02-Oct-2019 13:40:00,17279.9316,8131.94385,8757.293372727274,8978.508194117647,8289.6525,8828.568909090909,8467.829010000001,8418.102719999999,8730.387227272728,8381.76016,8998.402863636364
02-Oct-2019 13:41:00,17413.5586,8461.514650000001,8305.09551,8968.002684313726,8287.327800000001,8824.985200000001,8577.853500000001,8446.67364,8627.00246,8415.51228,9030.04026
02-Oct-2019 13:42:00,17490.1152,8498.12745,8218.70649,8957.497174509803,8332.84056,9122.52578,8690.81316,8490.12268,8811.546779999999,8321.0006,9219.59396
02-Oct-2019 13:43:00,17622.0957,8433.8657,8483.75681,8946.991664705882,8382.745649999999,9086.78146,8919.05589,8294.488299999999,8871.86336,8226.64356,9414.9879
02-Oct-2019 13:44:00,17221.9336,8412.256536363637,8595.08284,8936.48615490196,8436.967718181819,9075.27836,8736.350336363636,8376.355463636364,8938.038499999999,8256.75148181818,9401.04572
02-Oct-2019 13:45:00,17166.6211,8254.1305,8465.881890909091,9039.958363636364,8245.470345454545,9102.13741818182,8834.201518181819,8188.818972727273,8940.194527272728,8337.547927272726,9175.000909090908
02-Oct-2019 13:46:00,17465.4004,8370.317500000001,8542.019327272728,8953.132081818181,7997.0932454545455,9067.032363636365,8831.070181818182,8127.386545454546,8823.330418181818,8210.505745454546,9098.625863636364
02-Oct-2019 13:47:00,17294.6133,8362.016327272728,8353.9506,8794.025036363637,8219.518254545455,9074.195472727273,8601.85010909091,8253.30830909091,8848.226727272728,8246.335154545455,9062.804645454546
02-Oct-2019 13:48:00,17351.207,8344.0491,8418.673281818183,8790.801072727274,8269.970681818182,8828.59049090909,8544.896481818181,8370.343918181818,8831.037109090908,8462.348,9413.341827272727
02-Oct-2019 13:49:00,17495.7813,8371.004618181818,8460.844018181819,8786.892745454546,8463.479272727272,8874.216018181818,8592.311618181819,8230.527863636364,9032.97390909091,8223.457736363636,8937.67610909091
02-Oct-2019 13:50:00,17338.1309,8256.742318181818,8186.551709090909,8792.394363636364,8188.571863636364,8975.6189,8686.38000909091,8408.143790909091,8876.795472727274,7963.9068090909095,9211.216318181818
02-Oct-2019 13:51:00,17702.3672,8256.846727272727,8241.675745454546,8761.2994,8137.346854545454,8968.062981818182,8746.792090909092,8199.256454545455,8978.8552,8091.3147181818185,9243.06201818182
02-Oct-2019 13:52:00,17079.7363,8475.819745454546,8219.937345454546,8806.629372727273,8177.2946999999995,8932.083727272728,8516.666363636365,8393.748599999999,8859.837118181818,8353.789054545454,8920.347636363636
02-Oct-2019 13:53:00,17680.0625,8464.675563636363,8449.018236363636,8913.466518181818,8389.426672727272,8868.419745454547,8785.671863636364,8460.800227272728,8934.955418181818,8338.992990909092,9083.876345454546
02-Oct-2019 13:54:00,17154.2852,8346.816045454545,8396.510145454546,8882.452218181817,8335.517572727273,8878.379981818181,8651.349027272727,8426.833645454546,8988.24400909091,8169.6900000000005,9158.266727272727
02-Oct-2019 13:55:00,17432.3906,8408.760745454545,8692.350227272727,8745.875009090909,8283.995563636363,9076.426663636363,8484.968845454545,8376.085790909092,8971.56029090909,8298.428772727271,9040.879536363636
02-Oct-2019 13:56:00,17670.8047,8222.609718181819,8459.440309090909,8791.749645454545,8438.174536363636,9116.056836363636,8719.026100000001,8251.214636363637,9134.903072727273,8442.77358181818,9117.894827272728
02-Oct-2019 13:57:00,17673.5508,8254.814018181818,8516.7232,9027.122772727273,8303.299636363638,9019.121045454545,8679.977272727274,8289.307890909091,8948.14320909091,8309.295990909091,9113.080918181819
02-Oct-2019 13:58:00,17429.8203,8251.814354545455,8383.091818181818,8967.673127272727,8028.898090909091,8896.111427272728,8520.405154545455,8452.243936363637,8850.826109090909,8230.928390909092,8962.338536363637
02-Oct-2019 13:59:00,17377.4609,8105.635527272727,8497.401145454545,8863.156881818182,8265.66220909091,8736.4155,8575.495090909091,8537.458490909092,8815.959636363637,8305.329209090909,9004.565136363637
02-Oct-2019 14:00:00,17161.0371,8305.678354545455,8272.719090909091,8875.597018181817,8063.985936363636,8977.209536363636,8694.0318,8229.952936363636,8941.0745,8326.660936363636,8974.466309090909
02-Oct-2019 14:01:00,17127.5664,8254.986572727274,8308.715436363636,8873.858454545454,8353.367681818181,9099.68410909091,8861.836654545456,8394.206127272726,9034.809481818182,8437.909727272727,9115.043436363636
02-Oct-2019 14:02:00,17493.3145,8195.313400000001,8548.973945454545,8786.707754545456,8345.029309090909,8835.765963636364,8523.872872727274,8571.005063636365,8946.221445454545,8356.924554545454,9344.77280909091
02-Oct-2019 14:03:00,17541.791,8344.3557,8524.762936363637,8791.065700000001,8117.385454545454,8604.422118181817,8622.2312,8167.457690909091,9034.424081818182,8350.928263636364,9020.259381818181
02-Oct-2019 14:04:00,17403.0703,8255.4668,8254.837454545454,8915.099245454547,8175.4127181818185,8796.643645454546,8596.653972727272,8591.828145454545,8934.25159090909,8225.149418181818,9036.591690909092
02-Oct-2019 14:05:00,17237.834,8434.584372727273,8271.037936363637,8930.944590909092,8515.672427272728,8941.254554545454,8644.919472727273,8349.587590909092,8971.04919090909,8000.6610909090905,8959.999454545454
02-Oct-2019 14:06:00,17549.2617,8419.973800000002,8513.087418181818,8925.008136363636,8360.464218181818,8896.26599090909,8565.135827272728,8402.188218181818,9116.751272727273,8191.726781818182,9018.676581818181
02-Oct-2019 14:07:00,17510.0234,8247.608900000001,8317.484018181818,9007.936245454544,8040.033918181818,8905.857627272728,8478.278063636364,8320.386554545456,9079.391336363637,8102.312599999999,9067.419181818183
02-Oct-2019 14:08:00,17276.3984,8232.124127272727,8620.157081818183,9095.445945454545,8184.923645454545,9014.248709090909,8517.856809090908,8435.333445454546,9039.062527272727,8096.380563636363,9156.33769090909
02-Oct-2019 14:09:00,17125.9805,8268.08339090909,8341.578563636363,8912.441854545454,8520.893609090908,8950.121981818182,8628.294436363636,8280.385172727274,9035.001327272728,8372.608463636365,9081.068209090909
02-Oct-2019 14:10:00,17340.0684,8291.482172727272,8253.29869090909,8910.954372727272,8312.999845454546,9096.628527272727,8764.605754545455,8217.554527272729,9065.172072727273,8326.468490909092,9205.369345454545
02-Oct-2019 14:11:00,17592.9688,8128.409745454545,8340.232009090909,8964.497418181818,8454.676733333334,9144.040563636363,8540.43855,8297.473573913043,9212.834072727273,7989.309996178345,9128.315772727272
02-Oct-2019 14:12:00,17327.6289,7994.7741,8585.438877777779,8829.141044444445,8226.398655555555,9077.352344444444,8624.270199999999,8396.987356521739,9245.6787,7644.461037579618,9054.207277777778
02-Oct-2019 14:13:00,17227.0293,8226.472633333333,8322.740666666667,8886.7384,8144.236088888889,8960.172999999999,8548.885955555555,8496.501139130434,8963.761033333332,7299.612078980892,9018.282966666668
02-Oct-2019 14:14:00,17422.1484,8369.3063,8440.116088888888,9014.379344444444,8312.093333333332,8750.937955555555,8455.059144444444,8596.01492173913,8989.777333333333,6954.763120382166,9054.878922222222
02-Oct-2019 14:15:00,17549.918,8395.5384,8579.758033333334,8927.940722222222,8357.46061,8776.632377777778,8537.727322222223,8695.528704347826,8964.269833333334,6609.914161783439,9260.338477777777
02-Oct-2019 14:16:00,17305.2969,8289.612879999999,8382.456030000001,8846.110799999999,8363.89086,8786.59414,8719.61348,8755.40882,9072.78111,6226.7486522293,9024.238459999999
02-Oct-2019 14:17:00,17678.5234,8353.51386,8437.80993,8857.25195,8539.11686,8938.82616,8677.25997,8518.17184,8858.04939,5843.583142675159,9258.50878
02-Oct-2019 14:18:00,17571.8848,8446.382599999999,8389.031229999999,8903.454600000001,8462.81602,9058.435940000001,8628.11096,8078.70994,8919.9248,5460.417633121019,8991.045680000001
02-Oct-2019 14:19:00,17384.6992,8328.31798,8181.33946,8865.49805,8148.80233,9064.08596,8410.10262,8290.8408,9047.28592,5077.252123566879,8987.76134
02-Oct-2019 14:20:00,17138.7109,8273.97034,8301.1551,8963.27635,8225.91209,9075.68246,8495.42137,8326.38634,8907.54254,4694.086614012739,8993.77774
02-Oct-2019 14:21:00,17371.8281,8256.86036,8483.90841,9012.35205,8172.67659,9172.11484,8637.41348,8421.318739999999,9044.97218,4310.921104458599,8749.12248
02-Oct-2019 14:22:00,17739.0195,8358.39122,8207.39346,8930.0381,8279.63691,9094.56364,8590.39677,8446.55956,9090.84383,3927.755594904459,8937.33536
02-Oct-2019 14:23:00,17227.6074,8294.18944,8405.44607,8827.0869,8388.6046,8985.76872,8714.0449,8509.68144,8905.7566,3544.590085350318,9153.77052
02-Oct-2019 14:24:00,17434.709,8397.43182,8396.13888,8768.2202,8495.079360000002,8936.72578,8705.53971,8404.6539,9010.72271,3161.424575796178,9004.327159999999
02-Oct-2019 14:25:00,17365.0801,8369.349979999999,8624.715900000001,8971.48485,8404.95235,9062.509020000001,8800.24899,8157.537539999999,8919.32646,2778.259066242038,9101.22834
02-Oct-2019 14:26:00,17299.6621,5895.130440000001,7058.64002,5897.94675,7676.879845454546,5226.82834,7043.640809090909,7472.944518181818,4487.60677,2395.093556687898,3905.8558999999996
02-Oct-2019 14:27:00,4721.1353,2099.836272727273,2545.0908818181815,2649.2352181818183,2107.897827272727,2678.4193818181816,2229.948036363636,2236.2658181818183,2622.9901,2153.8407545454547,2666.157927272727
02-Oct-2019 14:28:00,4725.5161,2130.707981818182,2099.030981818182,2624.533945454545,2087.404254545455,2604.0022,2206.0331545454546,2201.3581272727274,2634.443554545455,2151.579990909091,2556.6501636363637
02-Oct-2019 14:29:00,4835.2764,2152.2916727272727,2137.607790909091,2610.080790909091,2104.53262,2506.5607,2126.3861545454547,2100.551964788732,2521.108263636364,2115.0538454545454,2567.751081818182
02-Oct-2019 14:30:00,4695.6528,2117.61544,2193.12268,2541.62365,2123.06837,2507.5191600000003,2100.50356,2113.856288732394,2622.53711,2173.44488,2591.24974
02-Oct-2019 14:31:00,4566.043,2186.3036,2134.79506,2536.46275,2086.1293100000003,2597.79732,2119.93294,2127.160612676056,2655.71557,2085.73714,2607.4672
02-Oct-2019 14:32:00,4647.1572,2177.56486,2006.6987399999998,2586.3347000000003,2148.63724,2462.64264,2156.0863,2140.464936619718,2623.36491,2057.98866,2470.1574
02-Oct-2019 14:33:00,4826.9443,2158.85992,2105.04137,2589.1886999999997,2056.27085,2424.38192,2177.1174,2153.76926056338,2594.09281,2096.16777,2572.1677600000003
02-Oct-2019 14:34:00,4767.5024,2129.84092,2073.60319,2562.90525,2138.52482,2563.7202199999997,2113.79294,2167.073584507042,2597.7047,2093.06351,2515.74126
02-Oct-2019 14:35:00,4680.6831,2063.86544,2087.39447,2513.5195,2114.3407454545454,2544.30642,2151.26428,2180.377908450704,2584.8978199999997,2118.7017899999996,2569.33758
02-Oct-2019 14:36:00,4617.2231,2075.558409090909,2109.4523,2568.364,2077.5997545454543,2412.9079545454542,2135.144345454545,2183.0092545454545,2592.6623545454545,2128.2020636363636,2508.7357545454547
02-Oct-2019 14:37:00,4728.2588,2115.8467636363634,2193.9855181818184,2519.314363636364,2082.971790909091,2559.341518181818,2202.537890909091,2142.3814545454543,2485.9977727272726,2091.7195454545454,2508.5148636363633
02-Oct-2019 14:38:00,4633.0845,2170.880027272727,2071.9824545454544,2451.3596454545454,2135.329790909091,2572.0435545454548,2091.619463636364,2136.5178090909094,2496.5324545454546,2054.630027272727,2494.520209090909
02-Oct-2019 14:39:00,4642.7026,2079.363190909091,2136.7353454545455,2540.2508181818184,2027.9947,2518.391218181818,2112.2165,2092.1675363636364,2556.9627,2065.8758454545455,2510.226381818182
02-Oct-2019 14:40:00,4709.8262,2071.573609090909,2073.555018181818,2619.5830363636364,1996.1430090909091,2516.242990909091,2152.0579272727273,2132.7144727272726,2580.5921636363637,2092.895172727273,2471.9842727272726
02-Oct-2019 14:41:00,4734.5928,2115.8521545454546,2168.7781090909093,2583.601572727273,2103.09858,2597.6174363636364,2200.284909090909,2103.051935294118,2413.9658,2129.0308545454545,2467.8321363636364
02-Oct-2019 14:42:00,4631.9268,2094.48886,2087.33348,2526.0659,2093.71152,2553.7626400000004,2126.45764,2122.0251117647063,2365.19162,2129.29891,2490.82038
02-Oct-2019 14:43:00,4451.8701,2119.14518,2109.27171,2545.2971,2099.63056,2394.61016,2191.3532999999998,2140.9982882352942,2515.8204699999997,2103.07333,2631.44096
02-Oct-2019 14:44:00,4588.9775,2083.7886000000003,2187.46613,2562.2018,2090.82103,2436.57092,2178.52958,2159.9714647058827,2526.84869,2069.22817,2409.84704
02-Oct-2019 14:45:00,4760.0068,2088.3188600000003,2129.99831,2538.0585,2090.367290909091,2546.76888,2111.5193,2178.9446411764707,2508.2927600000003,2072.97095,2432.53506
02-Oct-2019 14:46:00,4745.147,2125.5221181818183,2142.263518181818,2536.8290545454543,2123.391927272727,2547.0427363636363,2106.954309090909,2186.9288818181817,2422.499290909091,2069.1603727272727,2517.216481818182
02-Oct-2019 14:47:00,4555.3828,2077.3314272727275,2112.694609090909,2543.5182090909093,2080.3099,2499.767390909091,2101.1789,2131.768018181818,2490.081336363636,2081.485690909091,2598.6068272727275
02-Oct-2019 14:48:00,4529.6709,2083.074681818182,2043.8809090909092,2526.7668727272726,2128.026836363636,2540.971590909091,2142.8599727272726,2070.5410545454542,2574.7509,2113.255727272727,2550.4676
02-Oct-2019 14:49:00,4535.1006,2108.4940818181817,2177.870890909091,2453.1840818181818,2112.1384272727273,2589.2241454545456,2174.917481818182,2108.740809090909,2449.4706363636365,2092.5036090909093,2623.433572727273
02-Oct-2019 14:50:00,4775.8994,2069.7137454545455,2077.0113181818183,2500.0822272727273,2076.53097,2507.3956909090907,2151.09332,2198.7050400000003,2516.8536363636363,2094.0513619718313,2586.7266454545456
02-Oct-2019 14:51:00,4620.3721,2073.9548800000002,2120.7254399999997,2594.0913,2031.9025800000002,2415.99276,2161.13163,2112.77048,2654.12441,2095.3565169014087,2545.1672200000003
02-Oct-2019 14:52:00,4651.5537,2161.6663,2062.82926,2583.45205,2094.63223,2434.3437599999997,2156.07816,2124.708,2623.02519,2096.661671830986,2506.02972
02-Oct-2019 14:53:00,4547.6055,2170.59954,2159.58776,2521.9174,2099.7145100000002,2519.23368,2194.77158,2062.6142,2573.4216499999998,2097.9668267605634,2485.53474
02-Oct-2019 14:54:00,4710.939,2085.55216,2137.30864,2457.5236,2112.57254,2576.11944,2126.26798,2112.88176,2586.7379300000002,2099.271981690141,2496.96974
02-Oct-2019 14:55:00,4675.8193,2051.78588,2153.3652899999997,2434.7859,2017.21971,2530.00614,2099.76055,2119.37822,2609.14413,2100.577136619718,2549.00688
02-Oct-2019 14:56:00,4633.626,2099.91214,2083.70289,2468.20265,2009.3142272727273,2488.9132,2174.384790909091,2091.8974454545455,2559.75308,2101.882291549296,2535.2477
02-Oct-2019 14:57:00,4616.3169,2108.0722363636364,2161.3760909090906,2453.8294545454546,2053.447709090909,2614.443409090909,2197.569027272727,2160.9859636363635,2475.450490909091,2092.8077909090907,2496.0721272727274
02-Oct-2019 14:58:00,4777.4858,2051.525,2068.8310818181817,2437.3491999999997,2057.8147181818185,2645.583181818182,2157.3819545454544,2098.8753454545454,2505.822972727273,2056.310927272727,2535.7393909090906
02-Oct-2019 14:59:00,4623.9341,1964.9294,2058.72,2453.3677,2070.2639,2622.1006,2114.5085,2135.3755,2525.7517,2023.03,2546.1697
