time,power_p02r07c01srv01,power_p02r07c01srv02,power_p02r07c01srv03,power_p02r07c02srv01,power_p02r07c02srv02,power_p02r07c02srv03,power_p02r07c03srv01,power_p02r07c03srv02,power_p02r07c03srv03,power_p02r07c04srv01,power_p02r07c04srv02,power_p02r07c04srv03,power_p02r07c05srv01,power_p02r07c05srv02,power_p02r07c05srv03,power_p02r07c06srv01,power_p02r07c06srv02,power_p02r07c06srv03,power_p02r07c07srv01,power_p02r07c07srv02,power_p02r07c07srv03,power_p02r07c08srv01,power_p02r07c08srv02,power_p02r07c08srv03,power_p02r07c09srv01,power_p02r07c09srv02,power_p02r07c09srv03,power_p02r07c10srv01,power_p02r07c10srv02,power_p02r07c10srv03
2019-10-02 09:00:00,75.0,56.0,69.0,72.0,75.0,73.0,71.5,72.0,54.1,64.8,72.0,45.5,75.0,76.8,75.0,45.0,72.0,75.0,73.0,75.0,60.3,46.0,54.3,48.2,75.0,75.0,57.6,70.2,75.0,75.0
2019-10-02 09:01:00,75.0,56.0,47.0,72.0,75.0,73.0,56.1,72.0,54.1,64.8,72.0,45.5,75.0,76.8,75.0,45.0,72.0,75.0,73.0,75.0,60.3,46.0,74.1,48.2,75.0,75.0,57.6,70.2,75.0,75.0
2019-10-02 09:02:00,75.0,48.0,51.0,68.8,75.0,72.2,55.0,72.0,48.5,71.2,72.2,46.3,75.0,73.6,75.0,45.0,72.0,75.0,73.8,75.3,53.099999999999994,54.0,68.0,54.6,75.0,75.0,64.8,65.4,75.0,75.0
2019-10-02 09:03:00,75.0,46.9,73.0,51.2,75.0,74.0,59.4,57.6,45.0,74.1,74.4,47.5,75.0,63.9,75.0,45.0,72.0,75.0,75.0,77.5,54.1,74.1,46.0,65.8,75.0,75.0,73.4,61.0,75.0,63.0
2019-10-02 09:04:00,75.8,47.7,75.0,47.6,75.0,74.8,62.5,50.4,45.0,74.9,74.8,46.7,75.0,58.3,75.0,45.0,72.0,75.0,75.0,77.7,59.7,66.9,51.3,59.4,75.0,75.0,74.2,65.0,75.0,55.0
2019-10-02 09:05:00,78.0,55.6,75.0,45.4,75.0,75.0,73.5,59.4,62.0,72.9,72.6,50.0,75.0,48.0,53.0,53.1,72.0,73.0,74.0,75.5,56.9,48.9,71.1,48.6,73.9,75.0,75.0,72.0,75.0,55.8
2019-10-02 09:06:00,77.2,58.8,75.0,45.0,75.0,75.0,70.0,66.6,70.0,72.1,72.2,58.0,74.0,56.0,45.0,60.3,72.0,65.0,73.2,73.5,51.3,56.1,66.4,55.8,73.1,75.0,75.0,72.0,75.0,63.0
2019-10-02 09:07:00,75.0,67.6,75.0,45.0,75.0,75.0,48.0,64.0,73.3,74.1,74.4,74.5,52.0,72.0,67.0,72.0,72.0,45.2,72.0,62.5,45.0,74.0,48.8,68.4,72.0,75.0,76.4,64.8,75.0,75.6
2019-10-02 09:08:00,75.0,70.8,75.6,48.6,75.0,75.0,50.0,60.0,72.5,74.9,74.8,73.7,46.0,64.0,75.0,72.0,72.0,46.0,72.0,58.5,45.0,66.0,54.3,61.2,72.0,75.0,77.2,57.6,75.0,78.0
2019-10-02 09:09:00,75.0,73.9,77.8,68.4,75.0,73.0,72.0,68.2,72.0,72.9,72.6,67.5,68.0,46.8,75.0,64.8,72.0,47.8,66.0,47.5,56.7,46.0,74.1,48.6,72.0,75.0,62.599999999999994,45.0,76.5,78.6
2019-10-02 09:10:00,75.0,74.7,77.4,69.6,75.0,72.2,75.5,73.8,72.0,72.1,72.0,60.3,74.1,51.6,75.0,58.4,72.0,47.0,61.2,48.0,63.900000000000006,54.0,68.0,55.8,72.0,75.0,53.8,45.0,77.3,77.0
2019-10-02 09:11:00,75.0,75.0,75.2,56.4,75.0,75.87096774193549,77.7,74.8,56.7,72.0,72.0,45.0,54.3,64.2,75.0,48.0,72.0,47.0,61.0,70.0,72.0,74.1,46.0,68.4,72.0,75.0,46.4,52.2,76.5,75.0
2019-10-02 09:12:00,67.8,75.0,75.0,52.8,75.0,77.41935483870968,78.5,73.2,49.5,72.0,70.4,45.0,48.0,67.4,75.0,48.0,72.0,55.0,66.6,74.7,72.0,66.9,52.0,61.2,72.0,75.0,47.2,59.4,75.7,75.0
2019-10-02 09:13:00,48.0,57.0,75.0,46.2,75.0,76.1,80.7,72.0,60.3,74.1,52.8,50.0,48.0,75.0,75.0,55.2,72.0,75.0,75.0,72.5,72.0,48.8,74.0,48.6,73.1,75.0,60.6,64.8,75.0,73.8
2019-10-02 09:14:00,49.6,49.0,75.0,45.0,75.0,75.3,80.0,72.0,67.5,74.9,50.06896551724138,58.0,48.9,75.0,75.0,61.6,72.0,75.0,75.0,69.09677419354838,72.0,55.2,68.0,55.8,73.9,75.0,67.8,57.6,75.0,73.0
2019-10-02 09:15:00,54.0,63.0,75.0,45.0,75.0,76.9,75.6,57.6,55.0,75.0,72.82758620689656,75.0,68.7,75.0,75.0,72.9,72.0,75.0,65.0,47.806451612903224,72.0,71.4,46.0,68.4,75.0,75.0,73.6,52.2,76.5,73.2
2019-10-02 09:16:00,59.6,71.0,75.0,45.0,75.0,77.7,75.0,50.4,47.0,75.0,74.7,75.0,75.0,75.0,75.0,73.7,72.0,75.0,57.0,44.2,72.0,66.6,45.0,61.2,75.0,75.0,72.8,59.4,77.3,74.0
2019-10-02 09:17:00,75.0,75.0,75.0,45.0,75.0,76.1,75.0,45.0,60.7,75.0,50.5,70.0,75.0,75.0,77.2,74.1,72.0,75.0,45.0,68.4,72.0,54.6,45.0,48.6,73.9,76.4,73.4,72.8,73.5,75.0
2019-10-02 09:18:00,67.0,75.0,75.0,45.0,75.0,75.3,70.0,45.0,69.5,75.0,47.7,62.0,75.0,75.0,78.0,73.3,72.0,75.0,45.0,73.0,72.0,59.4,52.0,55.8,73.1,78.0,74.2,73.6,71.1,75.0
2019-10-02 09:19:00,45.0,57.0,75.0,45.0,75.0,75.0,48.0,49.8,73.3,75.0,67.5,45.0,75.0,75.0,75.8,63.9,72.6,75.0,55.0,51.0,72.0,72.1,74.0,72.0,61.758620689655174,79.6,76.4,74.2,72.0,71.51612903225806
2019-10-02 09:20:00,53.0,49.0,75.0,48.6,75.0,75.0,47.5,52.2,72.5,75.0,72.0,45.0,74.0,75.0,75.0,56.7,73.4,75.0,63.0,47.0,72.0,72.9,75.0,72.0,54.310344827586206,78.0,77.2,73.4,73.6,69.19354838709677
2019-10-02 09:21:00,75.0,63.0,75.0,68.4,75.0,73.1,58.5,63.6,73.7,72.9,72.0,50.0,52.0,72.0,55.2,45.0,74.4,75.0,75.0,69.0,72.0,74.9,75.0,72.0,57.0,75.0,76.6,72.0,75.0,69.3
2019-10-02 09:22:00,67.0,71.0,75.0,72.0,75.0,72.3,62.5,68.4,74.5,72.1,72.0,58.0,45.0,64.0,48.0,45.0,73.6,75.0,75.0,75.0,72.0,74.1,75.0,72.0,65.0,75.0,75.8,72.0,75.0,71.7
2019-10-02 09:23:00,45.0,57.0,75.0,72.0,57.0,72.0,73.5,64.0,76.7,72.0,72.0,70.0,45.0,45.0,67.8,53.1,73.2,73.0,77.0,75.0,60.3,72.1,75.0,72.0,75.0,75.0,75.0,72.8,78.0,67.3
2019-10-02 09:24:00,45.0,49.0,75.0,72.0,49.8,72.0,75.0,60.0,77.5,72.0,72.0,62.0,45.1,45.0,75.0,60.3,74.8,65.0,78.6,74.7,53.099999999999994,72.9,75.0,72.0,75.0,75.0,75.0,73.6,79.6,61.7
2019-10-02 09:25:00,45.0,63.0,75.0,72.0,66.0,54.9,75.0,50.6,78.0,72.0,72.0,50.0,47.3,45.0,55.2,72.0,75.6,47.0,78.0,72.5,45.0,74.0,75.0,72.0,73.8,75.0,75.0,75.0,78.0,61.7
2019-10-02 09:26:00,53.0,71.0,75.0,72.0,73.2,47.7,75.0,47.4,78.0,72.0,72.2,58.0,47.9,45.0,48.0,72.0,72.4,55.0,75.6,72.3,45.0,66.0,68.0,72.0,73.0,75.0,75.0,75.0,76.4,67.3
2019-10-02 09:27:00,75.0,57.0,75.0,72.0,55.0,46.9,75.0,59.4,78.0,74.1,74.4,71.5,45.7,48.3,59.0,72.9,61.8,75.2,72.0,74.5,56.7,46.0,46.0,72.0,72.0,75.0,75.0,67.25806451612902,75.0,75.0
2019-10-02 09:28:00,67.8,49.0,75.0,72.0,47.0,47.7,75.0,66.6,78.0,74.9,74.8,65.9,46.0,57.1,63.0,73.7,56.2,76.0,72.0,75.0,63.900000000000006,54.0,52.0,72.0,72.0,75.0,75.0,59.516129032258064,75.0,75.0
2019-10-02 09:29:00,48.0,45.0,75.0,72.0,65.0,65.1,75.0,63.724137931034484,76.35483870967742,54.0,72.6,57.5,68.0,77.7,52.0,74.1,50.4,77.8,72.0,75.0,59.0,74.9,74.0,72.0,73.2,67.0,75.0,51.3,75.0,73.9
2019-10-02 09:30:00,47.2,45.0,75.0,72.0,73.0,72.3,75.0,59.58620689655172,75.58064516129032,46.0,72.0,63.1,74.0,76.9,48.0,73.3,57.6,77.0,72.0,75.0,51.0,74.1,68.0,72.0,74.0,59.0,75.0,58.5,75.0,73.1
2019-10-02 09:31:00,45.0,43.07142857142857,75.0,72.0,61.45161290322581,75.0,75.0,58.7,73.4,45.0,72.0,75.5,52.0,75.3,70.0,72.9,72.0,75.0,72.0,75.0,55.0,72.1,46.0,68.4,70.2,53.0,75.0,72.0,75.0,72.0
2019-10-02 09:32:00,53.0,42.214285714285715,69.0,72.0,56.03225806451613,75.0,75.0,59.5,72.6,45.0,72.0,76.3,45.96774193548387,76.1,78.0,73.7,72.0,75.0,72.0,72.0,63.0,72.9,52.0,61.2,67.0,61.0,75.0,72.0,75.0,72.0
2019-10-02 09:33:00,75.0,62.0,47.0,72.0,67.3,75.0,75.0,63.4,72.0,45.0,72.0,77.0,67.25806451612902,74.7,75.72413793103448,75.9,72.0,75.0,72.0,50.0,59.0,74.9,74.0,49.8,66.6,67.8,75.0,66.4,76.5,73.1
2019-10-02 09:34:00,67.0,70.0,51.0,72.0,72.9,75.0,75.5,65.0,72.0,45.0,72.2,75.4,75.0,65.9,74.1,76.7,72.0,75.0,72.0,48.0,51.0,74.1,68.7,59.4,69.0,60.6,75.0,60.0,77.3,73.9
2019-10-02 09:35:00,45.0,54.0,73.0,72.0,56.0,76.8,77.7,69.4,72.0,45.0,74.4,73.0,61.8,45.0,54.3,76.2,72.0,75.0,63.0,70.0,43.3,72.1,48.9,76.2,72.0,55.2,75.0,47.3,76.5,75.0
2019-10-02 09:36:00,45.0,46.8,69.0,72.0,48.0,77.6,77.5,71.0,72.0,45.0,74.8,74.6,57.0,45.0,48.9,74.6,72.0,75.0,55.8,75.0,44.1,72.9,54.3,66.6,72.0,62.4,75.0,46.5,75.7,75.0
2019-10-02 09:37:00,45.0,45.0,47.0,72.0,58.3,74.4,75.3,56.7,72.0,45.0,72.6,77.5,70.2,45.6,68.7,72.0,72.0,75.0,55.0,75.0,45.0,74.9,74.1,45.0,73.1,75.0,75.0,51.3,60.0,73.8
2019-10-02 09:38:00,45.0,45.0,68.4,87.2,63.9,72.8,82.5,49.5,72.0,45.0,79.8,76.7,75.0,47.2,78.9,72.0,72.0,75.0,63.0,86.4,45.0,74.1,96.0,45.0,73.9,75.0,75.0,58.5,52.0,73.0
2019-10-02 09:39:00,45.0,137.90322580645162,154.2,170.8,113.80645161290323,112.5,115.5,141.9,145.6,129.0,165.6,91.5,112.4,64.2,164.7,97.2,87.0,84.0,99.0,170.0,115.0,74.4,162.0,65.4,106.9,91.8,121.80000000000001,92.3,99.0,115.2
2019-10-02 09:40:00,68.2,175.06451612903226,168.20689655172413,181.6,133.93548387096774,130.5,131.5,187.5,182.39999999999998,161.0,186.8,117.9,126.0,99.4,191.2,119.6,107.0,120.0,118.19999999999999,189.0,155.0,93.6,161.61290322580646,106.19999999999999,130.1,108.6,150.60000000000002,115.5,127.8,144.0
2019-10-02 09:41:00,132.0,177.6,190.9655172413793,157.4,167.4,143.0,182.1,173.5,198.8,131.4,162.6,172.5,119.4,178.5,173.6,147.9,148.8,206.6,137.0,189.0,178.2,144.5,150.96774193548387,199.2,155.4,150.8,193.4,159.0,157.5,170.4
2019-10-02 09:42:00,154.4,172.8,174.5,151.8,177.8,146.2,183.5,153.5,193.2,118.6,156.4,170.1,117.0,166.5,168.4,140.7,151.2,193.0,129.0,188.7,168.6,148.5,153.6,201.6,150.6,163.6,199.8,159.0,159.9,164.0
2019-10-02 09:43:00,216.0,180.5,119.5,145.2,175.8,159.0,159.3,169.9,176.2,131.7,160.8,164.5,152.2,142.2,177.2,134.4,156.0,160.2,127.0,186.5,150.6,158.8,166.8,200.2,145.1,169.2,186.2,166.0,153.0,152.4
2019-10-02 09:44:00,200.8,184.5,121.2,140.0,172.6,163.8,164.5,183.5,169.8,137.3,162.0,163.7,165.0,153.4,179.2,139.2,156.0,165.0,135.0,187.2,145.8,157.2,163.2,186.6,145.9,152.4,173.4,174.0,148.2,150.0
2019-10-02 09:45:00,159.0,180.3,134.4,118.0,189.0,211.0,201.9,183.5,169.8,165.3,162.0,165.0,158.4,180.3,161.6,151.5,158.4,177.2,142.0,196.0,163.4,153.8,145.6,154.0,156.9,135.8,156.4,186.2,159.0,166.2
2019-10-02 09:46:00,159.0,177.9,145.5,123.2,197.0,229.39999999999998,197.0,179.5,172.2,175.7,161.4,169.8,156.0,181.1,155.80645161290323,155.5,161.6,178.0,138.0,192.6,176.2,160.2,142.8,150.0,164.1,148.6,154.8,183.0,167.0,179.0
2019-10-02 09:47:00,159.0,178.9,178.5,173.8,175.8,180.0,153.0,141.3,172.4,149.7,154.8,172.0,149.17241379310346,183.3,151.5483870967742,150.3,170.4,180.6,154.0,153.0,169.4,176.8,138.4,142.6,165.2,172.6,163.4,178.4,165.0,162.6
2019-10-02 09:48:00,163.0,179.7,179.3,178.6,164.6,158.39999999999998,149.0,124.5,171.6,139.3,154.0,159.2,148.9,184.1,150.0,139.9,173.6,183.0,171.6,141.6,158.2,175.2,150.6,145.8,158.8,174.2,169.8,180.0,160.2,141.0
2019-10-02 09:49:00,174.0,161.0,177.1,154.4,139.2,155.0,157.8,176.51612903225805,174.31034482758622,146.4,165.0,135.0,190.7,183.6,191.8,131.1,177.0,189.0,193.0,124.0,156.48387096774192,170.5,196.8,155.4,152.2,170.03225806451613,147.41379310344828,173.58620689655172,165.0,130.8
2019-10-02 09:50:00,178.8,153.0,171.4,153.2,130.4,155.8,160.0,205.93548387096774,175.9655172413793,149.6,169.2,139.8,201.4,177.2,207.0,138.3,173.0,189.0,189.0,125.4,161.90322580645162,166.5,190.8,160.2,153.8,163.06451612903226,129.20689655172413,162.82758620689654,169.8,142.0
2019-10-02 09:51:00,192.0,161.4,153.8,170.8,154.8,140.0,164.4,197.6,163.4,158.4,182.4,158.0,144.2,162.9,160.8,164.4,165.6,188.0,175.0,165.0,166.7,154.8,153.4,165.8,170.3,157.7,148.8,161.6,174.0,172.8
2019-10-02 09:52:00,180.8,166.2,159.7741935483871,171.6,167.6,133.6,160.5,182.4,157.0,161.6,184.2,170.8,127.5,165.3,144.0,177.2,166.4,184.0,168.6,175.8,165.9,145.2,152.48275862068965,155.4,180.7,166.5,170.4,179.2,174.0,184.0
2019-10-02 09:53:00,150.0,131.9,181.06451612903226,158.4,161.4,166.0,140.7,159.8,161.5,168.3,164.4,191.5,160.5,173.1,141.8,196.2,163.2,175.2,157.0,189.0,167.6,120.7,161.58620689655172,137.2,178.5,173.2,166.8,188.4,183.0,193.2
2019-10-02 09:54:00,154.0,116.7,187.2,152.8,155.8,179.6,137.5,154.2,165.5,170.7,164.0,181.1,170.9,178.7,141.0,194.6,156.8,180.0,155.4,185.4,169.2,126.3,151.5,147.6,166.5,162.0,152.4,166.8,187.8,190.0
2019-10-02 09:55:00,165.0,164.2,202.6,135.2,153.0,155.0,135.3,169.2,156.1,160.5,219.0,162.0,168.7,187.8,171.8,188.4,151.2,189.0,160.0,137.0,180.1,141.7,118.5,168.2,151.1,149.4,139.4,137.8,153.0,174.0
2019-10-02 09:56:00,169.8,186.6,205.8,138.4,153.0,143.8,137.5,178.8,150.5,156.5,231.0,166.8,166.9,176.6,183.0,185.2,160.8,177.0,165.6,127.2,185.7,147.3,129.6,162.6,151.9,159.0,140.2,146.6,132.2,166.0
2019-10-02 09:57:00,183.0,185.5,212.4,173.6,160.2,173.0,148.5,186.0,150.4,164.4,198.0,168.0,142.7,150.3,156.6,176.4,175.2,147.8,173.0,136.0,164.7,160.7,169.2,147.2,155.2,176.3,159.2,165.2,127.5,136.8
2019-10-02 09:58:00,169.4,181.5,198.6,178.0,163.4,185.8,155.0,186.0,152.0,167.6,184.0,153.6,136.5,151.1,147.0,173.2,168.8,151.0,172.2,144.3,147.9,150.3,176.6,141.6,156.8,175.5,169.6,168.4,134.7,124.0
2019-10-02 09:59:00,132.0,181.9,145.8,167.0,184.8,195.0,177.0,184.4,146.2,182.7,129.0,128.5,169.5,151.5,158.0,164.4,160.8,159.8,154.0,190.5,155.0,124.6,194.2,133.0,159.0,163.5,182.8,166.0,129.0,135.8709677419355
2019-10-02 10:00:00,138.4,182.7,141.6,159.4,193.6,197.4,180.5,183.6,143.0,188.3,118.0,137.3,179.0,147.5,162.0,161.2,167.2,163.0,140.4,194.1,171.0,137.4,178.9,141.0,159.0,151.5,184.4,158.0,122.6,154.4516129032258
2019-10-02 10:01:00,156.0,196.3,143.8,128.6,183.6,174.0,182.7,171.8,159.7,176.4,162.0,154.5,157.0,141.6,151.0,156.0,171.6,170.4,121.0,143.5,192.9,171.7,128.3,164.6,153.0,140.2,173.4,149.6,151.5,176.7
2019-10-02 10:02:00,154.4,201.9,144.0,128.2,177.2,164.4,184.5,166.2,168.5,171.6,172.2,152.1,150.6,151.2,147.0,156.0,160.4,168.0,121.8,133.8,195.3,177.3,135.1,175.8,149.0,153.0,166.2,155.2,169.9,174.3
2019-10-02 10:03:00,150.0,167.9,144.0,156.8,166.8,154.0,191.1,174.8,197.8,156.3,152.4,149.0,163.8,171.0,162.4,149.7,140.4,160.0,136.0,147.0,192.8,190.2,163.7,197.0,146.4,168.6,161.8,164.2,181.5,174.3
2019-10-02 10:04:00,152.4,152.7,150.6,163.6,163.6,150.8,180.0,181.2,209.0,150.7,146.4,152.2,167.6,163.0,168.0,144.1,143.6,152.0,146.4,153.3,189.6,175.8,165.7,189.0,148.0,159.0,163.4,163.4,179.1,176.7
2019-10-02 10:05:00,159.0,202.1,174.8,172.4,167.4,160.0,127.2,186.0,188.8,120.6,139.8,162.5,158.8,145.8,187.8,148.5,157.8,132.4,164.0,177.5,174.3,139.4,167.9,167.4,162.0,141.0,186.0,162.8,168.0,173.4
2019-10-02 10:06:00,149.4,225.3,171.6,174.8,169.8,164.0,128.5,186.0,176.0,109.4,134.8,168.1,154.8,150.6,195.0,160.5,168.2,134.0,165.6,181.8,167.1,150.6,168.0,160.2,170.0,141.0,198.0,163.6,163.2,168.6
2019-10-02 10:07:00,123.0,184.35483870967744,151.8,179.2,155.57142857142858,155.32258064516128,165.9,168.4,162.9,152.1,99.6,176.5,128.4,166.5,170.8,181.8,184.8,140.2,171.0,173.0,155.1,179.3,168.0,144.8,163.2,141.7,187.6,165.8,151.5,169.7
2019-10-02 10:08:00,135.8,163.4516129032258,148.8,180.8,148.71428571428572,151.4516129032258,175.5,159.6,160.5,168.9,94.4,170.9,121.5,178.5,162.0,183.4,179.2,149.0,173.4,172.2,152.7,173.7,165.9,146.4,152.0,142.5,174.8,166.6,147.5,175.3
2019-10-02 10:09:00,171.0,163.8,144.4,185.2,157.0,172.8,195.3,183.4,169.2,158.4,142.8,152.5,154.5,202.2,179.6,177.0,169.8,169.4,187.0,181.0,182.5,159.1,159.3,150.8,154.8,142.6,164.8,166.4,154.5,191.8
2019-10-02 10:10:00,162.2,168.6,158.4,182.0,161.0,182.4,192.0,198.6,174.0,153.6,159.0,142.1,164.4,189.4,186.0,169.0,172.2,163.0,195.0,181.2,202.5,159.9,156.9,152.4,166.0,141.0,166.4,164.8,160.1,198.2
2019-10-02 10:11:00,138.0,172.8,211.2,160.0,162.0,176.5,165.6,194.0,166.8,180.3,192.0,127.0,151.2,162.6,192.6,148.8,177.6,148.4,188.0,168.0,193.8,160.9,150.3,165.6,183.6,139.4,173.6,160.4,162.0,176.2
2019-10-02 10:12:00,142.8,173.6,204.6,160.8,162.0,172.5,164.0,186.0,162.0,190.7,199.3448275862069,138.2,147.1,172.2,195.0,142.4,178.4,154.0,172.8,165.29032258064515,174.6,152.1,152.8,184.8,186.0,141.0,176.8,158.8,160.4,153.8
2019-10-02 10:13:00,156.0,181.2,162.8,187.2,130.0,159.6,172.8,154.4,142.0,177.3,181.13793103448276,165.0,149.3,194.4,148.8,145.5,176.4,170.4,173.0,167.41935483870967,153.0,130.6,161.6,220.0,193.8,138.4,153.4,160.8,160.5,129.6
2019-10-02 10:14:00,155.2,184.4,154.2,183.6,117.19999999999999,154.8,168.0,141.6,134.0,171.7,175.8,169.8,150.1,192.8,132.0,157.5,171.6,180.0,191.4,168.2,153.0,143.4,157.1,204.0,197.0,132.0,138.2,165.6,161.3,134.4
2019-10-02 10:15:00,153.0,193.2,136.6,137.4,162.0,149.2,141.6,138.4,174.9,187.8,167.0,176.0,152.3,185.7,169.4,180.6,158.4,202.4,204.0,170.4,142.6,176.6,141.7,169.2,175.8,134.7,146.8,178.0,184.5,142.1
2019-10-02 10:16:00,153.8,196.4,145.2,139.8,181.2,147.6,136.5,141.6,196.5,194.2,166.2,169.6,153.9,176.9,183.0,183.8,153.6,196.0,192.0,173.6,136.2,173.4,145.9,171.6,159.0,151.5,160.4,182.0,196.5,142.9
2019-10-02 10:17:00,156.0,212.4,182.6,199.2,154.0,135.6,129.9,144.0,208.3,171.9,175.0,160.5,173.7,152.7,176.4,171.9,142.8,179.0,174.0,202.2,148.5,163.8,161.3,172.2,153.6,189.3,160.0,178.6,169.5,169.3
2019-10-02 10:18:00,160.8,218.8,183.6,207.6,141.2,130.8,136.5,144.0,207.5,163.1,173.7,167.7,180.6,143.9,174.0,156.7,141.2,175.0,174.0,207.2,160.5,154.2,171.8,162.6,164.0,196.5,152.0,168.2,149.5,187.7
2019-10-02 10:19:00,174.0,178.8,174.8,194.4,172.0,168.9,169.5,158.4,195.1,157.8,149.5,185.0,193.8,129.9,169.6,144.6,150.0,166.0,168.0,176.4,170.1,129.2,202.6,146.2,171.0,205.1,160.8,150.8,136.5,194.3
2019-10-02 10:20:00,175.6,159.6,175.8,195.6,185.6,185.7,181.5,165.6,189.5,156.2,148.2,188.2,197.1,148.3,168.0,155.8,166.0,170.0,163.2,168.4,167.7,130.8,198.4,156.6,167.0,199.5,170.4,151.6,138.9,180.7
2019-10-02 10:21:00,180.0,148.2,182.4,215.4,175.0,188.2,214.5,163.0,175.8,156.0,179.0,191.5,177.3,183.9,157.0,168.6,189.0,181.6,157.0,172.8,176.7,136.1,180.8,178.8,151.2,173.6,177.2,147.4,156.0,170.8
2019-10-02 10:22:00,175.2,147.4,186.0,208.2,169.4,186.6,208.0,159.0,171.0,156.0,182.7,185.9,172.2,162.3,153.0,163.8,177.0,188.0,157.8,172.8,183.9,144.9,176.5,176.4,144.0,156.0,175.6,141.8,164.0,177.2
2019-10-02 10:23:00,162.0,148.8,197.0,148.8,146.0,178.4,159.6,191.2,142.5,166.5,158.5,169.0,198.6,112.5,150.8,166.8,157.2,203.8,153.0,159.6,176.4,169.0,165.5,167.0,151.8,134.2,147.4,130.4,181.5,161.8
2019-10-02 10:24:00,170.0,149.6,192.0,138.0,137.2,175.2,161.5,208.8,130.5,170.5,157.06451612903226,161.0,205.6,116.5,150.0,176.4,162.8,203.0,148.2,158.68965517241378,166.8,177.0,166.4,159.0,163.0,147.0,132.2,128.8,187.1,144.2
2019-10-02 10:25:00,192.0,177.0,170.0,138.0,131.0,136.0,198.9,217.2,157.0,156.3,186.8709677419355,148.0,174.8,132.0,161.0,182.1,178.8,201.8,139.0,188.27586206896552,152.1,196.4,170.8,144.2,175.8,161.2,152.0,142.0,171.0,134.3
2019-10-02 10:26:00,177.6,189.0,163.8,137.2,129.4,120.0,207.0,214.8,173.0,150.7,192.4,154.4,165.0,148.0,165.0,173.3,185.2,205.0,137.4,188.7,149.7,183.6,171.0,150.6,175.0,150.0,172.0,158.0,159.8,144.7
2019-10-02 10:27:00,138.0,177.0,148.4,132.8,127.0,152.0,220.2,166.6,169.4,166.8,163.8,169.5,165.0,183.0,176.0,151.8,190.2,210.4,141.0,142.5,144.4,150.4,171.0,165.8,178.8,140.9,168.2,188.4,159.0,165.6
2019-10-02 10:28:00,146.0,169.0,154.2,136.4,126.2,168.0,215.5,143.4,163.0,173.2,156.4,171.9,163.6451612903226,175.0,180.0,145.4,179.8,200.0,145.8,132.3,142.8,153.6,163.3,167.4,182.0,154.5,154.6,190.8,163.8,170.4
2019-10-02 10:29:00,168.0,166.8,180.6,160.6,176.0,156.9,186.9,140.4,164.1,192.9,160.8,172.5,133.83870967741936,156.9,170.89655172413794,136.8,159.0,174.0,158.0,134.5,164.4,161.9,139.1,164.2,172.8,174.93103448275863,143.8,182.61290322580646,169.5,177.0
2019-10-02 10:30:00,158.4,167.6,184.8,166.6,196.0,149.7,179.5,147.6,166.5,200.1,161.0,165.3,123.0,159.3,168.2,138.4,159.0,174.0,162.0,141.0,178.8,161.1,137.3,150.6,164.0,169.13793103448276,145.4,170.2258064516129,170.3,177.0
2019-10-02 10:31:00,132.0,191.4,191.4,175.4,161.0,175.5,164.1,179.48275862068965,169.6451612903226,184.2,150.0,148.0,169.2,166.5,172.6,155.4,167.4,174.8,160.0,185.0,169.0,157.6,135.1,125.6,150.6,163.8,165.2,141.4,162.0,168.2
2019-10-02 10:32:00,136.0,201.8,188.4,177.4,145.0,187.5,163.0,192.72413793103448,170.41935483870967,177.8,151.0,144.8,186.0,170.5,173.6,168.2,178.6,178.0,153.6,191.1,153.0,146.4,139.2,136.8,149.0,168.6,175.6,135.0,157.2,161.8
2019-10-02 10:33:00,147.0,162.64285714285714,175.2,179.6,154.125,167.3,167.4,178.9,158.2,137.1,195.0,145.0,190.4,179.4,164.8,189.9,191.4,186.4,160.0,162.5,165.93103448275863,119.8,152.4,161.6,137.4,180.2,181.93548387096774,124.4,139.5,161.8
2019-10-02 10:34:00,154.2,142.92857142857144,167.17241379310346,182.4,159.375,156.9,167.0,168.5,151.8,121.9,202.0,156.2,192.0,177.8,161.6,190.7,178.6,188.0,172.8,158.1,184.9655172413793,142.2,161.80645161290323,160.8,131.0,183.4,179.61290322580646,126.0,132.3,168.2
2019-10-02 10:35:00,174.0,152.0,142.13793103448276,195.6,174.6,168.2,162.6,158.6,182.2,155.7,147.0,181.5,150.2,174.3,152.8,178.5,152.4,193.8,177.0,173.5,191.4,198.8,189.48387096774195,161.4,136.93548387096774,184.2,186.1,132.5,162.0,167.89655172413794
2019-10-02 10:36:00,165.2,157.6,131.9,195.6,180.2,174.6,168.0,157.0,199.8,169.3,134.6,183.9,135.0,175.1,150.0,166.5,151.6,201.0,165.0,175.8,184.2,181.2,187.2,166.2,146.2258064516129,179.4,191.7,136.5,181.2,161.27586206896552
2019-10-02 10:37:00,141.0,173.0,103.3,182.4,157.8,177.0,194.4,178.1,184.2,181.5,163.2,179.5,146.0,171.3,150.0,151.5,146.4,216.4,153.0,167.0,188.2,135.5,169.6,179.8,167.8,166.2,208.4,152.4,189.0,167.4
2019-10-02 10:38:00,141.0,178.6,113.9,180.4,146.6,177.0,197.5,188.5,169.8,185.5,168.6,164.3,150.0,156.1,149.8,155.5,141.6,206.0,157.8,166.8,194.6,139.5,170.4,185.4,174.2,161.4,214.8,162.0,184.2,177.0
2019-10-02 10:39:00,141.0,148.0,151.3,182.6,151.8,152.3,195.3,198.4,162.2,179.7,142.2,131.5,180.8,130.5,145.4,154.8,136.8,178.2,167.0,180.0,189.8,149.1,179.2,194.4,186.3,158.6,190.8,170.9,190.5,173.4
2019-10-02 10:40:00,159.4,135.2,155.8,183.8,156.6,141.9,191.0,200.0,163.8,177.3,140.0,130.7,192.0,158.5,146.0,148.4,143.2,171.0,168.6,180.9,183.4,141.9,182.4,187.2,188.7,164.2,171.6,160.5,196.1,163.0
2019-10-02 10:41:00,210.0,184.0,164.6,188.2,168.0,153.2,173.4,185.7,158.6,164.4,195.0,142.5,150.2,217.2,190.0,136.2,152.4,155.6,162.0,165.5,165.8,123.8,191.2,174.2,187.6,174.8,147.4,141.0,193.5,162.0
2019-10-02 10:42:00,190.0,204.8,165.7,187.0,172.0,159.6,169.5,178.5,155.4,159.6,206.4,164.1,135.0,196.4,202.6,134.6,147.6,166.0,154.8,159.6,159.4,130.2,184.8,180.6,184.4,175.6,145.8,141.0,189.5,170.0
2019-10-02 10:43:00,135.0,174.0,167.9,176.0,166.8,143.0,162.9,160.4,153.0,144.3,166.8,198.5,146.0,151.5,171.8,145.5,137.4,192.0,141.0,142.0,144.6,148.3,158.4,190.6,174.5,184.2,128.4,145.9,169.5,172.8
2019-10-02 10:44:00,142.2,159.6,173.6,178.0,163.6,135.0,168.0,154.0,153.0,138.7,157.8,180.1,150.0,163.5,162.48387096774192,157.5,136.6,192.0,138.6,146.1,139.8,158.7,169.8,181.8,170.5,191.4,118.8,151.5,160.7,168.0
2019-10-02 10:45:00,162.0,212.0,191.2,200.0,172.8,211.8,194.4,211.2,172.2,186.3,177.6,149.0,202.3448275862069,194.7,173.1290322580645,177.9,147.0,191.4,151.0,205.5,156.0,185.6,220.39999999999998,172.4,179.3,200.0,137.9,179.5,205.5,183.6
2019-10-02 10:46:00,170.8,234.39999999999998,203.9,212.0,177.6,245.4,203.5,240.0,181.8,204.7,188.2,161.8,220.3,201.9,177.0,178.7,163.0,189.0,163.8,211.8,168.0,182.4,210.0,193.2,189.7,196.0,156.3,199.5,233.5,198.0
2019-10-02 10:47:00,195.0,218.0,241.3,256.0,203.4,231.4,227.7,220.6,209.8,228.0,245.4,191.0,248.9,212.7,227.6,196.2,190.2,182.8,196.0,159.0,215.0,176.5,155.0,237.6,195.2,207.58064516129033,196.5,219.6206896551724,250.5,228.0
2019-10-02 10:48:00,206.2,209.2,240.29032258064515,258.8,213.8,220.2,221.0,203.0,220.2,236.0,256.2,194.2,256.2,195.9,246.0,210.6,183.8,182.0,206.4,153.3,235.0,196.5,158.68965517241378,232.8,188.8,226.16129032258064,208.5,199.75862068965517,246.5,236.0
2019-10-02 10:49:00,237.0,243.0,231.7741935483871,230.2,231.6,191.3,177.0,239.70967741935485,231.31034482758622,224.4,203.4,200.5,216.6,157.2,250.4,237.6,181.2,180.4,235.0,199.5,237.38709677419354,248.9,190.55172413793105,219.2,171.2,246.3,200.48275862068965,187.4,231.0,230.4
2019-10-02 10:50:00,232.2,257.4,235.8,227.8,237.2,180.9,171.0,262.16129032258067,232.9655172413793,219.6,191.8,199.7,205.6,160.4,252.0,240.8,194.8,182.0,245.4,206.7,227.32258064516128,248.1,205.3,213.6,164.8,229.5,187.24137931034483,209.8,224.6,220.0
2019-10-02 10:51:00,219.0,259.0,253.4,243.2,200.4,215.0,171.0,274.2,242.5,202.2,222.6,202.0,240.8,174.3,223.4,219.0,221.4,184.6,233.0,182.5,214.7,243.6,247.1,199.8,162.6,206.4,200.6,234.6,214.5,199.8
2019-10-02 10:52:00,234.2,258.2,250.2,243.6,182.8,231.0,184.0,271.8,246.5,195.8,231.8,208.4,249.4,191.1,213.0,195.0,220.6,179.0,210.6,179.1,213.9,224.4,234.3,197.4,167.4,216.0,215.8,220.2,212.1,195.0
2019-10-02 10:53:00,276.0,250.0,232.6,230.4,183.0,221.8,241.2,252.4,233.7,180.3,240.6,219.5,192.2,226.2,188.8,183.0,217.8,171.6,187.0,194.5,232.5,174.3,188.1,199.2,171.8,242.4,242.2,179.0,223.5,209.4
2019-10-02 10:54:00,248.8,246.8,229.2,230.4,187.0,215.4,239.5,243.6,226.5,174.7,243.4,215.5,176.5,213.4,180.0,207.0,216.2,198.0,195.0,191.4,244.5,176.7,200.7,213.6,170.2,252.0,248.6,163.0,230.7,223.0
2019-10-02 10:55:00,174.0,236.0,222.6,243.6,223.2,232.0,197.7,193.8,237.3,190.8,247.8,208.0,231.5,186.3,202.0,222.6,211.8,261.2,196.0,143.0,233.3,183.1,246.9,244.0,197.7,258.1,259.2,160.6,252.0,240.0
2019-10-02 10:56:00,189.2,232.0,230.4,234.8,238.4,240.0,190.0,172.2,244.5,197.2,249.4,209.6,249.0,195.1,210.0,201.8,210.2,250.0,187.2,135.6,218.1,183.9,237.8,240.0,219.3,244.5,261.6,186.2,260.0,240.0
2019-10-02 10:57:00,231.0,229.0,261.2,173.2,247.8,216.4,181.2,223.2,235.4,212.7,253.8,206.0,249.0,212.4,199.0,178.8,204.0,221.6,188.0,162.0,195.8,187.1,202.6,231.0,252.3,209.9,224.8,214.2,226.5,235.2
2019-10-02 10:58:00,243.0,228.2,264.0,168.8,248.6,205.2,190.0,256.8,229.0,218.3,253.8,194.8,246.2,202.8,195.0,188.4,200.0,220.0,199.2,169.5,192.6,195.9,188.4,231.0,254.7,199.5,202.4,197.4,204.9,232.0
2019-10-02 10:59:00,276.0,230.0,264.0,206.2,193.2,210.5,234.0,240.4,250.5,204.3,240.6,169.5,184.60000000000002,181.8,181.8,213.0,186.0,214.4,218.0,180.5,177.3,218.1,148.8,225.0,248.89655172413794,180.0,189.8,182.4,196.5,219.8709677419355
2019-10-02 11:00:00,276.0,230.8,245.4,220.6,168.39999999999998,214.5,233.0,219.6,262.5,198.7,234.6,167.1,165.0,186.6,177.0,221.0,178.0,208.0,219.6,180.9,170.1,210.9,167.3,213.0,242.27586206896552,180.0,195.4,196.8,202.1,214.4516129032258
2019-10-02 11:01:00,276.0,253.0,177.2,262.4,154.2,244.5,202.2,186.4,256.4,189.6,208.2,162.5,165.0,197.1,172.6,227.7,165.0,191.2,228.0,165.5,193.2,192.7,231.1,189.2,225.6,198.9,222.0,213.2,198.0,201.5
2019-10-02 11:02:00,268.8,261.8,165.0,265.2,153.4,256.5,207.0,177.6,250.0,186.4,203.4,163.3,165.3,194.7,171.0,222.1,169.0,188.0,232.8,174.0,212.4,198.3,237.5,195.6,220.0,220.5,234.0,204.4,193.2,197.5
2019-10-02 11:03:00,249.0,222.0,143.0,238.8,185.4,230.6,246.6,215.8,235.8,160.8,229.8,167.5,171.9,190.2,206.2,215.7,183.6,185.0,244.0,262.0,241.8,212.2,248.5,206.4,190.2,245.6,253.0,193.8,189.0,203.0
2019-10-02 11:04:00,231.4,205.2,163.8,223.6,199.8,217.8,242.0,238.2,231.0,151.2,235.2,171.5,175.9,193.4,219.0,218.1,192.4,205.0,247.2,279.9,246.6,205.8,247.6,199.2,175.0,228.0,257.0,198.6,189.0,211.0
2019-10-02 11:05:00,183.0,245.0,247.39999999999998,166.39999999999998,221.4,211.1,198.0,245.4,228.0,206.7,215.4,188.5,217.7,205.5,236.6,216.6,207.6,253.2,236.0,264.5,220.8,189.0,243.2,191.4,190.8,199.2,251.2,197.4,226.5,208.8
2019-10-02 11:06:00,197.4,262.6,251.4,155.6,227.8,210.3,190.5,240.6,228.0,228.3,214.0,202.1,229.2,217.5,243.0,211.8,204.4,246.0,223.2,258.0,201.6,189.0,234.6,208.2,214.0,204.0,245.6,187.8,246.5,199.2
2019-10-02 11:07:00,237.0,253.0,238.2,153.4,214.8,181.5,183.9,264.2,212.7,245.7,258.0,235.0,189.6,243.0,212.2,217.5,204.6,224.4,202.0,236.0,196.9,190.0,208.2,246.8,247.8,199.7,213.4,183.0,211.5,204.7
2019-10-02 11:08:00,235.4,247.4,238.2,161.4,207.6,169.5,194.0,277.8,205.5,251.3,268.4,241.4,178.6,235.0,201.0,229.5,213.4,210.0,200.4,236.4,207.3,198.0,211.2,248.4,251.0,184.5,198.2,195.0,183.5,218.3
2019-10-02 11:09:00,231.0,215.03225806451613,242.6,207.6,205.92857142857142,196.25806451612902,242.4,248.0,221.4,197.4,250.8,239.5,213.8,213.6,220.8,232.8,232.2,176.8,210.0,276.0,237.2,220.2,224.4,247.2,256.2,170.0,181.6,215.2,217.5,222.7
2019-10-02 11:10:00,215.0,202.6451612903226,238.2,218.0,206.78571428571428,209.4193548387097,235.5,228.0,231.0,176.6,247.24137931034483,214.7,223.4,207.2,228.0,218.4,233.8,188.0,219.6,280.35483870967744,248.4,229.8,220.8,237.6,257.0,186.0,180.8,214.4,248.7,212.3
2019-10-02 11:11:00,171.0,196.1,220.6,229.0,189.0,196.2,176.1,197.0,230.2,190.8,260.8965517241379,166.5,188.2,195.6,239.0,205.8,236.4,216.8,226.0,246.29032258064515,259.7,255.3,207.6,216.8,218.4,202.0,215.0,228.2,262.5,189.2
2019-10-02 11:12:00,171.8,195.3,217.8,219.8,181.8,187.4,177.0,189.0,227.0,197.2,258.0,173.7,178.7,205.2,243.0,215.4,235.6,220.0,219.6,237.0,258.9,257.7,206.3,218.4,192.0,186.0,235.0,243.4,255.3,182.8
2019-10-02 11:13:00,174.0,204.5,213.4,158.2,198.0,220.8,216.6,179.8,192.7,242.1,214.0,188.5,216.1,225.0,225.4,209.4,226.8,227.8,209.0,237.0,230.7,262.9,204.1,210.8,161.4,155.3,236.8,258.8,214.5,202.6
2019-10-02 11:14:00,204.4,208.5,226.8,161.8,205.2,237.6,217.5,178.2,177.5,258.9,204.9,187.7,227.3,217.0,219.0,190.2,217.2,227.0,208.2,238.8,213.9,254.1,209.6,188.4,163.0,154.5,226.4,247.6,196.1,223.4
2019-10-02 11:15:00,288.0,179.6,277.4,243.2,201.0,229.8,197.7,210.6,168.0,258.9,211.5,188.0,211.9,197.7,199.2,184.2,210.0,219.8,204.0,258.6,219.7,229.8,227.2,141.6,181.8,166.3,218.8,236.8,181.5,241.0
2019-10-02 11:16:00,256.0,166.8,279.0,245.2,198.6,222.6,201.0,227.4,168.0,258.1,214.4516129032258,191.2,208.7,196.9,192.0,206.6,226.0,199.0,201.6,262.3448275862069,234.9,220.2,228.7,148.8,193.0,181.5,220.4,245.6,182.3,233.0
2019-10-02 11:17:00,168.0,188.6,268.0,174.8,234.0,219.0,227.4,217.6,212.2,262.2,225.09677419354838,199.5,246.1,201.9,172.2,219.6,256.8,151.8,187.0,244.13793103448276,228.6,195.2,230.9,169.0,198.6,219.1,206.6,248.2,193.5,230.8
2019-10-02 11:18:00,196.0,199.8,256.2,172.4,248.4,219.0,223.5,206.4,233.0,263.8,226.0,201.9,256.0,220.3,165.0,198.8,255.2,171.0,178.2,235.8,214.2,196.8,234.5,177.0,193.0,229.5,197.8,235.4,199.1,237.2
2019-10-02 11:19:00,273.0,232.5,216.6,229.60000000000002,254.0,233.4,190.5,228.4,218.8,184.2,204.0,216.5,212.0,258.6,187.0,173.1,249.0,216.2,192.0,205.0,186.3,202.2,245.5,199.8,207.6,233.6,173.6,193.0,222.0,196.5
2019-10-02 11:20:00,250.6,244.5,219.6,242.0,254.8,239.8,197.0,243.6,206.0,153.8,202.4,231.7,199.7,244.2,195.0,180.3,245.0,205.0,213.6,201.6,179.1,211.8,236.2,209.4,222.0,216.0,164.8,173.0,231.6,160.5
2019-10-02 11:21:00,189.0,252.8,243.8,253.0,227.0,210.6,245.4,258.2,218.4,202.5,250.8,259.0,237.1,213.3,210.4,175.8,238.8,181.6,221.0,228.0,177.5,234.9,205.4,225.4,237.6,193.5,206.4,164.4,223.5,123.1
2019-10-02 11:22:00,185.8,254.4,241.2,245.4,215.8,196.2,238.0,259.8,228.0,222.5,259.8,251.0,247.4516129032258,222.1,216.0,161.4,241.2,200.0,201.0,234.6,181.5,218.1,208.9,214.2,236.0,205.5,235.2,190.8,214.7,131.9
2019-10-02 11:23:00,177.0,222.7,223.6,192.6,209.0,219.6,176.4,262.6,235.7,229.2,213.6,234.0,213.38709677419354,242.1,195.51724137931035,147.0,244.2,247.0,188.0,239.0,196.4,174.2,224.3,198.2,205.2,214.7,219.2,217.0,222.0,173.7
2019-10-02 11:24:00,183.4,209.1,223.8,191.0,207.4,233.2,183.5,263.4,236.5,230.8,202.8,234.0,201.0,239.7,189.0,155.0,241.8,251.0,201.6,239.4,202.8,175.8,227.8,216.6,186.0,199.5,193.6,197.0,230.0,195.3
2019-10-02 11:25:00,201.0,209.51612903225808,230.4,235.0,201.19354838709677,224.57142857142858,251.7,214.4,209.8,239.4,222.6,233.5,168.0,236.1,189.0,178.8,229.8,258.0,204.0,235.0,226.9,179.8,236.6,259.6,168.0,176.6,165.2,169.2,231.0,225.0
2019-10-02 11:26:00,192.2,211.83870967741936,228.6,238.2,198.8709677419355,217.71428571428572,252.5,189.6,197.0,242.6,226.4,232.7,156.0,241.7,190.5,188.4,220.2,246.0,189.6,224.4,237.3,178.2,232.1,262.8,172.0,183.0,163.6,176.4,227.8,225.0
2019-10-02 11:27:00,168.0,195.0,219.8,211.8,205.6,224.0,215.1,206.2,206.0,251.4,208.8,231.0,153.8,253.8,223.5,195.0,196.2,213.8,173.0,154.0,239.9,176.2,216.7,264.0,165.0,197.89655172413794,152.2,192.09677419354838,223.5,236.0
2019-10-02 11:28:00,164.8,187.0,217.8,211.4,208.8,227.2,203.5,223.8,214.0,254.6,206.0,231.0,153.0,250.6,233.7,187.0,189.8,205.0,177.0,147.3,234.3,193.8,212.5,252.0,157.0,201.20689655172413,146.6,195.19354838709677,222.7,244.0
2019-10-02 11:29:00,156.0,242.4,213.4,235.6,242.3,208.0,174.9,267.4,234.3,198.3,228.0,232.5,190.4,240.3,227.1,168.6,174.0,181.8,205.0,215.5,217.6,239.4,201.5,228.2,183.0,211.0,155.0,205.2,195.0,236.3
2019-10-02 11:30:00,175.2,268.8,224.4,231.6,255.9,200.0,181.5,282.6,241.5,176.7,229.0,234.9,204.0,233.1,223.7,163.8,170.0,177.0,222.6,224.4,211.2,234.6,191.9,234.6,207.0,215.0,163.0,210.0,180.6,222.7
2019-10-02 11:31:00,228.0,253.2,266.2,185.4,228.7,224.0,227.7,279.6,251.1,209.7,174.0,229.0,195.2,219.9,195.1,172.2,163.2,167.6,244.0,176.0,209.2,223.1,163.3,246.6,219.0,234.0,199.0,221.1,195.0,201.8
2019-10-02 11:32:00,239.2,240.4,241.8,184.2,215.1,234.4,235.5,272.4,253.5,223.3,160.8,211.4,192.0,230.3,188.5,186.6,164.8,178.0,240.0,168.3,212.4,231.9,169.7,241.8,207.0,246.0,215.0,223.5,209.4,200.2
2019-10-02 11:33:00,270.0,217.8,138.4,223.8,208.1,191.0,242.1,231.8,212.5,189.3,180.6,183.0,198.6,250.2,243.5,192.0,168.6,208.2,218.0,192.5,193.13793103448276,254.9,193.9,227.0,207.6,263.0,232.3548387096774,230.8,241.5,215.6
2019-10-02 11:34:00,239.6,210.6,141.0,227.4,207.3,172.60000000000002,235.5,214.2,192.5,175.7,190.8,197.4,201.0,237.4,259.9,176.0,169.4,225.0,205.2,203.1,179.0689655172414,254.1,196.4,219.0,218.0,259.0,233.1290322580645,234.0,251.9,228.4
2019-10-02 11:35:00,156.0,199.28571428571428,185.0,207.6,181.25806451612902,198.96774193548387,202.5,204.31034482758622,229.35483870967744,224.4,243.6,218.0,196.6,204.3,235.7,176.1,190.8,264.0,203.0,240.5,195.8,249.7,200.8,203.0,211.8,240.8,236.6,237.2,225.0,228.4
2019-10-02 11:36:00,169.6,195.85714285714286,186.51724137931035,211.6,170.4193548387097,211.3548387096774,206.0,205.9655172413793,252.5806451612903,243.6,253.0,202.0,195.0,197.1,228.6,199.3,217.2,252.0,216.6,245.4,213.4,231.3,213.8709677419355,207.0,199.0,229.6,238.2,234.0,205.8,215.6
2019-10-02 11:37:00,207.0,213.0,177.41379310344828,253.4,190.2,235.0,241.2,234.2,252.4,241.8,198.0,173.5,230.2,179.1,241.8,243.3,252.6,225.6,227.0,219.0,228.2,183.6,254.32258064516128,214.8,209.4,230.0,250.4,218.9,207.0,192.5
2019-10-02 11:38:00,196.6,220.2,191.0,250.2,201.4,243.0,243.0,247.0,243.6,240.2,184.0,182.3,243.0,176.7,245.5,248.9,229.4,240.0,219.0,215.4,226.6,188.4,258.0,212.4,227.0,250.0,256.8,208.5,216.6,188.5
2019-10-02 11:39:00,168.0,238.0,235.0,190.8,194.4,251.7,229.8,227.8,219.4,235.8,195.0,207.5,238.6,172.8,234.5,244.5,178.2,271.8,225.0,233.0,246.0,201.1,258.0,212.6,208.3548387096774,269.8,215.9,197.4,235.5,200.0689655172414
2019-10-02 11:40:00,185.6,244.4,232.8,180.0,188.8,254.1,222.5,215.0,210.6,234.2,199.8,217.9,237.0,177.6,231.8,232.5,171.8,255.0,239.4,237.9,258.0,201.9,238.8,223.8,181.25806451612902,254.6,186.3,207.0,241.1,212.48275862068965
2019-10-02 11:41:00,234.0,230.0,219.6,180.0,184.2,211.3,198.3,198.5,194.4,181.5,219.6,242.0,190.8,189.6,249.4,202.2,163.2,210.2,243.0,244.5,216.8,201.8,168.39999999999998,237.4,166.0,211.2,188.1,220.8,250.5,206.4
2019-10-02 11:42:00,218.8,223.6,209.9,183.6,183.4,192.9,206.5,194.5,189.6,161.5,221.0,245.2,174.0,191.2,253.7,192.6,168.8,199.0,228.6,240.6,186.4,184.2,168.6,214.2,182.0,194.4,209.7,216.0,252.9,192.0
2019-10-02 11:43:00,177.0,216.0,181.3,203.4,181.2,241.1,257.1,205.6,202.0,175.8,177.0,253.5,226.8,192.6,225.1,200.4,183.6,170.8,196.0,201.0,156.0,140.8,192.8,164.4,210.6,187.4,234.0,208.4,226.5,205.2
2019-10-02 11:44:00,193.0,213.6,187.7,207.8,180.4,264.3,256.5,212.0,210.0,182.2,165.4,255.9,246.0,186.2,214.6,221.2,188.4,170.0,187.2,196.5,156.0,163.2,207.0,169.2,215.4,209.8,234.0,210.0,211.3,226.0
2019-10-02 11:45:00,237.0,261.0,211.9,212.2,174.6,206.5,223.5,190.5,212.8,216.6,169.8,258.5,250.4,172.8,183.8,246.0,198.6,174.0,176.0,229.5,184.0,222.5,251.0,182.0,224.2,250.6,241.8,209.5,192.0,218.4
2019-10-02 11:46:00,230.6,280.2,211.6,219.0,172.2,178.5,224.0,178.5,211.2,229.4,169.6,254.5,252.0,177.6,175.1,238.0,199.4,198.0,177.6,235.5,200.0,226.5,245.4,186.0,225.8,252.2,246.6,205.5,188.8,196.0
2019-10-02 11:47:00,213.0,259.0,207.2,252.0,162.0,219.3,246.0,203.3,218.0,189.0,154.2,235.5,225.6,193.2,199.3,208.8,202.2,257.0,184.0,224.5,220.2,236.7,210.2,191.0,204.9,249.4,206.5,207.8,190.5,204.0
2019-10-02 11:48:00,213.0,248.6,217.5,254.4,158.0,240.9,243.5,218.5,222.0,173.0,156.8,218.7,216.0,204.4,205.3,194.4,203.8,253.0,187.2,223.5,222.6,234.3,199.8,183.0,188.1,243.8,178.5,219.0,192.9,228.0
2019-10-02 11:49:00,213.0,252.0,250.5,234.6,157.8,201.5,219.3,195.7,199.4,231.9,231.6,174.5,189.6,233.7,167.9,185.4,213.0,239.6,213.0,234.5,220.8,226.2,173.4,173.8,195.8,235.6,183.4,232.3,199.5,236.4
2019-10-02 11:50:00,225.0,254.4,246.4,237.8,158.6,181.5,223.0,180.5,186.6,255.1,253.6,160.9,180.0,240.9,159.96774193548387,198.2,221.0,226.0,229.8,238.8,218.4,211.8,189.6,191.4,218.2,237.2,205.8,223.5,201.9,222.0
2019-10-02 11:51:00,258.0,289.0,228.8,275.2,220.2,240.5,253.8,249.2,218.6,232.8,271.2,147.0,200.48275862068965,258.6,247.25806451612902,199.2,231.6,194.6,266.0,252.0,227.2,177.6,257.8,236.6,220.4,247.74193548387098,238.8,222.20689655172413,219.0,241.2
2019-10-02 11:52:00,260.4,302.6,223.1,272.4,247.39999999999998,268.5,248.5,286.0,239.4,223.2,277.4,171.0,209.4,260.2,279.0,181.6,224.4,205.0,274.8,246.0,233.6,206.4,259.2,247.8,199.6,255.48387096774195,243.6,239.58620689655174,227.0,266.0
2019-10-02 11:53:00,267.0,256.0,207.7,219.6,271.8,218.2,206.7,246.48387096774195,243.41379310344828,268.2,292.8,229.0,262.2,261.0,281.2,174.6,224.4,235.2,275.0,180.0,252.6,279.2,241.6,272.6,183.1,274.2,226.9,275.6,231.0,259.8
2019-10-02 11:54:00,273.4,236.0,221.0,214.0,276.6,192.6,210.0,217.06451612903226,237.6206896551724,285.8,291.8,240.2,278.5,253.0,282.0,193.8,243.6,252.0,264.6,166.5,259.8,256.8,241.8,271.8,191.9,279.0,213.3,281.2,229.4,235.0
2019-10-02 11:55:00,291.0,233.0,265.0,236.0,235.8,222.9,249.6,235.0,227.2,296.4,234.6,261.0,267.5,239.4,275.4,232.2,282.6,291.8,262.0,177.5,246.67741935483872,200.4,248.4,270.4,220.5,283.1,196.6551724137931,283.8,258.0,236.4
2019-10-02 11:56:00,285.4,233.8,258.19354838709677,229.2,216.6,239.7,252.0,255.0,224.0,299.6,224.0,256.2,261.4,253.8,273.0,238.6,283.4,283.0,272.4,188.1,235.06451612903226,219.6,244.0344827586207,271.2,232.5,277.5,195.82758620689654,276.6,274.0,258.0
2019-10-02 11:57:00,270.0,274.0,230.51612903225805,169.8,223.2,259.3,238.8,284.4,254.3,281.1,279.0,235.0,204.2,283.2,240.0,240.0,263.4,263.2,249.0,247.5,238.9,269.9,225.82758620689654,271.0,262.2,267.0,216.0,268.8,267.0,265.8
2019-10-02 11:58:00,264.4,290.0,232.2,161.0,230.4,264.9,226.5,291.6,269.5,273.9,290.2,217.4,187.4,270.4,228.0,232.0,234.6,272.0,217.8,259.5,249.3,269.1,238.3,267.0,271.8,267.0,228.0,273.6,255.8,253.0
2019-10-02 11:59:00,249.0,232.0,247.6,172.0,252.0,272.7,180.3,273.0,231.4,281.4,248.4,182.5,218.2,241.2,269.8,228.9,199.8,290.6,200.0,248.5,238.9,264.3,280.1,258.4,271.8,264.9,254.0,272.4,274.5,257.4
2019-10-02 12:00:00,238.6,207.2,260.4,184.4,260.0,275.1,184.5,261.0,209.0,284.6,237.8,186.5,229.2,244.4,285.0,237.7,230.2,277.0,223.2,248.4,225.3,242.7,281.3,259.2,262.2,262.5,262.0,262.8,289.7,271.0
2019-10-02 12:01:00,210.0,221.0,302.2,241.60000000000002,251.4,276.0,230.7,261.6,172.9,228.3,246.6,195.0,255.6,250.2,289.4,221.4,279.0,240.2,241.0,266.0,237.3,187.4,279.1,255.4,243.5,244.0,277.0,234.0,304.5,264.0
2019-10-02 12:02:00,235.6,229.0,294.6,248.8,245.8,276.0,248.5,266.4,162.5,206.7,245.4,195.0,264.6,245.4,291.0,194.2,263.0,229.0,227.4,261.3,254.1,198.6,269.2,244.2,239.5,228.0,281.0,222.0,305.3,248.0
2019-10-02 12:03:00,306.0,283.0,252.8,231.2,266.4,245.6,299.1,274.8,224.0,252.3,205.8,209.0,277.8,237.3,242.6,171.6,226.2,205.6,234.0,197.5,283.4,227.4,238.4,227.4,245.3793103448276,211.3,262.6,219.4,304.5,203.61290322580646
2019-10-02 12:04:00,306.8,303.8,243.6,230.8,276.8,232.8,305.5,277.2,256.0,270.7,201.6,231.4,280.0,246.1,225.0,190.8,219.8,224.0,255.6,189.3,289.8,222.6,234.9,244.2,253.6551724137931,226.5,249.8,237.8,303.7,187.35483870967744
2019-10-02 12:05:00,309.0,255.0,223.8,246.2,219.0,220.4,303.3,267.8,282.8,277.2,274.2,273.0,236.0,269.4,273.4,235.5,222.0,265.4,273.0,235.5,269.7,210.9,228.3,281.6,273.6,250.1,227.2,262.0,280.5,212.3
2019-10-02 12:06:00,294.6,233.39999999999998,235.2,253.0,191.0,217.2,301.0,262.2,286.0,278.8,291.8,263.4,221.5,275.8,291.0,247.5,242.0,247.0,261.0,238.2,252.9,218.1,228.0,280.8,280.0,244.5,221.6,254.0,268.5,246.7
2019-10-02 12:07:00,255.0,284.0,283.6,275.0,238.2,223.6,292.2,245.2,247.2,264.3,267.6,243.0,210.5,287.7,286.6,240.0,270.6,200.8,254.0,181.0,235.3,236.9,228.0,267.4,286.8,242.4,197.8,242.4,252.0,266.5
2019-10-02 12:08:00,268.6,306.4,277.8,279.8,265.4,226.8,283.5,238.8,228.0,258.7,263.8,243.0,209.7,278.9,285.0,216.0,255.4,200.0,262.8,176.7,236.1,236.1,232.2,244.2,286.0,252.0,187.4,244.8,248.8,246.5
2019-10-02 12:09:00,306.0,300.0,240.4,284.2,259.2,231.8,250.5,264.4,255.1,224.4,294.6,238.5,269.1,254.7,256.4,196.8,216.0,201.6,264.0,240.5,200.6,234.5,245.4,195.6,285.0,274.2,217.6,256.2,267.0,241.0
2019-10-02 12:10:00,302.8,295.2,237.0,284.6,250.4,233.4,248.5,279.6,273.5,211.6,298.4,231.3,287.2,245.9,246.0,214.4,204.0,216.0,254.4,255.3,178.2,238.5,246.7,202.8,285.0,279.0,240.8,263.4,278.2,257.0
2019-10-02 12:11:00,294.0,252.0,237.0,282.4,249.6,196.0,259.5,289.4,218.7,256.2,247.8,224.0,269.6,225.9,272.4,225.9,193.2,254.8,257.0,257.5,211.5,250.0,248.9,216.6,280.2,289.4,250.0,271.2,276.0,283.4
2019-10-02 12:12:00,266.8,235.2,238.8,272.8,251.2,180.0,260.5,288.6,187.5,273.8,235.2,236.8,263.7,228.3,282.0,210.7,210.8,266.0,270.6,257.4,247.5,258.0,244.8,211.8,277.0,291.0,242.0,266.4,269.6,286.6
2019-10-02 12:13:00,192.0,279.0,245.4,222.2,266.4,212.0,258.3,300.8,183.3,263.4,248.4,251.0,257.1,238.8,238.0,212.1,233.4,289.0,291.0,253.0,259.4,279.3,231.6,201.8,235.8,292.6,227.0,245.2,270.0,269.0
2019-10-02 12:14:00,187.2,298.2,256.2,213.0,272.8,228.0,265.5,307.2,190.5,258.6,251.6,230.2,255.7,251.6,222.0,235.3,216.6,269.0,291.0,246.3,241.8,281.7,224.7,203.4,211.0,291.0,223.0,232.4,273.2,253.0
2019-10-02 12:15:00,174.0,279.7741935483871,293.6,213.0,241.28571428571428,224.80645161290323,298.5,281.6,218.8,272.7,247.2,184.5,271.1,282.6,272.6,247.8,187.2,219.8,285.0,204.5,246.7,286.9,204.9,209.8,202.8,276.8,248.4,225.2,273.0,217.8
2019-10-02 12:16:00,193.2,270.48387096774195,298.8,223.0,225.85714285714286,220.93548387096774,293.0,266.4,230.0,278.3,241.2,182.1,274.4,284.2,291.0,225.4,192.8,223.0,280.2,200.1,261.9,278.1,223.6,215.4,218.0,264.0,265.2,240.4,271.4,208.2
2019-10-02 12:17:00,246.0,229.0,305.4,278.0,230.0,228.0,249.0,282.2,218.3,289.5,188.4,180.5,239.2,286.8,275.6,213.3,219.0,232.8,278.0,237.5,266.0,254.5,285.2,224.4,250.2,239.3,245.6,259.0,243.0,228.0
2019-10-02 12:18:00,248.4,213.0,296.4,276.7741935483871,233.2,232.0,241.0,295.8,209.5,293.5,182.57142857142858,186.1,227.1,283.6,270.0,234.9,239.0,240.0,282.0,243.38709677419354,258.0,250.5,286.6,217.2,259.0,238.5,224.8,251.0,228.6,252.0
2019-10-02 12:19:00,255.0,195.6,261.2,215.03225806451613,184.0,225.0,232.2,267.6,209.1,243.6,276.8571428571429,194.5,207.3,271.8,281.0,273.6,279.6,256.4,272.0,224.2258064516129,242.5,240.9,282.2,212.6,270.0,251.0,202.6,237.0,237.0,253.1
2019-10-02 12:20:00,262.2,190.8,257.4,201.6,164.0,221.0,236.5,248.4,211.5,224.4,290.4,188.9,203.8,260.6,285.0,276.8,280.4,250.0,259.2,219.8,238.5,248.1,270.1,235.8,270.0,267.0,201.8,237.0,248.2,229.9
2019-10-02 12:21:00,282.0,253.6,255.2,206.0,217.0,260.4,260.7,214.8,218.1,198.9,270.6,182.5,265.4,228.6,278.4,263.1,278.4,235.0,226.0,228.6,237.9,265.9,232.7,283.2,268.8,297.7,238.8,252.2,243.0,209.0
2019-10-02 12:22:00,290.0,280.8,261.6,213.67741935483872,240.2,278.8,268.0,205.2,220.5,190.1,255.7741935483871,191.3,284.8,214.2,276.0,246.3,273.6,239.0,214.8,232.71428571428572,240.3,257.1,242.2,273.6,268.0,298.5,260.4,267.4,235.0,217.0
2019-10-02 12:23:00,312.0,272.0,285.8,262.64516129032256,278.0,261.0,285.6,263.6,245.8,216.3,194.03225806451613,214.0,280.4,186.6,284.8,224.4,259.8,251.0,201.0,251.57142857142856,265.1,235.5,277.4,253.2,261.0,272.0,277.8,290.8,235.5,225.8
2019-10-02 12:24:00,288.8,264.0,282.0,275.6,290.8,249.0,288.5,296.4,257.0,226.7,192.0,220.4,277.3,204.2,288.0,229.2,254.2,259.0,203.4,256.6,278.7,247.5,262.9,255.6,257.0,240.0,275.4,287.6,239.5,224.2
2019-10-02 12:25:00,225.0,257.2,260.0,271.2,260.0,271.8,290.7,319.4,279.3,259.5,280.0,242.0,239.9,249.3,285.8,228.9,235.8,277.4,210.0,265.4,287.5,278.3,212.3,263.8,262.8,200.3,275.8,267.6,235.5,234.1
2019-10-02 12:26:00,245.8,255.6,265.2,268.8,246.4,284.6,278.5,318.6,286.5,271.5,300.0,254.8,228.4,258.1,285.0,221.7,226.2,271.0,212.4,261.4,283.5,272.7,226.8,269.4,270.0,223.5,277.4,253.2,231.5,242.9
2019-10-02 12:27:00,303.0,253.1,291.6,255.6,239.0,249.6,223.5,310.0,272.3,243.6,300.0,273.5,237.2,275.4,265.2,212.7,212.4,254.0,200.0,230.6,258.2,258.9,279.6,279.6,283.8,273.3,237.0,228.0,247.5,248.4
2019-10-02 12:28:00,286.2,252.3,292.8,250.6,237.4,231.2,227.0,306.0,263.5,232.4,300.0,259.9,240.6,265.8,258.0,215.1,219.6,250.0,187.2,233.8,245.4,266.1,273.6,274.8,287.0,280.5,213.0,228.0,257.9,243.6
2019-10-02 12:29:00,240.0,263.4,288.4,235.2,275.0,263.4,275.4,296.6,244.4,226.8,300.0,234.5,253.8,239.7,275.6,235.2,225.6,235.8,176.0,282.2,247.9,282.8,247.2,261.2,264.6,276.5,196.0,237.6,228.0,241.4
2019-10-02 12:30:00,254.4,268.2,292.8,230.2,290.2,281.8,285.0,293.4,238.0,225.2,293.4,240.1,257.7096774193548,230.9,282.0,249.6,214.4,219.0,182.4,287.4,258.3,265.2,234.1,255.6,247.0,256.5,200.0,247.2,207.2,244.6
2019-10-02 12:31:00,294.0,297.5806451612903,310.4,221.4,288.19354838709677,287.14285714285717,298.2,257.4,218.7,191.4,245.0,242.5,251.32258064516128,208.5,259.2413793103448,265.8,202.8,181.0,213.0,267.6,249.2,221.0,196.7,243.8,229.8,227.4,190.0,253.6,205.5,234.7
2019-10-02 12:32:00,268.4,309.19354838709677,285.0,223.4,285.8709677419355,285.42857142857144,293.0,240.6,211.5,178.6,237.9,227.3,249.0,204.5,249.9,259.4,217.2,197.0,229.8,258.4,236.4,237.0,200.6,245.4,233.0,237.0,182.0,243.2,214.3,224.3
2019-10-02 12:33:00,198.0,315.0,186.0,271.8,258.4,213.0,262.2,247.2,263.1,256.8,266.5,207.0,253.4,204.0,203.7,245.4,252.0,238.4,265.0,227.6,238.9,279.3,218.2,253.4,222.6,262.9655172413793,210.4,240.48387096774195,231.0,213.3
2019-10-02 12:34:00,227.6,315.0,184.8,283.2,247.2,184.2,251.0,256.8,289.5,287.2,271.2,226.2,255.0,228.0,191.8,242.2,260.0,244.0,273.0,231.6,249.3,281.7,234.4,262.2,213.0,272.0689655172414,231.2,255.96774193548387,235.8,215.7
2019-10-02 12:35:00,309.0,230.39999999999998,213.4,263.4,254.4,245.0,220.2,280.0,265.2,297.3,258.0,259.5,204.4,283.2,253.39999999999998,248.7,274.8,260.0,267.0,284.4,274.0,286.7,282.8,274.4,185.4,279.2,231.0,269.6,265.5,221.2
2019-10-02 12:36:00,306.6,192.8,223.8,254.8,259.2,272.2,226.5,288.0,246.0,299.7,259.5,247.5,186.0,278.4,269.7,259.1,273.2,268.0,252.6,293.6,282.0,276.3,271.0,259.2,175.0,270.4,219.0,252.0,279.1,222.8
2019-10-02 12:37:00,300.0,255.0,252.4,219.6,272.4,287.0,272.7,257.2,273.1,243.3,292.5,221.5,221.2,264.9,197.10000000000002,276.9,262.2,287.6,246.0,291.4,288.4,248.1,227.0,223.8,204.0,259.8,247.6,228.8,288.0,238.2
2019-10-02 12:38:00,303.2,291.0,249.0,209.2,277.2,290.2,261.0,238.8,291.5,221.7,300.3,220.7,234.0,259.3,176.0,277.7,251.8,286.0,258.0,282.2,286.8,240.9,229.2,221.4,232.0,264.6,270.8,240.0,286.4,247.8
2019-10-02 12:39:00,312.0,301.8,227.0,200.4,242.9,285.0,181.8,249.0,286.0,195.9,302.5,227.0,256.0,250.2,220.0,266.4,243.0,280.0,282.0,233.8,283.6551724137931,221.0,242.4,216.8,274.2,267.4,266.9032258064516,264.5,289.5,273.1
2019-10-02 12:40:00,300.0,298.6,214.8,200.8,227.7,282.6,191.0,261.0,278.0,187.1,297.6,239.8,264.0,261.4,235.5,255.2,259.0,272.0,286.8,223.4,282.82758620689657,213.0,251.4,218.4,279.0,261.8,251.4193548387097,268.5,291.9,281.9
2019-10-02 12:41:00,267.0,261.0,177.4,231.6,212.5,276.0,279.0,231.9310344827586,282.8709677419355,261.6,258.0,260.5,275.0,278.7,268.5,247.8,283.2,247.0,288.0,214.6,265.2,190.4,277.8,228.8,277.8,264.0,240.5,262.7,261.0,279.7
2019-10-02 12:42:00,279.8,245.0,190.8,237.4,208.5,273.6,293.0,212.89655172413794,287.51612903225805,290.4,249.0,250.1,279.0,253.9,278.0,257.4,272.8,227.0,283.2,215.8,255.6,177.6,278.3,242.4,273.0,276.0,244.5,247.5,243.4,269.3
2019-10-02 12:43:00,315.0,265.92857142857144,252.39999999999998,208.8,254.80645161290323,259.4516129032258,301.8,262.2,278.2,266.7,249.0,236.5,246.0,203.1,256.0,264.0,240.6,181.0,271.0,231.2,229.2,147.4,276.1,260.2,277.8,289.0,220.4,230.9,201.0,231.9
2019-10-02 12:44:00,278.2,278.7857142857143,261.1034482758621,202.0,274.93548387096774,254.03225806451613,295.0,291.0,271.8,256.3,249.6,250.1,234.0,224.7,248.9,256.0,225.4,197.0,267.0,237.6,219.6,174.6,270.5806451612903,234.6,285.0,281.0,202.8,244.5,186.6,215.1
2019-10-02 12:45:00,177.0,234.0,272.48275862068965,213.0,279.6,200.7,259.8,298.8,239.8,250.8,254.0,266.5,209.8,268.8,246.7,238.5,201.0,240.8,272.0,257.4,225.4,244.1,253.5483870967742,175.8,291.6774193548387,262.2,202.5,265.8,234.0,217.0344827586207
2019-10-02 12:46:00,215.4,214.8,255.5,218.4,277.2,179.1,239.5,294.0,226.2,249.2,255.0,246.5,201.0,249.6,244.5,234.5,209.0,256.0,280.8,254.2,234.2,228.9,256.8,173.4,290.1290322580645,257.4,214.5,261.0,266.0,235.24137931034483
2019-10-02 12:47:00,321.0,268.0,200.5,244.8,283.2,199.5,171.3,274.0,225.6,278.4,255.0,207.0,214.2,212.1,211.5,212.7,225.6,293.0,278.0,216.8,265.4,191.0,274.4,182.0,290.2,263.4,221.5,247.8,298.5,252.0
2019-10-02 12:48:00,297.8,291.2,223.2,245.8,286.4,211.5,175.0,266.0,230.4,289.6,253.8,211.8,219.0,233.7,202.3,199.1,226.4,289.0,265.2,221.6,278.2,207.0,265.8,210.0,291.8,277.8,217.5,243.0,300.9,248.0
2019-10-02 12:49:00,234.0,299.0,302.4,177.6,284.4,255.9,232.2,281.4,269.2,236.4,245.0,227.5,243.2,279.6,230.9,193.2,226.2,277.8,216.0,285.4,292.4,248.7,228.4,265.8,289.6,293.4,249.4,246.6,270.0,258.6
2019-10-02 12:50:00,225.2,299.8,303.2,164.4,282.8,272.7,240.0,291.0,286.8,215.6,247.8,236.3,252.0,265.2,241.7,207.6,223.8,273.0,192.0,285.0,293.2,246.3,234.6,251.4,286.4,283.8,271.8,261.0,252.4,269.0
2019-10-02 12:51:00,201.0,284.0,294.4,223.8,255.0,260.0,240.0,300.4,300.0,227.7,283.0,243.0,230.0,234.0,279.1,223.8,232.2,257.4,194.0,219.0,268.8,239.3,269.8,217.8,267.7,271.8,278.8,285.2,259.5,279.6
2019-10-02 12:52:00,230.6,277.6,270.9,239.2,243.0,252.0,234.0,302.0,300.0,233.3,291.3,223.8,222.0,242.0,288.8,217.4,249.8,243.0,224.39999999999998,218.2,254.4,233.7,268.8,215.4,257.3,276.6,267.6,282.0,271.5,278.0
2019-10-02 12:53:00,312.0,226.0,198.3,230.4,269.4,231.9,207.6,241.8,280.8,223.5,293.5,191.0,257.2,254.7,240.4,217.8,271.2,213.2,251.0,279.8,220.4,219.9,253.4,210.0,257.3,273.8,247.2,269.0,277.5,276.0
2019-10-02 12:54:00,311.2,206.0,209.7,230.2,283.8,224.7,220.0,213.0,271.2,219.5,291.3,203.8,270.0,237.9,225.6,227.4,252.8,238.0,235.8,288.6,209.2,227.1,231.0,210.0,267.7,262.6,242.4,261.0,275.1,276.0
2019-10-02 12:55:00,309.0,247.0,255.9,254.4,211.8,258.1,290.4,232.4,283.2,212.7,271.5,239.0,256.8,206.7,238.8,249.3,228.6,295.4,239.0,275.4,205.0,245.3,154.0,216.4,286.4,227.0,239.6,239.0,273.0,248.4
2019-10-02 12:56:00,294.6,265.4,267.1,255.4,176.6,273.3,293.0,250.0,292.8,210.3,266.7,251.8,252.0,229.9,242.7,254.9,245.4,277.0,259.8,275.8,209.0,239.7,172.2,229.2,289.6,211.0,241.2,231.0,273.0,230.0
2019-10-02 12:57:00,255.0,220.0,295.7,193.8,238.2,231.5,262.2,278.0,296.8,258.3,264.5,265.0,260.8,285.6,236.1,248.7,258.0,235.8,283.0,291.2,210.2,225.2,264.6,256.8,255.5,212.6,257.3,226.5,285.0,225.0
2019-10-02 12:58:00,237.4,200.0,295.6,177.2,273.4,211.5,263.5,286.0,295.2,276.7,267.6,242.6,264.0,287.2,233.03225806451613,235.1,230.0,255.0,276.6,285.2,208.6,226.8,258.6,254.4,227.5,242.2,266.1,238.5,291.4,237.0
2019-10-02 12:59:00,189.0,265.0,291.2,179.4,287.4,211.6,287.7,279.48387096774195,289.0344827586207,216.0,294.0,199.0,279.9310344827586,281.7,211.74193548387098,234.6,195.0,299.0,274.0,236.8,184.6,229.6,205.8,244.2,218.7,293.2258064516129,259.1,248.68965517241378,270.0,252.0
2019-10-02 13:00:00,187.4,293.0,258.8,186.6,285.8,214.8,271.5,274.06451612903226,286.55172413793105,192.0,300.0,205.4,282.1,256.9,204.0,253.8,223.0,283.0,279.6,238.0,171.8,218.4,210.0,234.6,240.3,292.4516129032258,248.7,234.6206896551724,255.6,252.0
2019-10-02 13:01:00,183.0,272.0,157.60000000000002,259.2,259.8,261.6,185.7,260.4,283.3,237.3,300.0,221.0,218.3,204.0,259.0,283.2,268.8,242.6,289.0,293.0,205.06451612903226,188.8,243.0,221.8,250.2,273.5,254.48275862068965,220.4,232.5,214.8
2019-10-02 13:02:00,192.6,260.8,184.5,271.8,248.6,280.8,195.0,255.6,282.5,255.7,296.7,224.2,200.4,220.0,279.0,281.6,255.2,241.0,289.8,301.0,231.38709677419354,187.2,248.4,239.4,235.8,253.5,265.2413793103448,230.8,226.9,190.0
2019-10-02 13:03:00,219.0,226.0,283.5,192.6,255.6,291.8,287.4,272.8,288.8,287.4,272.5,224.5,253.2,253.2,228.4,260.1,234.0,238.8,292.0,290.0,253.2,184.4,257.2,265.8,235.8,211.8,266.2,259.4,219.0,191.4
2019-10-02 13:04:00,219.8,213.2,287.3225806451613,176.0,261.2,293.4,299.5,283.2,292.0,298.6,263.4,214.1,270.6,240.4,210.0,243.3,242.0,246.0,292.8,279.6,248.4,195.6,260.48275862068965,239.4,250.2,207.0,260.6,269.8,217.4,213.0
2019-10-02 13:05:00,222.0,272.0,285.19354838709677,231.0,278.4,280.7,297.3,259.0,295.7,266.4,237.0,207.0,283.8,218.4,258.4,226.8,254.4,266.2,273.0,233.4,231.3,226.9,269.58620689655174,188.8,276.6,209.9,273.2,272.8,238.5,260.4
2019-10-02 13:06:00,227.6,296.8,285.0,248.0,284.8,275.1,279.0,243.0,296.5,253.6,232.5,231.0,287.7,240.8,276.0,236.4,249.6,275.0,256.2,225.8,224.1,242.1,270.7,206.4,281.4,223.5,283.6,257.6,250.5,274.0
2019-10-02 13:07:00,243.0,235.0,285.0,270.0,279.0,248.3,199.8,245.4,269.8,258.3,243.5,278.0,281.1,294.6,278.2,244.8,236.4,293.8,238.0,230.2,212.1,280.3,272.9,245.6,266.0,257.4,268.8,245.4,225.0,261.0
2019-10-02 13:08:00,256.6,207.8,284.4,275.2,275.0,237.9,201.5,252.6,257.0,260.7,245.7,271.6,278.1,296.2,279.0,238.4,231.6,281.0,243.6,226.2,209.7,266.7,267.4,244.8,250.0,267.0,254.4,259.8,205.8,241.0
2019-10-02 13:09:00,294.0,223.0,282.2,266.4,278.4,241.6,256.5,235.6,245.6,271.5,243.5,262.5,258.3,287.1,257.0,242.4,234.0,248.4,262.0,199.8,229.1,230.7,249.8,248.6,228.0,268.2,256.8,281.0,244.5,238.06451612903226
2019-10-02 13:10:00,293.2,231.8,286.2,265.6,280.8,244.8,261.5,224.4,244.0,275.5,243.3,269.7,249.5,252.7,249.0,255.2,250.0,246.0,270.0,191.8,242.7,228.3,242.0,259.8,228.0,249.0,266.4,277.0,274.1,252.7741935483871
2019-10-02 13:11:00,291.0,258.0,301.6,283.2,264.0,190.9,250.5,244.8,222.6,213.0,245.5,285.5,194.5,175.8,191.8,276.9,282.0,243.4,285.0,174.2,254.1,224.1,220.0,276.6,234.0,217.9,280.2,252.4,265.5,281.8
2019-10-02 13:12:00,295.8,267.6,293.4,284.8,256.0,167.7,252.5,259.2,213.0,189.0,248.1,286.3,180.6,188.6,171.0,277.7,282.0,257.0,287.4,181.0,251.7,240.9,231.6,259.8,238.0,223.5,282.6,234.8,247.1,288.2
2019-10-02 13:13:00,309.0,272.0,258.2,249.6,232.2,227.4,267.9,286.0,239.3,196.5,263.5,287.0,259.8,223.5,239.2,264.6,273.0,289.6,289.0,236.0,264.6,281.3,271.2,225.2,247.8,244.5,268.2,202.4,259.5,281.6
2019-10-02 13:14:00,278.6,272.8,249.0,237.8,223.4,256.2,275.0,294.0,254.5,200.5,269.7,285.4,283.1,235.5,264.0,251.8,261.0,284.0,287.4,247.6,274.2,251.7,268.1,231.6,251.0,256.5,258.6,200.8,274.7,270.4
2019-10-02 13:15:00,195.0,293.0,227.0,213.6,244.2,229.0,297.0,244.0,287.8,255.6,289.5,282.0,241.3,265.5,259.6,231.9,243.6,268.8,256.0,256.4,233.0,174.4,252.7,249.2,225.0,272.0,228.0,206.8,235.5,236.3
2019-10-02 13:16:00,225.4,301.0,240.0,209.0,255.4,213.0,298.5,216.0,299.0,276.4,288.9,282.0,227.3,269.5,258.0,232.7,252.4,264.0,232.8,256.8,201.0,177.6,236.6,255.6,205.0,264.0,216.0,215.6,207.5,222.7
2019-10-02 13:17:00,309.0,301.0,295.0,231.0,246.6,258.3,291.9,214.2,275.4,245.4,251.5,265.0,211.9,280.8,236.0,236.7,260.4,254.8,223.0,250.2,166.3,188.8,188.2,264.8,224.4,259.5,241.8,243.8,211.5,217.2
2019-10-02 13:18:00,295.4,300.2,292.8,239.14285714285714,240.2,279.9,276.0,223.8,261.0,232.6,240.96774193548387,237.8,208.2,285.6,228.0,239.1,247.6,266.0,243.0,254.03225806451613,167.1,211.2,206.3,254.4,254.0,271.5,263.4,256.6,226.7,226.8
2019-10-02 13:19:00,258.0,286.0,266.4,262.7142857142857,219.0,244.3,210.0,266.2,279.2,258.3,226.06451612903226,191.5,234.6,296.7,214.8,242.1,219.0,294.2,275.0,281.7096774193548,213.5,269.9,270.1,227.4,291.0,267.4,261.2,262.2,271.5,243.3
2019-10-02 13:20:00,245.2,280.4,250.2,263.8,211.0,225.9,211.5,283.8,292.0,268.7,227.0,209.9,241.1,295.9,210.0,241.3,215.0,295.0,276.6,287.1,241.5,269.1,276.5,220.2,291.0,237.0,247.6,245.4,288.3,245.7
2019-10-02 13:21:00,210.0,226.74193548387098,199.60000000000002,246.2,183.85714285714286,252.09677419354838,257.7,298.6,289.8,204.89999999999998,282.0,254.5,199.3,284.1,137.4,252.6,225.0,294.8,274.0,280.5,245.7,267.6,287.5,214.8,280.2,206.6,257.8,227.2,300.0,262.2
2019-10-02 13:22:00,225.2,205.83870967741936,220.2,249.4,173.57142857142856,266.0322580645161,269.0,299.4,285.0,180.1,293.6896551724138,263.3,189.6,257.7,111.0,263.8,249.0,286.0,270.0,279.8709677419355,228.9,272.4,284.5,236.4,273.0,237.0,271.4,238.4,298.4,271.8
2019-10-02 13:23:00,267.0,251.2,312.6,284.6,251.0,269.4,291.0,311.2,270.1,258.9,257.2758620689655,283.0,268.8,205.8,236.4,282.0,291.6,266.0,273.0,286.258064516129,223.0,284.7,273.5,284.2,253.2,296.1,279.4,259.6,279.0,289.4
2019-10-02 13:24:00,250.2,273.6,321.0,290.2258064516129,283.0,267.8,297.5,316.8,264.5,290.1,254.51612903225805,284.6,292.4,234.6,282.0,282.0,284.4,274.0,280.2,287.57142857142856,231.0,282.3,255.5,282.6,246.0,298.5,276.2,261.2,269.4,292.6
2019-10-02 13:25:00,204.0,291.5,321.0,285.96774193548384,269.0,286.8,312.9,313.0,272.9,298.2,294.9677419354839,281.0,257.2,302.1,275.4,276.6,253.8,295.2,295.0,282.85714285714283,266.0,276.4,200.5,277.8,245.4,303.0,264.6,259.2,282.0,292.6
2019-10-02 13:26:00,224.8,295.5,315.6,278.0322580645161,260.2,295.6,312.0,309.0,278.5,299.8,304.92857142857144,269.8,247.5,299.7,273.0,271.8,232.2,300.0,298.2,285.0967741935484,282.0,279.6,207.8,275.4,251.0,303.0,259.8,254.4,293.2,289.4
2019-10-02 13:27:00,282.0,300.8,295.8,226.93548387096774,260.0,276.6,298.8,299.6,268.4,281.1,293.14285714285717,250.5,280.5,295.2,292.8,271.2,207.0,310.6,294.0,302.1290322580645,300.0,285.9,238.6,264.0,266.4,303.0,262.0,254.0,297.0,275.1
2019-10-02 13:28:00,281.2,302.4,300.0,214.8,260.8,266.2,300.0,296.4,262.0,273.9,287.0,257.7,289.1,298.4,300.0,277.6,231.0,305.0,286.8,301.5,300.0,269.1,249.1,252.0,272.0,303.0,266.0,262.0,293.8,267.9
2019-10-02 13:29:00,279.0,297.3,322.0,234.6,265.0,273.6,313.2,287.6,281.8,279.3,265.0,270.5,247.3,305.4,280.2,287.1,272.4,291.0,286.0,268.5,298.7,227.4,277.7,233.8,270.6,302.3,275.6,268.8,294.0,253.6
2019-10-02 13:30:00,291.8,294.9,323.4,241.2,266.6,279.2,315.0,284.4,293.0,281.7,266.6,266.5,234.8,303.8,273.0,286.3,263.6,291.0,294.0,266.1,297.9,246.6,274.1,251.4,265.0,301.5,278.8,261.6,295.6,250.4
2019-10-02 13:31:00,327.0,311.1,321.2,254.4,283.0,285.6,315.0,296.4,296.6,292.5,297.4,262.5,252.4,298.2,259.8,285.0,254.4,291.2,301.0,303.5,293.1,296.8,258.7,289.8,250.8,299.3,280.6,245.8,270.0,260.3
2019-10-02 13:32:00,318.2,318.3,321.0,260.4,289.4,287.2,311.5,303.6,295.0,296.5,291.8,269.7,258.8,293.4,255.0,285.0,265.6,292.0,297.0,310.5,290.7,295.2,252.4,287.4,246.0,298.5,279.8,242.6,255.6,270.7
2019-10-02 13:33:00,294.0,290.6,321.0,286.8,297.0,271.8,296.1,302.6,287.2,301.2,230.2,287.0,276.4,283.5,252.8,278.7,289.2,294.2,289.0,299.5,295.8,289.2,234.8,282.8,250.8,294.2,266.4,253.8,276.0,289.4
2019-10-02 13:34:00,302.8,277.8,320.4,289.6,299.4,264.6,279.0,299.4,284.0,302.8,228.2,290.2,282.1,287.5,252.0,273.1,290.8,295.0,287.4,298.5,300.6,274.8,241.7,284.4,258.0,291.0,259.2,270.6,293.6,292.6
2019-10-02 13:35:00,327.0,284.4,318.2,241.2,242.0,284.4,213.0,313.0,273.5,300.9,278.8,296.5,284.3,297.9,285.0,268.5,281.4,295.4,282.0,309.5,264.4,238.8,265.9,286.0,274.2,268.2,270.2,298.4,301.5,298.1
2019-10-02 13:36:00,327.8,289.2,310.2,229.0,218.8,294.8,221.0,321.0,269.5,300.1,289.2,295.7,284.7,300.3,297.0,272.5,264.6,289.0,279.6,311.7,238.8,253.2,263.5,282.0,279.0,249.0,280.6,296.8,297.5,298.9
2019-10-02 13:37:00,330.0,303.8709677419355,281.6,240.0,251.70967741935485,286.5,295.8,306.2,290.8,281.1,295.8,293.03225806451616,278.1,300.6,279.4,280.8,229.2,271.0,274.0,309.5,251.6,290.8,252.5,275.8965517241379,270.6,229.1,271.4,286.0,291.0,283.5
2019-10-02 13:38:00,330.0,309.2903225806452,273.6,243.6,267.19354838709677,280.5,295.5,295.8,302.0,273.9,294.6,291.48387096774195,275.9032258064516,286.2,273.0,282.4,226.8,263.0,272.4,301.2,277.2,289.2,261.1,281.6896551724138,261.0,247.5,260.2,278.0,289.4,271.5
2019-10-02 13:39:00,330.0,306.6,253.8,250.2,284.4,281.0,249.3,297.6,305.6,254.1,281.4,285.6,273.7741935483871,250.2,275.2758620689655,278.03225806451616,236.4,245.4,264.0,244.0,304.7,285.2,289.7,287.0,244.2,282.75,253.2,272.51612903225805,300.0,233.0
2019-10-02 13:40:00,328.4,304.2,253.8,254.6,289.2,281.8,254.0,302.4,304.0,246.9,281.0,280.8,273.0,245.4,276.6,271.83870967741933,255.6,255.0,259.2,239.1,303.9,286.8,290.3,275.8,241.0,283.60714285714283,255.6,281.0322580645161,306.4,217.0
2019-10-02 13:41:00,324.0,303.0,260.4,283.2,266.3,284.0,302.4,294.8,309.8,285.9,292.0,272.8965517241379,281.8,237.0,289.8,265.0,284.4,281.4,253.0,298.5,288.7,290.1,288.1,251.51612903225808,261.0,276.9,266.4,292.8,267.0,233.5
2019-10-02 13:42:00,316.0,303.0,272.4,290.8,255.9,284.8,304.0,289.2,313.0,301.1,294.4,278.6896551724138,285.0,245.0,293.1,269.0,271.6,291.0,253.8,308.4,279.9,282.9,282.4,250.74193548387098,277.0,269.7,271.2,288.0,243.0,261.5
2019-10-02 13:43:00,294.0,272.4,314.2,288.6,284.3,277.0,282.0,309.0,303.1,286.2,296.6,289.5483870967742,289.4,264.3,273.3,272.8,254.4,312.2,268.0,282.0,284.3,264.7,264.8,254.79310344827587,294.6,267.0,287.2,281.1,262.5,267.0
2019-10-02 13:44:00,290.0,258.8,314.4,282.8,297.9,273.8,279.5,321.0,297.5,279.8,296.2,287.2258064516129,291.0,265.1,266.7,269.6,265.6,301.0,278.4,276.9,293.1,270.3,271.7,266.37931034482756,293.0,275.0,293.6,283.5,284.1,243.0
2019-10-02 13:45:00,279.0,275.4,301.2,225.6,301.1,255.0,281.7,311.7931034482759,303.8709677419355,264.3,291.8,280.8,293.2,261.3,260.1,264.8,274.2,273.2,291.0,283.5,291.3,285.1,295.9,281.5,280.2,282.6,298.6,290.1,295.5,237.5
2019-10-02 13:46:00,277.4,285.8,304.8,215.2,300.3,247.8,288.0,302.6896551724138,308.51612903225805,258.7,289.4,278.4,294.0,246.1,258.9,265.6,255.8,274.0,288.6,286.8,284.1,285.9,289.3,266.3,273.0,277.8,297.8,292.5,291.5,257.5
2019-10-02 13:47:00,273.0,262.2,322.4,272.4,271.5,282.0,314.4,308.9,302.4,283.2,280.6,274.2,300.6,212.7,278.7,270.2,234.6,274.6,290.0,300.0,286.4,288.2,265.1,241.5,266.4,253.8,288.6,297.7,267.0,285.0
2019-10-02 13:48:00,251.4,249.4,320.4,285.4,259.5,296.4,308.5,314.5,297.6,292.8,281.0,276.6,303.0,219.9,285.2,273.4,255.4,269.0,294.0,303.0,292.8,289.8,266.1,253.5,268.0,239.4,283.8,298.5,255.8,285.0
2019-10-02 13:49:00,192.0,277.2,307.2,256.8,241.7,276.0,266.7,318.0,300.4,268.8,292.0,284.0,296.4,243.9,289.6,270.2,272.4,257.4,291.0,303.0,298.6551724137931,293.3,272.7,280.0,279.6,243.0,279.0,295.8,255.0,286.1
2019-10-02 13:50:00,222.4,292.4,297.6,248.0,236.1,266.4,262.0,318.0,303.6,259.2,292.8,288.0,294.0,262.3,288.7,261.4,239.60000000000002,267.0,283.8,297.0,297.82758620689657,287.7,276.5,281.6,286.0,267.0,279.0,291.0,259.8,286.9
2019-10-02 13:51:00,306.0,292.2857142857143,266.8,237.0,265.258064516129,287.2258064516129,266.4,304.4,306.0,279.0,286.2,289.8,300.6,304.5,238.1,250.0,195.0,292.6,258.0,253.0,297.0,273.9,287.5,283.5,290.51612903225805,301.5,280.3,282.7,268.5,291.41379310344826
2019-10-02 13:52:00,311.6,288.85714285714283,267.7241379310345,236.8,278.4193548387097,296.51612903225805,270.5,298.0,306.0,287.0,287.8,275.4,303.0,300.5,224.5,254.0,223.0,299.0,246.0,249.3,297.0,281.1,277.16129032258067,281.1,288.19354838709677,297.5,281.1,283.5,270.9,293.8965517241379
2019-10-02 13:53:00,327.0,264.0,281.37931034482756,267.6,267.0,281.0,285.9,295.7,294.8,260.7,303.2,248.79310344827587,270.0,289.44827586206895,279.5,264.2,280.2,314.17241379310343,243.0,295.5,297.0,299.2758620689655,243.09677419354838,277.0,282.8,284.7,293.7,282.2,282.0,279.0
2019-10-02 13:54:00,327.0,254.4,283.44827586206895,275.17241379310343,259.0,273.0,292.13793103448273,296.5,289.2,250.3,305.17241379310343,260.37931034482756,258.0,285.3103448275862,296.37931034482756,267.4,281.8,310.86206896551727,255.0,306.0,297.0,293.48275862068965,250.55172413793105,278.6,281.2,279.1,300.9,279.0,286.8,267.0
2019-10-02 13:55:00,327.0,244.13793103448276,287.7931034482759,266.48275862068965,251.48275862068965,288.62068965517244,309.51724137931035,311.8965517241379,291.2068965517241,282.1034482758621,300.82758620689657,285.82758620689657,266.6896551724138,274.2,283.3448275862069,264.3103448275862,279.3103448275862,303.8,275.7931034482759,306.0,297.0,279.5,287.48275862068965,280.8,272.7931034482759,273.3103448275862,290.37931034482756,274.2413793103448,283.7586206896552,253.13793103448276
2019-10-02 13:56:00,309.4,240.82758620689654,295.0,263.6,249.82758620689654,296.8965517241379,304.5,319.3448275862069,294.51724137931035,295.3448275862069,291.6,287.48275862068965,270.0,269.4,278.6,254.3793103448276,270.2068965517241,307.0,278.2758620689655,305.1,297.0,283.5,292.2,278.4,267.82758620689657,276.62068965517244,277.9655172413793,275.8965517241379,279.62068965517244,253.9655172413793
2019-10-02 13:57:00,261.0,294.0,317.0,259.2,276.0,300.0,271.5,327.4,303.4,299.1,245.4,289.5,294.2,262.5,269.8,241.0,246.6,311.8,285.0,298.5,299.8,293.9,296.6,273.8,256.6,289.2,241.9,280.4,279.0,268.2
2019-10-02 13:58:00,279.4,315.6,302.6,256.0,288.0,300.0,274.5,329.0,306.6,299.9,240.2,287.1,303.0,274.5,267.8,245.0,239.4,299.0,287.4,296.7,301.4,293.1,292.8,275.4,253.4,295.6,228.3,282.0,280.6,277.0
2019-10-02 13:59:00,330.0,317.0,254.2,234.0,279.6,265.8,307.5,297.7,310.6,293.7,257.8,274.5,256.8,295.5,285.4,248.0,220.8,264.6,294.0,294.5,290.4,289.3,277.4,279.4,266.6,288.0,253.3,275.2,294.0,277.2
2019-10-02 14:00:00,321.2,315.4,256.2,228.2,273.2,251.4,312.0,282.5,311.4,291.3,262.2,262.5,240.0,275.5,290.9,244.0,215.2,255.0,296.4,295.2,283.2,275.7,276.0,280.2,279.4,272.0,278.1,264.0,300.4,270.0
2019-10-02 14:01:00,297.0,309.0,269.4,230.4,282.6,266.9,312.0,295.1,305.6,299.4,268.8,247.0,273.0,228.9,288.7,241.0,217.2,234.6,294.0,304.0,288.6,240.8,276.0,283.2,291.5,250.5,302.1,244.4,255.0,268.2
2019-10-02 14:02:00,272.2,306.6,277.7,234.8,288.2,275.7,311.5,305.5,302.4,302.6,272.4,263.0,285.0,231.3,287.8,245.0,234.8,249.0,289.2,304.5,295.8,247.2,271.2,285.6,287.5,254.5,299.7,246.0,227.8,273.0
2019-10-02 14:03:00,204.0,244.0,301.9,276.6,260.4,288.5,309.3,312.0,308.0,286.2,285.6,297.0,285.0,243.3,283.4,260.0,265.8,286.8,278.0,293.5,304.4,264.4,253.6,290.6,288.6,262.8,269.7,254.6,255.0,252.6
2019-10-02 14:04:00,237.6,219.2,305.8,283.8,246.8,292.5,310.0,312.0,312.0,279.8,288.4,297.0,285.0,260.1,282.48387096774195,268.0,260.2,294.0,274.8,293.1,305.2,267.6,253.8,289.8,293.4,264.4,252.9,261.0,282.2,235.0
2019-10-02 14:05:00,330.0,283.0,314.6,237.6,267.0,295.9,314.4,305.2,279.8,279.0,290.6,296.5,287.2758620689655,300.3,293.1290322580645,274.0,257.4,310.4,281.0,308.5,269.6,274.7,260.4,280.8,291.2,276.0,265.2,270.9,306.0,247.8
2019-10-02 14:06:00,323.6,311.0,299.6,226.4,279.0,296.7,313.0,302.0,262.2,279.0,287.0,295.7,285.9,301.1,297.0,266.0,268.6,304.0,289.8,301.2,248.8,264.3,267.0,266.4,284.8,284.0,284.4,268.5,306.0,271.0
2019-10-02 14:07:00,306.0,294.0,251.2,241.8,263.4,297.0,304.2,276.2,250.6,295.8,265.0,292.5,239.7,299.7,259.6,257.4193548387097,291.6,286.8,285.0,222.0,257.4,238.5,289.0,242.0,282.6,261.2903225806452,281.3,257.25,277.5,296.4
2019-10-02 14:08:00,277.2,284.4,266.5,243.8,253.8,297.0,305.5,265.0,251.4,302.2,265.0,290.1,226.0,290.9,246.0,262.83870967741933,292.4,282.0,270.6,209.1,274.2,250.5,291.6,258.0,287.4,229.5483870967742,266.1,249.53571428571428,262.3,294.0
2019-10-02 14:09:00,198.0,306.0,321.5,219.6,225.6,295.1,316.5,298.8,285.6,267.3,287.0,284.0,248.0,269.1,268.0,257.6,294.0,269.8,267.0,246.5,296.6,280.6,293.8,285.2,290.7,193.2,272.4,252.3,250.5,277.8
2019-10-02 14:10:00,222.0,315.6,313.5,216.8,215.2,294.3,317.5,318.0,302.4,253.7,292.2,282.4,255.3,266.7,276.0,240.0,294.0,269.0,281.4,260.4,299.8,269.4,294.0,267.6,288.3,212.4,286.8,265.9,251.3,269.0
2019-10-02 14:11:00,288.0,308.0,280.5,258.6,247.8,276.9,315.3,301.1,292.6,287.7,298.8,269.0,261.9,259.5,289.2,224.5,280.2,270.2,302.0,300.0,266.4193548387097,239.7,294.0,235.6,252.0,260.4,265.3448275862069,272.7,247.5,272.4
2019-10-02 14:12:00,275.2,304.0,266.80645161290323,269.0,264.6,269.7,305.0,287.5,281.4,301.3,298.4,253.0,262.9,255.5,294.0,244.5,261.8,283.0,301.2,306.6,245.51612903225805,237.3,290.2758620689655,250.8,228.0,274.8,242.17241379310343,259.1,245.1,282.0
2019-10-02 14:13:00,240.0,315.0,228.48387096774195,258.0,253.2,287.9,261.0,262.0,281.0,267.3,289.6,230.5,238.7,252.3,296.2,277.8,237.0,315.0,299.0,289.0,222.0,233.1,276.62068965517244,283.8,229.1,274.4,238.6,250.5,271.5,284.4
2019-10-02 14:14:00,251.2,319.8,234.0,257.6,244.4,296.7,264.0,254.0,285.0,253.7,286.4,248.9,232.9,269.1,297.0,273.0,253.0,315.0,298.2,283.2,222.0,249.9,270.4,281.4,253.9,248.8,249.8,262.5,286.7,278.0
2019-10-02 14:15:00,282.0,285.0,267.0,286.2,241.8,296.2,303.6,266.0,286.4,277.2,277.6,288.5,274.7,308.7,292.6,265.4,284.4,310.0,295.0,270.0,235.0,294.0,252.8,275.6,262.7,223.2,280.6,284.7,288.0,280.8
2019-10-02 14:16:00,282.8,270.6,277.8,293.2,242.6,294.6,309.5,274.0,285.6,286.8,280.0,289.3,288.5,307.9,291.0,267.0,283.6,290.0,293.4,271.8,243.0,294.0,247.8,274.8,244.3,242.4,291.8,287.1,281.6,288.0
2019-10-02 14:17:00,285.0,281.0,306.4,284.4,275.4,276.9,311.7,296.0,286.6,288.0,302.0,286.5,299.5,306.3,269.0,273.5,283.2,243.6,287.0,307.0,274.1,291.6,234.6,273.0,250.86206896551724,276.0,290.4,273.9,268.5,279.5806451612903
2019-10-02 14:18:00,295.4,286.6,298.2,282.8,289.8,269.7,310.5,304.0,287.4,288.0,305.6,279.3,302.4,307.1,261.0,277.5,284.8,258.0,283.8,307.8,287.7,272.4,224.2,273.0,274.0344827586207,276.0,283.2,258.7,264.5,267.9677419354839
2019-10-02 14:19:00,324.0,260.0,258.6,291.6,295.2,289.8,303.9,319.2,302.4,294.3,303.4,269.0,289.2,308.7,252.2,283.6,288.0,295.4,286.0,255.0,300.4,224.5,193.4,267.8,288.6,284.0,277.4,250.2,279.0,255.3
2019-10-02 14:20:00,324.0,248.8,256.8,292.8,294.4,299.4,294.5,324.0,309.6,296.7,297.4,277.0,284.8,307.9,249.0,282.0,288.0,301.0,291.6,240.6,298.8,244.5,211.6,257.4,279.0,292.0,278.2,264.6,288.6,257.7
2019-10-02 14:21:00,324.0,286.0,263.4,279.6,263.4,299.2,257.1,296.4,315.0,269.7,266.6,278.0,280.4,301.5,257.8,280.5,289.2,312.8,279.0,223.0,294.4,296.3,273.2,242.0,255.0,301.35483870967744,293.0,271.4516129032258,298.5,272.0
2019-10-02 14:22:00,324.0,302.0,274.8,277.0,249.8,297.6,263.0,282.0,315.0,259.3,260.2,252.4,279.2,289.5,261.0,282.2142857142857,290.8,304.0,262.2,219.9,292.8,290.7,272.5,258.0,247.0,296.7096774193548,301.0,256.741935483871,299.3,280.0
2019-10-02 14:23:00,324.0,280.0,314.4,288.0,275.4,262.8,311.4,291.7,313.4,276.9,255.8,207.5,283.6,262.5,267.6,285.9,293.4,283.8,255.0,226.5,297.5,276.5,261.5,292.0,261.0,274.7,309.0,248.6,297.0,295.4
2019-10-02 14:24:00,316.8,269.6,315.6,291.2,289.8,248.4,317.0,300.5,312.6,284.1,231.8,222.7,284.1290322580645,266.5,270.0,286.7,292.6,291.0,269.4,210.0,301.5,280.5,260.3,288.0,277.0,259.5,309.0,266.2,295.4,298.6
2019-10-02 14:25:00,297.0,284.4193548387097,306.8,293.4,233.35714285714286,252.19354838709677,312.6,306.0,307.2,228.3,104.20000000000002,227.0,264.9677419354839,256.5,272.2758620689655,216.0,249.6,293.6,286.0,78.0,302.1,282.9,258.1,251.8,294.6,196.7,202.60000000000002,239.4,186.0,284.3
2019-10-02 14:26:00,230.6,291.38709677419354,256.8,279.4,205.07142857142856,256.06451612903226,273.0,306.0,304.8,206.7,76.2,182.2,258.0,204.5,265.5,152.0,194.39999999999998,232.0,282.0,50.7,299.7,218.10000000000002,215.3,197.4,293.0,157.5,141.8,181.8,128.4,270.7
2019-10-02 14:27:00,48.0,157.2,76.40000000000003,118.80000000000001,116.0,132.0,101.4,175.1,165.4,113.7,49.8,85.0,126.0,80.7,100.5,55.2,78.6,78.0,210.0,70.5,200.8,48.9,81.10000000000002,75.0,204.6,81.9,78.2,79.4,78.0,187.1
2019-10-02 14:28:00,56.0,99.6,58.8,74.78571428571429,83.20000000000002,76.0,77.5,113.5,96.60000000000002,79.30000000000001,48.483870967741936,81.8,78.0,79.9,48.9,61.6,71.4,78.0,157.2,75.0,141.6,56.1,75.0,75.0,147.0,79.5,76.6,77.8,78.0,139.89999999999998
2019-10-02 14:29:00,78.0,57.099999999999994,54.4,72.42857142857143,75.0,64.2,75.3,58.0,45.0,75.0,67.64516129032258,70.0,75.8,78.0,68.7,72.0,57.6,77.8,77.0,75.0,73.7,75.0,75.0,74.6,75.0,75.0,75.0,71.8,76.44827586206897,69.5
2019-10-02 14:30:00,69.2,48.3,58.2,68.51612903225806,75.0,71.4,70.0,50.0,45.0,75.0,72.29032258064517,62.0,75.0,78.0,75.0,72.0,58.4,77.0,76.2,75.0,72.9,75.0,68.0,73.8,75.0,75.0,75.0,68.6,75.62068965517241,65.5
2019-10-02 14:31:00,45.0,45.0,73.6,49.35483870967742,75.0,75.0,48.0,50.1,58.5,75.0,74.41935483870968,50.0,64.0,78.0,75.0,72.0,58.2,75.0,74.0,75.0,73.3,75.1,46.0,72.0,75.0,75.0,76.4,65.4,75.0,54.5
2019-10-02 14:32:00,45.8,45.0,75.0,47.7,75.0,75.0,50.0,52.5,65.7,75.0,75.4,58.0,60.0,78.0,74.1,72.0,55.8,75.0,73.2,75.0,74.1,75.9,52.0,72.0,75.0,75.0,77.2,67.8,75.0,50.5
2019-10-02 14:33:00,48.0,50.7,75.0,67.5,55.0,75.0,72.0,48.9,72.0,75.0,79.8,75.5,73.2,77.7,54.3,72.0,56.4,75.0,72.0,75.0,62.0,77.8,74.0,73.2,63.0,68.7,79.4,72.0,75.0,56.0
2019-10-02 14:34:00,55.2,53.1,75.0,69.3,47.0,75.0,75.0,46.5,72.0,75.0,80.4,76.3,78.0,76.9,48.0,72.0,63.6,75.0,72.0,75.0,54.0,76.2,75.0,75.6,55.0,61.5,80.2,72.0,75.0,64.0
2019-10-02 14:35:00,75.0,67.3,75.0,49.5,65.0,75.0,75.0,62.0,73.5,75.0,73.8,77.5,75.8,72.0,48.0,63.0,71.4,75.0,72.0,75.0,56.7,71.1,75.0,80.2,45.0,48.0,64.2,64.8,75.0,70.6
2019-10-02 14:36:00,71.0,72.9,75.0,48.0,73.0,75.0,75.0,70.0,74.3,75.0,72.2,76.7,75.0,64.0,48.0,55.0,62.599999999999994,75.0,72.0,71.0,63.900000000000006,63.9,68.7,78.6,45.0,48.0,54.6,57.6,75.0,67.4
2019-10-02 14:37:00,60.0,75.0,75.0,70.0,77.0,73.2,75.0,73.3,78.0,72.9,74.4,75.0,53.0,45.0,48.0,51.9,47.4,75.0,63.0,49.0,72.0,46.0,48.9,71.0,57.0,54.3,59.0,45.0,75.0,57.5
2019-10-02 14:38:00,64.8,75.0,75.0,72.0,77.8,72.4,70.0,72.5,79.6,72.1,75.0,75.0,45.0,45.0,48.2,60.7,50.6,75.0,55.8,49.0,72.0,54.0,53.6,63.0,65.0,61.5,67.0,45.0,75.0,53.5
2019-10-02 14:39:00,78.0,75.0,75.0,50.0,76.06451612903226,72.0,48.0,73.7,76.5,74.1,75.0,75.0,67.0,48.0,52.6,74.1,57.6,75.0,55.0,71.0,72.0,75.0,71.2,45.0,76.2,68.0,61.0,45.0,59.0,48.0
2019-10-02 14:40:00,77.2,75.0,75.0,46.8,75.29032258064517,72.0,49.5,74.5,74.1,74.9,75.0,75.0,75.0,56.0,53.7,73.3,58.4,75.0,63.0,71.0,72.0,75.0,72.7,45.0,77.0,60.0,53.0,45.0,51.0,48.0
2019-10-02 14:41:00,75.0,75.0,75.0,60.0,61.7,74.0,69.3,75.0,72.0,54.0,75.0,75.0,55.2,72.0,47.1,72.0,62.4,75.0,74.0,49.0,72.0,75.0,74.9,45.0,75.6,52.0,57.6,45.0,61.0,46.9
2019-10-02 14:42:00,75.8,75.0,75.0,61.2,56.1,74.8,73.0,75.0,72.0,46.0,74.8,75.0,48.0,64.0,45.1,72.0,65.6,75.0,73.2,45.0,72.0,75.0,75.0,45.0,74.0,60.0,64.8,45.0,69.0,46.1
2019-10-02 14:43:00,78.0,57.0,75.0,48.0,67.3,75.0,77.4,58.0,58.5,45.0,72.6,75.0,48.0,45.3,47.3,72.0,73.2,75.0,63.0,45.0,72.0,74.9,75.0,45.0,62.4,75.0,59.4,45.0,63.8,45.0
2019-10-02 14:44:00,77.2,49.0,75.0,47.7,72.9,75.0,77.5,50.0,51.3,45.0,72.0,75.0,48.0,46.1,48.0,72.0,74.8,75.0,55.8,49.0,72.0,74.1,75.0,45.0,56.0,75.0,52.2,45.0,58.2,45.0
2019-10-02 14:45:00,75.0,45.0,75.0,67.5,75.0,55.0,75.3,45.0,58.5,66.0,72.0,71.4,52.4,51.0,48.0,64.8,71.4,75.0,46.0,71.0,72.0,72.1,75.0,45.0,46.8,75.0,45.0,51.3,65.2,54.9
2019-10-02 14:46:00,75.0,45.0,75.0,72.3,75.0,47.0,75.0,45.0,65.7,74.0,72.0,64.2,54.0,59.0,48.0,57.6,62.599999999999994,75.0,46.8,75.0,72.0,72.9,75.0,45.0,46.0,75.0,45.0,58.5,70.8,62.1
2019-10-02 14:47:00,75.0,63.0,75.0,74.5,75.0,45.0,75.0,45.0,64.5,72.9,72.0,51.6,69.4,77.7,48.0,52.2,51.0,73.2,47.0,75.0,59.0,74.9,75.0,45.0,57.0,75.0,45.0,72.0,75.0,62.1
2019-10-02 14:48:00,75.0,71.0,75.0,74.7,75.0,45.0,75.0,45.0,60.5,72.1,70.2,58.8,75.0,76.9,48.9,59.4,59.0,66.0,46.2,74.6,51.0,74.1,75.0,45.0,65.0,75.0,45.0,72.0,75.0,54.9
2019-10-02 14:49:00,75.0,75.0,75.0,72.5,56.0,65.0,75.0,62.0,64.5,72.0,50.4,71.0,75.0,75.0,68.7,72.0,75.0,49.8,45.0,72.4,42.0,72.1,75.0,45.0,71.4,75.0,59.0,65.7,75.0,56.0
2019-10-02 14:50:00,75.8,75.0,75.0,72.0,48.0,73.0,75.0,70.0,68.5,72.0,45.0,63.0,75.0,75.0,75.0,72.0,75.0,57.0,45.0,72.4,42.0,72.9,75.0,45.0,69.0,75.0,67.0,58.5,75.0,64.0
2019-10-02 14:51:00,78.0,75.0,75.0,72.0,45.0,75.0,75.0,75.0,58.5,72.0,45.0,49.0,75.0,72.0,75.0,72.0,74.4,75.0,54.0,74.6,43.3448275862069,74.9,75.0,49.5,68.3225806451613,75.0,75.0,45.0,75.0,63.62068965517241
2019-10-02 14:52:00,78.0,75.0,75.0,72.0,45.0,75.0,75.0,75.0,51.3,72.0,46.8,57.0,75.0,64.0,74.9,72.0,73.6,75.0,61.2,74.6,44.172413793103445,74.1,75.0,56.7,69.87096774193549,75.0,75.0,45.0,75.0,55.3448275862069
2019-10-02 14:53:00,78.0,75.0,75.0,72.0,45.0,73.1,75.0,58.0,43.5,74.1,66.6,75.0,53.0,48.0,72.7,64.8,72.6,75.0,72.0,72.4,57.6,71.1,75.0,72.0,72.0,66.0,75.0,45.0,75.0,55.8
2019-10-02 14:54:00,78.8,75.0,75.0,72.0,45.0,72.3,72.0,50.0,42.7,74.9,72.0,75.0,45.0,56.0,71.2,57.6,73.4,75.0,72.0,72.0,64.8,63.9,75.0,72.0,72.0,58.0,75.0,45.0,75.0,63.0
2019-10-02 14:55:00,81.0,59.0,75.0,72.0,63.0,62.5,58.8,45.0,43.5,72.9,72.0,75.0,67.0,75.0,53.599999999999994,45.0,69.0,73.2,73.0,72.0,59.4,45.9,75.0,73.0,64.3,45.0,75.0,48.5,59.0,61.2
2019-10-02 14:56:00,79.4,52.599999999999994,75.0,72.3,71.0,58.5,60.0,45.0,44.3,72.1,72.4,75.0,75.0,75.0,48.0,45.0,61.0,66.0,73.8,72.4,52.2,53.1,75.0,74.6,58.7,45.0,75.0,52.5,51.0,54.0
2019-10-02 14:57:00,75.0,47.0,75.0,74.5,75.0,49.4,73.2,45.0,45.0,72.0,76.8,75.0,75.0,75.0,48.0,52.2,45.0,48.0,65.0,74.6,57.6,72.2,75.0,77.0,59.8,45.0,63.3,56.5,62.6,55.8
2019-10-02 14:58:00,75.0,45.4,75.0,75.0,75.0,46.2,75.0,45.0,45.0,72.0,78.0,75.0,75.0,75.0,48.0,59.4,45.0,48.0,57.0,75.0,64.8,73.8,75.0,75.4,66.2,45.0,56.099999999999994,52.5,71.4,63.0
2019-10-02 14:59:00,75.0,45.0,75.0,75.0,75.0,45.0,75.0,45.0,45.0,72.0,78.0,75.0,75.0,75.0,48.0,72.0,45.0,48.0,45.0,75.0,72.0,78.0,75.0,72.0,75.0,45.0,48.0,45.0,78.0,72.0
