time,temperature_front_bottom,temperature_front_middle,temperature_front_top,temperature_rear_bottom,temperature_rear_middle,temperature_rear_top
2019-10-02 09:00:00,20.0,18.4025,24.0,25.015,24.4225,28.06
2019-10-02 09:01:00,20.0,18.38,24.06,25.13,24.4,28.06
2019-10-02 09:02:00,20.02,18.4025,24.06,25.06,24.401999999999997,28.0
2019-10-02 09:03:00,20.06,18.414,24.06,24.94,24.43,28.015
2019-10-02 09:04:00,19.98,18.45,24.04,24.94,24.44,28.0
2019-10-02 09:05:00,20.0,18.44,24.044999999999998,24.81,24.45,28.13
2019-10-02 09:06:00,20.0,18.413333333333334,24.06,24.895,24.43,28.06
2019-10-02 09:07:00,20.044999999999998,18.435000000000002,24.06,24.94,24.45,28.0775
2019-10-02 09:08:00,19.955000000000002,18.425,24.06,24.88,24.407999999999998,28.145
2019-10-02 09:09:00,20.0,18.425,24.06,24.88,24.41,28.145
2019-10-02 09:10:00,20.02,18.445,24.06,24.88,24.44,28.13
2019-10-02 09:11:00,19.96,18.432000000000002,24.015,24.88,24.43,28.112499999999997
2019-10-02 09:12:00,19.97,18.42,24.04,25.048,24.38,28.13
2019-10-02 09:13:00,20.03,18.4175,24.0,25.0,24.37,28.044999999999998
2019-10-02 09:14:00,20.0,18.435000000000002,24.0,25.044999999999998,24.37,28.0
2019-10-02 09:15:00,20.03,18.43,24.06,24.94,24.4,28.06
2019-10-02 09:16:00,20.02,18.41,24.0,25.0,24.35,28.06
2019-10-02 09:17:00,20.0,18.405,24.0775,24.955000000000002,24.4,28.06
2019-10-02 09:18:00,20.0,18.416,24.0,25.0,24.37,28.06
2019-10-02 09:19:00,19.97,18.406666666666666,24.035999999999998,25.19,24.364,28.06
2019-10-02 09:20:00,20.0,18.404,24.04,25.31,24.31,28.06
2019-10-02 09:21:00,19.97,18.41,24.03,25.44,24.3,28.06
2019-10-02 09:22:00,20.015,18.41,24.024,25.44,24.3025,28.0
2019-10-02 09:23:00,20.06,18.406666666666666,24.02,25.44,24.307499999999997,28.06
2019-10-02 09:24:00,20.0,18.415,24.06,25.31,24.3325,28.06
2019-10-02 09:25:00,20.0,18.4125,24.06,25.19,24.355,28.0
2019-10-02 09:26:00,20.044999999999998,18.414,24.03,25.13,24.37,28.112499999999997
2019-10-02 09:27:00,20.015,18.4325,24.04,25.086666666666666,24.35666666666667,28.06
2019-10-02 09:28:00,20.0,18.41,24.04,25.0,24.37,28.06
2019-10-02 09:29:00,20.0,18.41,24.06,25.0,24.3475,28.012
2019-10-02 09:30:00,20.04,18.42,24.03,25.13,24.33,28.13
2019-10-02 09:31:00,20.044999999999998,18.41,24.06,25.048,24.37,28.13
2019-10-02 09:32:00,20.06,18.405,24.06,25.0,24.37,28.13
2019-10-02 09:33:00,20.0,18.41,24.06,24.88,24.34,28.06
2019-10-02 09:34:00,20.06,18.4025,24.015,24.88,24.34,28.06
2019-10-02 09:35:00,20.0,18.415,24.03,24.88,24.33,28.13
2019-10-02 09:36:00,20.06,18.422,24.106666666666666,24.823999999999998,24.37,28.19
2019-10-02 09:37:00,20.03,18.413333333333334,24.035999999999998,24.91,24.34,28.13
2019-10-02 09:38:00,19.97,18.365000000000002,24.06,25.0,24.33,28.13
2019-10-02 09:39:00,19.919999999999998,18.305,24.06,25.06,24.3,28.06
2019-10-02 09:40:00,19.88,18.298,24.02,24.985,24.27,28.06
2019-10-02 09:41:00,19.7825,18.31,24.035999999999998,25.06,24.476000000000003,28.19
2019-10-02 09:42:00,19.81,18.26,24.102,25.4425,24.83,28.44
2019-10-02 09:43:00,19.785999999999998,18.244999999999997,24.13,26.0625,25.34,28.88
2019-10-02 09:44:00,19.75,18.177500000000002,24.13,26.5625,25.92,29.3125
2019-10-02 09:45:00,19.71,18.145,24.19,27.0,26.43,29.69
2019-10-02 09:46:00,19.75,18.115,24.25,27.5,26.990000000000002,30.1225
2019-10-02 09:47:00,19.69,18.1375,24.31,27.9425,27.46,30.5
2019-10-02 09:48:00,19.69,18.145,24.362499999999997,28.3725,27.8675,30.81
2019-10-02 09:49:00,19.69,18.195,24.38,28.75,28.2375,31.107499999999998
2019-10-02 09:50:00,19.75,18.225,24.41,29.13,28.5875,31.404
2019-10-02 09:51:00,19.705000000000002,18.2475,24.47,29.38,28.882,31.607499999999998
2019-10-02 09:52:00,19.645,18.296666666666667,24.56,29.5775,29.13,31.793333333333333
2019-10-02 09:53:00,19.66,18.28,24.56,29.75,29.398,32.026
2019-10-02 09:54:00,19.63,18.285,24.666,30.0,29.630000000000003,32.19
2019-10-02 09:55:00,19.5775,18.31,24.67,30.265,29.83,32.31
2019-10-02 09:56:00,19.56,18.29,24.69,30.31,30.0,32.515
2019-10-02 09:57:00,19.5,18.29,24.72,30.44,30.162499999999998,32.63
2019-10-02 09:58:00,19.52,18.284,24.774,30.5325,30.27,32.75
2019-10-02 09:59:00,19.48,18.28,24.81,30.616,30.37,32.8425
2019-10-02 10:00:00,19.5,18.255,24.81,30.645,30.46,32.955
2019-10-02 10:01:00,19.485,18.25,24.81,30.75,30.592499999999998,32.94
2019-10-02 10:02:00,19.586666666666666,18.243333333333332,24.856666666666666,30.81,30.68,33.06
2019-10-02 10:03:00,19.63,18.200000000000003,24.88,30.88,30.75,33.19
2019-10-02 10:04:00,19.69,18.206,24.92,30.97,30.8275,33.25
2019-10-02 10:05:00,19.63,18.2,24.94,31.06,30.8525,33.25
2019-10-02 10:06:00,19.63,18.2,24.96,31.13,30.95,33.324000000000005
2019-10-02 10:07:00,19.595,18.19333333333333,24.985,31.13,30.95,33.38
2019-10-02 10:08:00,19.63,18.18,25.04,31.13,31.04,33.44
2019-10-02 10:09:00,19.63,18.2,25.06,31.19,31.09,33.44
2019-10-02 10:10:00,19.583333333333332,18.18,25.06,31.25,31.11,33.5
2019-10-02 10:11:00,19.535999999999998,18.18,25.106666666666666,31.38,31.165,33.56
2019-10-02 10:12:00,19.56,18.17,25.13,31.395,31.19,33.515
2019-10-02 10:13:00,19.587999999999997,18.18,25.154,31.56,31.226,33.56
2019-10-02 10:14:00,19.56,18.18,25.19,31.63,31.25,33.63
2019-10-02 10:15:00,19.47,18.2,25.19,31.5775,31.26,33.63
2019-10-02 10:16:00,19.56,18.2025,25.27,31.705000000000002,31.30666666666667,33.69
2019-10-02 10:17:00,19.5,18.21,25.25,31.794999999999998,31.3375,33.69
2019-10-02 10:18:00,19.544999999999998,18.23,25.25,31.81,31.368,33.69
2019-10-02 10:19:00,19.44,18.240000000000002,25.31,31.88,31.37,33.75
2019-10-02 10:20:00,19.5,18.235,25.31,31.866,31.37,33.75
2019-10-02 10:21:00,19.44,18.259999999999998,25.31,31.81,31.41,33.75
2019-10-02 10:22:00,19.48,18.285,25.38,31.823999999999998,31.438,33.75
2019-10-02 10:23:00,19.44,18.316666666666666,25.416,31.88,31.4925,33.714
2019-10-02 10:24:00,19.4,18.36,25.38,31.81,31.49,33.705
2019-10-02 10:25:00,19.425,18.368,25.44,31.81,31.5,33.705
2019-10-02 10:26:00,19.38,18.41,25.44,31.75,31.515,33.75
2019-10-02 10:27:00,19.356666666666666,18.4,25.44,31.75,31.57,33.69
2019-10-02 10:28:00,19.333333333333332,18.412,25.48,31.765,31.5925,33.75
2019-10-02 10:29:00,19.31,18.413333333333334,25.5,31.81,31.6,33.75
2019-10-02 10:30:00,19.21,18.41,25.5,31.81,31.64,33.69
2019-10-02 10:31:00,19.214000000000002,18.387999999999998,25.44,31.8275,31.63,33.63
2019-10-02 10:32:00,19.205000000000002,18.4,25.5,31.8275,31.67,33.69
2019-10-02 10:33:00,19.19,18.384,25.5,31.8275,31.68,33.63
2019-10-02 10:34:00,19.16,18.4,25.46,31.862499999999997,31.6675,33.63
2019-10-02 10:35:00,19.13,18.4,25.5,31.81,31.677500000000002,33.56
2019-10-02 10:36:00,19.13,18.386666666666667,25.5,31.81,31.69,33.63
2019-10-02 10:37:00,19.125,18.38,25.52,31.88,31.7,33.612500000000004
2019-10-02 10:38:00,19.13,18.4,25.464000000000002,31.88,31.732,33.63
2019-10-02 10:39:00,19.23,18.38,25.535999999999998,31.8275,31.74,33.63
2019-10-02 10:40:00,19.19,18.392,25.578,31.88,31.732,33.69
2019-10-02 10:41:00,19.27,18.368,25.56,31.94,31.762500000000003,33.645
2019-10-02 10:42:00,19.23,18.36,25.53,31.88,31.77,33.69
2019-10-02 10:43:00,19.28,18.35,25.5,31.862499999999997,31.81,33.75
2019-10-02 10:44:00,19.4525,18.356666666666666,25.56,31.81,31.814999999999998,33.69
2019-10-02 10:45:00,19.5,18.325,25.56,31.88,31.82,33.75
2019-10-02 10:46:00,19.54,18.34,25.524,31.904,31.89,33.765
2019-10-02 10:47:00,19.63,18.34,25.56,32.06,32.07,33.955
2019-10-02 10:48:00,19.602,18.343333333333334,25.56,32.3725,32.32,34.13
2019-10-02 10:49:00,19.56,18.35,25.544999999999998,32.666000000000004,32.665000000000006,34.38
2019-10-02 10:50:00,19.5,18.36,25.56,32.97,32.9,34.705
2019-10-02 10:51:00,19.4,18.35,25.654,33.154,33.18,34.910000000000004
2019-10-02 10:52:00,19.38,18.366666666666667,25.69,33.455,33.4825,35.06
2019-10-02 10:53:00,19.31,18.36,25.63,33.56,33.727500000000006,35.3275
2019-10-02 10:54:00,19.21,18.39333333333333,25.69,33.63,33.89,35.5
2019-10-02 10:55:00,19.19,18.39,25.75,33.765,34.120000000000005,35.69
2019-10-02 10:56:00,19.10333333333333,18.41,25.72,33.88,34.28,35.88
2019-10-02 10:57:00,19.04,18.42,25.75,33.94,34.45,35.955
2019-10-02 10:58:00,18.97,18.4175,25.75,34.0,34.62,36.06
2019-10-02 10:59:00,18.96,18.447499999999998,25.785999999999998,34.06,34.73,36.205
2019-10-02 11:00:00,18.904,18.4175,25.75,34.13,34.81,36.25
2019-10-02 11:01:00,18.837999999999997,18.443333333333335,25.81,34.13,34.9,36.31
2019-10-02 11:02:00,18.77,18.444,25.81,34.19,34.9975,36.5
2019-10-02 11:03:00,18.69,18.46,25.8275,34.25,35.07,36.5
2019-10-02 11:04:00,18.66,18.43,25.88,34.25,35.12,36.63
2019-10-02 11:05:00,18.63,18.435000000000002,25.845,34.3275,35.14,36.645
2019-10-02 11:06:00,18.56,18.435000000000002,25.895,34.44,35.18,36.75
2019-10-02 11:07:00,18.53,18.447499999999998,25.91,34.44,35.2525,36.765
2019-10-02 11:08:00,18.47,18.45,25.88,34.515,35.284000000000006,36.81
2019-10-02 11:09:00,18.38,18.465,25.94,34.515,35.37,36.8275
2019-10-02 11:10:00,18.38,18.44,25.97,34.63,35.4,36.892
2019-10-02 11:11:00,18.38,18.464000000000002,25.925,34.69,35.455,36.955
2019-10-02 11:12:00,18.38,18.45,25.97,34.645,35.512,36.94
2019-10-02 11:13:00,18.31,18.456666666666667,25.94,34.69,35.52,37.015
2019-10-02 11:14:00,18.27,18.446666666666665,26.0,34.69,35.61,37.06
2019-10-02 11:15:00,18.25,18.464000000000002,25.97,34.678,35.59,37.13
2019-10-02 11:16:00,18.294999999999998,18.506,25.98,34.63,35.59,37.13
2019-10-02 11:17:00,18.23,18.506,26.0,34.63,35.6425,37.13
2019-10-02 11:18:00,18.235,18.52,26.0,34.574000000000005,35.64,37.19
2019-10-02 11:19:00,18.21,18.514,26.06,34.63,35.68,37.19
2019-10-02 11:20:00,18.145,18.515,26.06,34.612500000000004,35.71,37.25
2019-10-02 11:21:00,18.175,18.52,26.0,34.545,35.75,37.25
2019-10-02 11:22:00,18.17,18.54,26.03,34.63,35.7825,37.262
2019-10-02 11:23:00,18.06,18.516000000000002,26.035999999999998,34.678,35.7675,37.31
2019-10-02 11:24:00,18.083333333333332,18.52,26.06,34.69,35.81,37.31
2019-10-02 11:25:00,18.04,18.513333333333332,26.06,34.69,35.82,37.324000000000005
2019-10-02 11:26:00,18.02,18.512500000000003,26.015,34.705,35.85,37.38
2019-10-02 11:27:00,18.03,18.528,26.0,34.765,35.86,37.38
2019-10-02 11:28:00,17.955000000000002,18.54,26.06,34.8275,35.88,37.31
2019-10-02 11:29:00,18.044999999999998,18.555,26.06,34.81,35.88,37.362500000000004
2019-10-02 11:30:00,18.02,18.556666666666665,26.06,34.8275,35.88,37.38
2019-10-02 11:31:00,18.03,18.557499999999997,26.06,34.94,35.894,37.38
2019-10-02 11:32:00,17.94,18.54,26.06,34.94,35.88,37.35666666666667
2019-10-02 11:33:00,17.94,18.52,26.06,34.94,35.865,37.35666666666667
2019-10-02 11:34:00,17.94,18.506666666666668,26.095,34.94,35.8575,37.31
2019-10-02 11:35:00,17.94,18.526666666666667,26.086666666666666,34.985,35.86,37.31
2019-10-02 11:36:00,17.88,18.51,26.13,34.94,35.86,37.2825
2019-10-02 11:37:00,17.88,18.53,26.04,34.895,35.84,37.3275
2019-10-02 11:38:00,17.8275,18.5475,26.16,34.895,35.85,37.31
2019-10-02 11:39:00,17.88,18.51,26.13,34.94,35.842000000000006,37.31
2019-10-02 11:40:00,17.88,18.52,26.13,34.94,35.86,37.38
2019-10-02 11:41:00,17.88,18.543333333333333,26.13,34.94,35.85333333333333,37.38
2019-10-02 11:42:00,17.845,18.55,26.13,34.97,35.8675,37.44
2019-10-02 11:43:00,17.888,18.556666666666665,26.13,35.0,35.8875,37.38
2019-10-02 11:44:00,17.9,18.564999999999998,26.13,35.0,35.89666666666667,37.4
2019-10-02 11:45:00,17.94,18.585,26.13,35.0,35.95,37.38
2019-10-02 11:46:00,17.88,18.58,26.13,35.0,35.935,37.38
2019-10-02 11:47:00,17.88,18.5575,26.15,35.0,35.934,37.395
2019-10-02 11:48:00,17.862499999999997,18.58,26.19,35.0,35.98,37.44
2019-10-02 11:49:00,17.895,18.58,26.19,34.94,35.9675,37.38
2019-10-02 11:50:00,17.88,18.557499999999997,26.13,34.892,36.0,37.392
2019-10-02 11:51:00,17.8275,18.544,26.15,34.925,35.96,37.392
2019-10-02 11:52:00,17.81,18.535,26.13,34.88,35.92,37.44
2019-10-02 11:53:00,17.845,18.52,26.13,34.81,36.0,37.5
2019-10-02 11:54:00,17.837999999999997,18.53,26.19,34.88,36.09,37.574000000000005
2019-10-02 11:55:00,17.862499999999997,18.556,26.125,34.81,36.2725,37.765
2019-10-02 11:56:00,17.81,18.553333333333335,26.19,34.88,36.48,37.94
2019-10-02 11:57:00,17.81,18.566666666666666,26.13,34.81,36.7,38.0
2019-10-02 11:58:00,17.81,18.585,26.15,34.88,36.879999999999995,38.25
2019-10-02 11:59:00,17.845,18.6,26.19,34.925,37.02,38.38
2019-10-02 12:00:00,17.856666666666666,18.62333333333333,26.214000000000002,34.88,37.13,38.56
2019-10-02 12:01:00,17.852,18.632,26.23,34.88,37.3,38.645
2019-10-02 12:02:00,17.895,18.625,26.25,34.88,37.4225,38.81
2019-10-02 12:03:00,17.845,18.634999999999998,26.28,34.866,37.55,38.94
2019-10-02 12:04:00,17.833333333333332,18.64,26.25,34.75,37.68,39.0775
2019-10-02 12:05:00,17.81,18.623333333333335,26.23,34.75,37.84,39.19
2019-10-02 12:06:00,17.81,18.636666666666667,26.31,34.75,38.040000000000006,39.25
2019-10-02 12:07:00,17.81,18.62,26.337999999999997,34.69,38.15,39.392
2019-10-02 12:08:00,17.81,18.62,26.25,34.75,38.29,39.44
2019-10-02 12:09:00,17.81,18.623333333333335,26.31,34.69,38.3675,39.5
2019-10-02 12:10:00,17.8275,18.622500000000002,26.31,34.705,38.4525,39.63
2019-10-02 12:11:00,17.81,18.626666666666665,26.333333333333332,34.69,38.475,39.705
2019-10-02 12:12:00,17.81,18.63,26.31,34.69,38.565999999999995,39.765
2019-10-02 12:13:00,17.81,18.62,26.38,34.81,38.665,39.88
2019-10-02 12:14:00,17.8275,18.64,26.41,34.81,38.708000000000006,39.94
2019-10-02 12:15:00,17.774,18.656666666666666,26.41,34.88,38.74,39.94
2019-10-02 12:16:00,17.88,18.668,26.4,34.862500000000004,38.785,40.0
2019-10-02 12:17:00,17.81,18.68,26.4,34.81,38.8075,40.06
2019-10-02 12:18:00,17.833333333333332,18.683333333333334,26.44,34.75,38.81,40.0775
2019-10-02 12:19:00,17.88,18.713333333333335,26.44,34.69,38.81,40.13
2019-10-02 12:20:00,17.8275,18.71,26.44,34.69,38.84,40.25
2019-10-02 12:21:00,17.81,18.715,26.44,34.705,38.864999999999995,40.19
2019-10-02 12:22:00,17.81,18.700000000000003,26.5,34.63,38.85,40.25
2019-10-02 12:23:00,17.837999999999997,18.676666666666666,26.476,34.63,38.8725,40.31
2019-10-02 12:24:00,17.77,18.68,26.476,34.63,38.85,40.31
2019-10-02 12:25:00,17.81,18.68,26.44,34.69,38.87,40.38
2019-10-02 12:26:00,17.765,18.67,26.5,34.735,38.915,40.38
2019-10-02 12:27:00,17.75,18.653333333333332,26.48,34.69,38.9375,40.44
2019-10-02 12:28:00,17.81,18.64,26.47,34.69,38.94,40.44
2019-10-02 12:29:00,17.78,18.655,26.5,34.56,38.97,40.44
2019-10-02 12:30:00,17.785999999999998,18.655,26.5,34.56,38.955,40.44
2019-10-02 12:31:00,17.81,18.64,26.5,34.5,38.96,40.455
2019-10-02 12:32:00,17.774,18.66,26.5,34.5,38.9325,40.44
2019-10-02 12:33:00,17.77,18.66,26.5,34.5775,38.96,40.5
2019-10-02 12:34:00,17.75,18.69,26.5,34.645,38.97,40.548
2019-10-02 12:35:00,17.81,18.69666666666667,26.5,34.63,39.01,40.56
2019-10-02 12:36:00,17.845,18.72,26.54,34.63,38.977999999999994,40.545
2019-10-02 12:37:00,17.833333333333332,18.7,26.535999999999998,34.63,38.974999999999994,40.5
2019-10-02 12:38:00,17.81,18.73,26.5,34.63,38.97,40.5775
2019-10-02 12:39:00,17.81,18.7525,26.5,34.63,38.9525,40.56
2019-10-02 12:40:00,17.81,18.72,26.544999999999998,34.56,38.8725,40.56
2019-10-02 12:41:00,17.856666666666666,18.715,26.5,34.5775,38.84,40.63
2019-10-02 12:42:00,17.81,18.725,26.544999999999998,34.63,38.8725,40.5775
2019-10-02 12:43:00,17.81,18.7125,26.56,34.63,38.87,40.616
2019-10-02 12:44:00,17.81,18.71,26.63,34.69,38.837500000000006,40.63
2019-10-02 12:45:00,17.81,18.69,26.56,34.69,38.796,40.63
2019-10-02 12:46:00,17.78,18.716666666666665,26.595,34.69,38.81,40.69
2019-10-02 12:47:00,17.738,18.6975,26.595,34.75,38.84,40.63
2019-10-02 12:48:00,17.75,18.6875,26.63,34.71,38.85,40.675
2019-10-02 12:49:00,17.78,18.6875,26.612499999999997,34.702,38.83,40.678
2019-10-02 12:50:00,17.78,18.7,26.69,34.69,38.84,40.645
2019-10-02 12:51:00,17.75,18.705000000000002,26.63,34.75,38.8625,40.735
2019-10-02 12:52:00,17.79,18.71,26.66,34.63,38.93,40.63
2019-10-02 12:53:00,17.75,18.715,26.69,34.69,38.8675,40.69
2019-10-02 12:54:00,17.828,18.74,26.69,34.69,38.856,40.69
2019-10-02 12:55:00,17.81,18.754,26.69,34.705,38.87,40.69
2019-10-02 12:56:00,17.81,18.768,26.69,34.762,38.94,40.75
2019-10-02 12:57:00,17.845,18.75,26.69,34.88,38.96,40.75
2019-10-02 12:58:00,17.765,18.76,26.71,34.88,38.98,40.75
2019-10-02 12:59:00,17.765,18.76,26.675,34.862500000000004,39.025,40.75
2019-10-02 13:00:00,17.81,18.740000000000002,26.69,34.75,39.086,40.75
2019-10-02 13:01:00,17.802,18.7375,26.69,34.675,39.1,40.81
2019-10-02 13:02:00,17.836666666666666,18.75,26.65,34.63,39.08,40.75
2019-10-02 13:03:00,17.828,18.75,26.69,34.69,39.0075,40.81
2019-10-02 13:04:00,17.81,18.79,26.714000000000002,34.8275,39.02,40.81
2019-10-02 13:05:00,17.765,18.786,26.75,34.8425,39.085,40.81
2019-10-02 13:06:00,17.81,18.7975,26.72,34.94,39.08,40.81
2019-10-02 13:07:00,17.794999999999998,18.805,26.73,34.94,39.114999999999995,40.81
2019-10-02 13:08:00,17.79,18.796666666666667,26.75,34.895,39.05,40.75
2019-10-02 13:09:00,17.81,18.772000000000002,26.69,34.94,38.9525,40.795
2019-10-02 13:10:00,17.75,18.76,26.69,34.81,38.9,40.81
2019-10-02 13:11:00,17.78,18.7525,26.714000000000002,34.75,38.9,40.81
2019-10-02 13:12:00,17.794999999999998,18.73,26.75,34.735,38.93,40.81
2019-10-02 13:13:00,17.81,18.740000000000002,26.75,34.69,38.93,40.795
2019-10-02 13:14:00,17.785999999999998,18.72,26.774,34.735,38.93,40.75
2019-10-02 13:15:00,17.78,18.7425,26.765,34.69,38.885,40.75
2019-10-02 13:16:00,17.81,18.75,26.75,34.69,38.85,40.735
2019-10-02 13:17:00,17.81,18.75,26.75,34.63,38.852000000000004,40.69
2019-10-02 13:18:00,17.833333333333332,18.76,26.81,34.63,38.9,40.81
2019-10-02 13:19:00,17.88,18.773333333333333,26.81,34.56,38.94,40.795
2019-10-02 13:20:00,17.862499999999997,18.770000000000003,26.8275,34.5,38.995,40.75
2019-10-02 13:21:00,17.845,18.785,26.833333333333332,34.5,38.97,40.75
2019-10-02 13:22:00,17.81,18.785,26.81,34.63,38.974999999999994,40.81
2019-10-02 13:23:00,17.837999999999997,18.76,26.81,34.69,38.96,40.854
2019-10-02 13:24:00,17.845,18.753333333333334,26.81,34.81,38.98,40.762
2019-10-02 13:25:00,17.833333333333332,18.75,26.81,34.88,39.089999999999996,40.8275
2019-10-02 13:26:00,17.862499999999997,18.75,26.856666666666666,34.88,39.14,40.88
2019-10-02 13:27:00,17.81,18.753333333333334,26.845,34.88,39.25,40.94
2019-10-02 13:28:00,17.833333333333332,18.76,26.802,34.88,39.3275,41.015
2019-10-02 13:29:00,17.88,18.7575,26.845,34.8275,39.42,41.0
2019-10-02 13:30:00,17.88,18.78,26.88,34.81,39.52,41.13
2019-10-02 13:31:00,17.91,18.775000000000002,26.8275,34.81,39.59,41.19
2019-10-02 13:32:00,17.88,18.78,26.862499999999997,34.81,39.62,41.295
2019-10-02 13:33:00,17.81,18.775,26.88,34.81,39.63,41.31
2019-10-02 13:34:00,17.8275,18.785,26.94,34.75,39.715,41.3425
2019-10-02 13:35:00,17.833333333333332,18.793333333333333,26.91,34.69,39.76,41.44
2019-10-02 13:36:00,17.837999999999997,18.785,26.94,34.735,39.77,41.44
2019-10-02 13:37:00,17.81,18.776,26.94,34.69,39.8,41.56
2019-10-02 13:38:00,17.925,18.785,26.97,34.705,39.854,41.63
2019-10-02 13:39:00,17.88,18.79,26.94,34.75,39.885,41.69
2019-10-02 13:40:00,17.88,18.793333333333333,27.0,34.77,39.89,41.75
2019-10-02 13:41:00,17.88,18.793333333333333,27.0,34.765,39.86,41.69
2019-10-02 13:42:00,17.88,18.805,27.0,34.795,39.892,41.75
2019-10-02 13:43:00,17.91,18.7975,26.985,34.69,39.87,41.75
2019-10-02 13:44:00,17.888,18.8,27.0,34.69,39.8975,41.776
2019-10-02 13:45:00,17.88,18.79,27.0,34.81,39.92,41.81
2019-10-02 13:46:00,17.88,18.813333333333333,27.0,34.862500000000004,39.985,41.81
2019-10-02 13:47:00,17.88,18.79,26.97,34.88,40.04,41.81
2019-10-02 13:48:00,17.88,18.793333333333333,27.0,34.88,40.04,41.81
2019-10-02 13:49:00,17.916,18.786666666666665,27.0,34.88,40.04,41.847500000000004
2019-10-02 13:50:00,17.91,18.822499999999998,27.0,34.795,40.065,41.81
2019-10-02 13:51:00,17.9,18.79,27.106666666666666,34.75,40.07,41.81
2019-10-02 13:52:00,17.94,18.816666666666666,27.06,34.81,40.075,41.81
2019-10-02 13:53:00,17.88,18.8,27.06,34.795,40.1,41.81
2019-10-02 13:54:00,17.91,18.826666666666664,27.06,34.81,40.0725,41.94
2019-10-02 13:55:00,17.91,18.813333333333333,27.095,34.88,40.1,41.88
2019-10-02 13:56:00,17.88,18.814999999999998,27.086666666666666,34.81,40.12,41.955
2019-10-02 13:57:00,17.94,18.833333333333332,27.102,34.94,40.11,41.955
2019-10-02 13:58:00,17.94,18.82,27.13,34.88,40.12,41.955
2019-10-02 13:59:00,17.88,18.83,27.175,34.94,40.12,41.985
2019-10-02 14:00:00,17.88,18.835,27.166,34.988,40.1575,42.0
2019-10-02 14:01:00,17.94,18.836666666666666,27.095,34.94,40.17,42.0
2019-10-02 14:02:00,17.94,18.835,27.13,34.94,40.2025,41.955
2019-10-02 14:03:00,17.951999999999998,18.84,27.13,34.88,40.2425,42.06
2019-10-02 14:04:00,17.94,18.833333333333332,27.06,34.862500000000004,40.2575,42.06
2019-10-02 14:05:00,17.94,18.84,27.06,34.81,40.22,42.0
2019-10-02 14:06:00,17.94,18.845,27.095,34.862500000000004,40.24,42.06
2019-10-02 14:07:00,17.96,18.833333333333332,27.13,34.836666666666666,40.2,42.06
2019-10-02 14:08:00,17.94,18.86,27.13,34.75,40.22,42.0775
2019-10-02 14:09:00,17.94,18.86,27.15,34.765,40.22,42.175
2019-10-02 14:10:00,17.94,18.834,27.112499999999997,34.795,40.15,42.13
2019-10-02 14:11:00,17.928,18.865000000000002,27.0775,34.81,40.15,42.13
2019-10-02 14:12:00,18.0,18.846666666666668,27.13,34.8275,40.15,42.13
2019-10-02 14:13:00,18.0,18.864,27.13,34.88,40.25,42.13
2019-10-02 14:14:00,18.0,18.880000000000003,27.13,34.892,40.3,42.19
2019-10-02 14:15:00,18.0,18.915,27.13,34.955,40.3,42.25
2019-10-02 14:16:00,18.0,18.9325,27.22,35.0,40.31,42.25
2019-10-02 14:17:00,17.98,18.94,27.19,34.988,40.338,42.25
2019-10-02 14:18:00,18.015,18.906,27.13,34.955,40.31,42.25
2019-10-02 14:19:00,17.98,18.915,27.19,34.985,40.35,42.25
2019-10-02 14:20:00,17.98,18.9,27.154,34.94,40.38,42.31
2019-10-02 14:21:00,17.96,18.904,27.19,34.88,40.39,42.202
2019-10-02 14:22:00,18.0,18.9,27.235,34.836666666666666,40.39,42.25
2019-10-02 14:23:00,17.94,18.896666666666665,27.19,34.476,40.42,42.25
2019-10-02 14:24:00,17.94,18.922,27.28,34.19,40.39,42.175
2019-10-02 14:25:00,17.94,18.903333333333332,27.28,34.25,40.347500000000004,42.235
2019-10-02 14:26:00,17.985,18.89,27.294999999999998,34.38,40.34,42.238
2019-10-02 14:27:00,17.939999999999998,18.905,27.27,34.545,40.3,42.238
2019-10-02 14:28:00,17.94,18.89,27.154,34.56,40.05,42.06
2019-10-02 14:29:00,17.964000000000002,18.89,27.13,34.56,39.4025,41.498000000000005
2019-10-02 14:30:00,17.96,18.845,27.06,34.08,38.52,40.724000000000004
2019-10-02 14:31:00,17.916,18.812,27.06,33.185,37.52,39.912
2019-10-02 14:32:00,17.91,18.73,27.0,32.28,36.39,39.13
2019-10-02 14:33:00,17.845,18.635,26.96,31.5,35.52,38.2325
2019-10-02 14:34:00,17.774,18.636666666666667,26.8275,30.6125,34.58,37.63
2019-10-02 14:35:00,17.71,18.616666666666667,26.81,30.049999999999997,33.43333333333334,37.0
2019-10-02 14:36:00,17.69,18.595,26.71,29.5,32.7,36.3625
2019-10-02 14:37:00,17.75,18.66,26.654,29.009999999999998,31.92,35.800000000000004
2019-10-02 14:38:00,17.794999999999998,18.716,26.583333333333332,28.5675,31.172,35.38
2019-10-02 14:39:00,17.785999999999998,18.746666666666666,26.464000000000002,28.25,30.68,34.8925
2019-10-02 14:40:00,17.81,18.82,26.38,27.8325,30.102,34.5
2019-10-02 14:41:00,17.88,18.9425,26.25,27.5,29.646,34.0825
2019-10-02 14:42:00,17.88,19.078,26.145,27.19,29.28,33.726
2019-10-02 14:43:00,17.88,19.233333333333334,26.087999999999997,26.9075,28.9375,33.44
2019-10-02 14:44:00,17.856666666666666,19.39666666666667,25.976,26.7025,28.66,33.19
2019-10-02 14:45:00,17.88,19.558,25.94,26.5,28.4075,32.9075
2019-10-02 14:46:00,17.904,19.64,25.985,26.28,28.1725,32.69
2019-10-02 14:47:00,17.9,19.7175,25.862499999999997,26.14666666666667,28.01,32.46
2019-10-02 14:48:00,17.833333333333332,19.83,25.75,26.0,27.79,32.274
2019-10-02 14:49:00,17.9075,19.945,25.705000000000002,25.81,27.580000000000002,32.06
2019-10-02 14:50:00,17.98,20.143333333333334,25.67,25.63,27.41,31.94
2019-10-02 14:51:00,17.97,20.295,25.5,25.44,27.32,31.81
2019-10-02 14:52:00,18.04,20.456666666666667,25.5775,25.38,27.183333333333334,31.63
2019-10-02 14:53:00,18.13,20.62,25.48,25.298,27.0825,31.5
2019-10-02 14:54:00,18.13,20.746666666666666,25.44,25.235,27.0,31.4075
2019-10-02 14:55:00,18.13,20.8575,25.4,25.112499999999997,26.92,31.31
2019-10-02 14:56:00,18.19,20.97,25.333333333333332,25.06,26.84,31.25
2019-10-02 14:57:00,18.226,21.03,25.31,25.044999999999998,26.81,31.112499999999997
2019-10-02 14:58:00,18.21,21.106,25.265,24.985,26.740000000000002,31.0
2019-10-02 14:59:00,18.19,21.15,25.25,24.94,26.69,30.94
