time,temperature_p02r08c01srv01_inlet,temperature_p02r08c01srv02_inlet,temperature_p02r08c01srv03_inlet,temperature_p02r08c02srv01_inlet,temperature_p02r08c02srv02_inlet,temperature_p02r08c02srv03_inlet,temperature_p02r08c03srv01_inlet,temperature_p02r08c03srv02_inlet,temperature_p02r08c03srv03_inlet,temperature_p02r08c04srv01_inlet,temperature_p02r08c04srv02_inlet,temperature_p02r08c04srv03_inlet,temperature_p02r08c05srv01_inlet,temperature_p02r08c05srv02_inlet,temperature_p02r08c05srv03_inlet,temperature_p02r08c06srv01_inlet,temperature_p02r08c06srv02_inlet,temperature_p02r08c06srv03_inlet,temperature_p02r08c07srv01_inlet,temperature_p02r08c07srv02_inlet,temperature_p02r08c07srv03_inlet,temperature_p02r08c08srv01_inlet,temperature_p02r08c08srv02_inlet,temperature_p02r08c08srv03_inlet,temperature_p02r08c09srv01_inlet,temperature_p02r08c09srv02_inlet,temperature_p02r08c09srv03_inlet,temperature_p02r08c10srv01_inlet,temperature_p02r08c10srv02_inlet,temperature_p02r08c10srv03_inlet,temperature_p02r08srv17_inlet,temperature_p02r08srv18_inlet,temperature_p02r08srv19_inlet,temperature_p02r08srv20_inlet
02-Oct-2019 09:00:00,21.0,20.0,20.0,19.0,19.0,19.0,17.0,17.0,17.0,17.0,17.0,18.0,17.0,17.0,17.0,18.0,20.0,20.236842105263158,19.0,21.0,21.0,21.0,21.0,21.0,25.0,23.0,23.0,24.0,24.0,24.0,23.0,21.058823529411764,21.0,20.0
02-Oct-2019 09:01:00,21.0,20.0,20.0,19.0,19.0,19.0,17.0,17.0,17.0,17.0,17.0,18.0,17.0,17.0,17.0,18.0,20.0,20.236842105263158,19.0,21.0,21.0,21.0,21.0,21.0,25.0,23.0,23.0,24.0,24.0,24.0,23.0,22.0,21.0,20.0
02-Oct-2019 09:02:00,21.0,20.0,20.0,19.0,19.0,19.0,17.0,17.0,17.0,17.0,17.0,18.0,17.0,17.0,17.0,18.0,20.0,20.13157894736842,19.0,21.0,21.0,21.0,21.0,21.0,25.0,23.0,23.0,24.0,24.0,24.0,23.0,22.0,21.0,20.0
02-Oct-2019 09:03:00,21.0,20.0,20.0,19.0,19.0,19.0,17.0,17.0,17.0,17.0,17.0,18.0,17.0,17.0,17.0,18.0,20.0,20.763157894736842,19.0,21.0,21.0,21.0,21.0,21.0,25.0,23.0,23.0,24.0,24.0,24.0,23.0,21.5,21.0,20.0
02-Oct-2019 09:04:00,21.0,20.0,20.0,19.0,19.0,19.0,17.0,17.0,17.0,17.0,17.0,18.0,17.0,17.0,17.0,18.0,20.0,20.86842105263158,19.0,21.0,21.0,21.0,21.0,21.0,25.0,23.0,23.0,24.0,24.0,24.0,23.0,21.0,21.0,20.0
02-Oct-2019 09:05:00,21.0,20.0,20.0,19.0,19.0,19.0,17.0,17.0,17.0,17.0,17.0,18.0,17.0,17.0,17.0,18.0,20.0,20.236842105263158,19.0,21.0,21.0,21.0,21.0,21.0,25.0,23.0,23.0,24.0,24.0,24.0,23.0,21.0,21.0,20.0
02-Oct-2019 09:06:00,21.0,20.0,20.0,19.0,19.0,19.0,17.0,17.0,17.0,17.0,17.0,18.0,17.0,17.0,17.0,18.0,20.0,20.13157894736842,19.0,21.0,21.0,21.0,21.0,21.0,25.0,23.0,23.0,24.0,24.0,24.0,23.0,21.0,21.0,20.0
02-Oct-2019 09:07:00,21.0,20.0,20.0,19.0,19.0,19.0,17.0,17.0,17.0,17.0,17.0,18.0,17.0,17.0,17.0,18.0,19.210526315789473,20.0,19.0,21.0,21.0,21.0,21.0,21.0,25.0,23.0,23.0,24.0,24.0,24.0,23.0,21.0,21.0,20.0
02-Oct-2019 09:08:00,21.0,20.0,20.0,19.0,19.0,19.0,17.0,17.0,17.0,17.0,17.0,18.0,17.0,17.0,17.0,18.0,19.105263157894736,20.0,19.0,21.0,21.0,21.0,21.0,21.0,25.0,23.0,23.0,24.0,24.0,24.0,23.0,21.0,21.0,20.0
02-Oct-2019 09:09:00,21.0,20.0,20.0,19.0,19.0,19.0,17.0,17.0,17.0,17.0,17.0,18.0,17.0,17.0,17.0,18.0,19.0,20.0,19.0,21.0,21.0,21.0,21.0,21.0,25.0,23.0,23.0,24.0,24.0,24.0,23.0,21.0,21.0,20.0
02-Oct-2019 09:10:00,21.0,20.0,20.0,19.0,19.0,19.0,17.0,17.0,17.0,17.0,17.0,18.0,17.0,17.0,17.0,18.0,19.0,20.0,19.0,21.0,21.0,21.0,21.0,21.0,25.0,23.0,23.0,24.0,24.0,24.0,23.0,21.0,21.0,20.0
02-Oct-2019 09:11:00,21.0,20.0,20.0,19.0,19.0,19.0,17.11111111111111,17.0,17.0,17.0,17.0,18.0,17.0,17.0,17.0,18.0,19.833333333333332,20.0,19.0,21.0,21.0,21.0,21.0,21.0,25.0,23.0,23.0,24.0,24.0,23.77777777777778,23.0,21.0,21.0,20.0
02-Oct-2019 09:12:00,21.0,20.0,20.0,19.0,19.0,19.0,17.166666666666668,17.0,17.0,17.0,17.0,18.0,17.0,17.0,17.0,18.0,19.88888888888889,20.0,19.0,21.0,21.0,21.0,21.0,21.0,25.0,23.0,23.0,24.0,24.0,23.72222222222222,23.0,21.0,21.0,20.0
02-Oct-2019 09:13:00,21.0,20.0,20.0,19.0,19.0,19.0,17.944444444444443,17.0,17.0,17.0,17.0,18.0,17.0,17.0,17.0,18.0,20.0,20.75,19.0,21.0,21.0,21.0,21.0,21.0,25.0,23.0,23.0,24.0,24.0,23.166666666666668,23.0,21.0,21.0,20.0
02-Oct-2019 09:14:00,21.0,20.0,20.0,19.0,19.0,19.0,17.833333333333332,17.0,17.0,17.0,17.0,18.0,17.0,17.0,17.0,18.0,20.0,20.86111111111111,19.0,21.0,21.0,21.0,21.0,21.0,25.0,23.0,23.0,24.0,24.0,23.27777777777778,23.0,21.0,21.0,20.0
02-Oct-2019 09:15:00,21.0,20.0,20.0,19.0,19.0,19.0,17.105263157894736,17.0,17.0,17.0,17.0,18.0,17.0,17.0,17.0,18.0,20.0,21.0,19.0,21.0,21.0,21.0,21.0,21.0,25.0,23.0,23.0,24.0,24.0,24.0,23.0,21.0,21.0,20.0
02-Oct-2019 09:16:00,21.0,20.0,20.0,19.0,19.0,19.0,17.210526315789473,17.0,17.0,17.0,17.0,18.0,17.0,17.0,17.0,18.0,20.0,21.0,19.0,21.0,21.0,21.0,21.0,21.0,25.0,23.0,23.0,24.0,24.0,24.0,23.0,21.057142857142857,21.0,20.0
02-Oct-2019 09:17:00,21.0,20.0,20.0,19.0,19.0,19.0,18.0,17.0,17.0,17.0,17.0,18.0,17.0,17.0,17.0,18.0,20.0,21.0,19.0,21.0,21.0,21.0,21.0,21.0,25.0,23.0,23.0,24.0,24.0,24.0,23.0,21.75,21.0,20.0
02-Oct-2019 09:18:00,21.0,20.0,20.0,19.0,19.0,19.0,18.0,17.0,17.0,17.0,17.0,18.0,17.0,17.0,17.0,18.0,20.0,21.0,19.0,21.0,21.0,21.0,21.0,21.0,25.0,23.0,23.0,24.0,24.0,24.0,23.0,21.0,21.0,20.0
02-Oct-2019 09:19:00,21.0,20.0,20.0,19.0,19.0,19.0,18.0,17.0,17.0,17.0,17.0,18.0,17.0,17.0,17.0,18.0,20.0,21.0,19.0,21.0,21.0,21.0,21.0,21.0,25.0,23.0,23.0,24.0,24.0,24.0,23.0,21.0,21.0,20.0
02-Oct-2019 09:20:00,21.0,20.0,20.0,19.0,19.0,19.0,18.0,17.0,17.0,17.0,17.0,18.0,17.0,17.0,17.0,18.0,20.0,21.0,19.0,21.0,21.0,21.0,21.0,21.0,25.0,23.0,23.0,24.0,24.0,24.0,23.0,21.029411764705884,21.0,20.0
02-Oct-2019 09:21:00,21.0,20.0,20.0,19.0,19.0,19.0,18.0,17.0,17.0,17.0,17.0,18.0,17.0,17.0,17.0,18.0,20.0,21.0,19.0,21.0,21.0,21.0,21.0,21.0,25.0,23.0,23.0,24.0,24.0,24.0,23.0,21.666666666666668,21.0,20.0
02-Oct-2019 09:22:00,21.0,20.0,20.0,19.0,19.0,19.0,18.0,17.0,17.0,17.0,17.0,18.0,17.0,17.0,17.0,18.0,20.0,21.0,19.0,21.0,21.0,21.0,21.0,21.0,25.0,23.0,23.0,24.0,24.0,24.0,23.0,21.0,21.0,20.0
02-Oct-2019 09:23:00,21.0,20.0,20.0,19.0,19.0,19.0,18.0,17.0,17.0,17.0,17.0,18.0,17.0,17.0,17.0,18.0,20.0,21.0,19.0,21.0,21.0,21.0,21.0,21.0,25.0,23.0,23.0,24.605263157894736,24.0,24.0,23.0,21.0,21.0,20.0
02-Oct-2019 09:24:00,21.0,20.0,20.0,19.0,19.0,19.0,18.0,17.0,17.0,17.0,17.0,18.0,17.0,17.0,17.0,18.0,20.0,21.0,19.0,21.0,21.0,21.0,21.0,21.0,25.0,23.0,23.0,24.710526315789473,24.0,24.0,23.0,21.0,21.0,20.0
02-Oct-2019 09:25:00,21.0,20.0,20.0,19.0,19.0,19.0,18.0,17.0,17.0,17.0,17.0,18.0,17.0,17.0,17.0,18.0,20.0,21.0,19.0,21.0,21.0,21.0,21.0,21.0,25.0,23.0,23.0,24.394736842105264,24.0,24.0,23.0,21.25,21.0,20.0
02-Oct-2019 09:26:00,21.0,20.0,20.0,19.0,19.0,19.0,18.0,17.0,17.0,17.0,17.0,18.0,17.0,17.0,17.0,18.0,20.0,21.0,19.0,21.0,21.0,21.0,21.0,21.0,25.0,23.0,23.0,24.289473684210527,24.0,24.0,23.0,21.96969696969697,21.0,20.0
02-Oct-2019 09:27:00,21.0,20.0,20.0,19.0,19.0,19.0,18.0,17.0,17.0,17.0,17.0,18.0,17.0,17.0,17.0,18.0,20.0,21.0,19.0,21.0,21.0,21.0,21.0,21.0,25.0,23.0,23.0,24.0,24.0,24.0,23.0,21.0,21.0,20.0
02-Oct-2019 09:28:00,21.0,20.0,20.0,19.0,19.0,19.0,18.0,17.0,17.0,17.0,17.0,18.0,17.0,17.0,17.0,18.0,20.0,21.0,19.0,21.0,21.0,21.0,21.0,21.0,25.0,23.0,23.0,24.0,24.0,24.0,23.0,21.0,21.0,20.0
02-Oct-2019 09:29:00,21.0,20.0,20.0,19.0,19.0,19.0,17.86842105263158,17.0,17.0,17.0,17.0,18.0,17.0,17.0,17.0,18.0,20.0,21.0,19.0,21.0,21.0,21.0,21.0,21.0,25.0,23.0,23.0,24.0,24.0,24.0,23.0,21.0,21.0,20.0
02-Oct-2019 09:30:00,21.0,20.0,20.0,19.0,19.0,19.0,17.763157894736842,17.0,17.0,17.0,17.0,18.0,17.0,17.0,17.0,18.0,20.0,21.0,19.0,21.0,21.0,21.0,21.0,21.0,25.0,23.0,23.0,24.0,24.0,24.0,23.0,21.0,21.0,20.0
02-Oct-2019 09:31:00,21.0,20.0,20.0,19.0,19.0,19.0,17.128205128205128,17.0,17.0,17.0,17.0,18.0,17.0,17.0,17.0,18.0,20.0,21.0,19.0,21.0,21.0,21.0,21.0,21.0,25.0,23.0,23.0,24.0,24.0,24.0,23.0,21.333333333333332,21.0,20.0
02-Oct-2019 09:32:00,21.0,20.0,20.0,19.0,19.0,19.0,17.23076923076923,17.0,17.0,17.0,17.0,18.0,17.0,17.0,17.0,18.0,20.0,21.0,19.0,21.0,21.0,21.0,21.0,21.0,25.0,23.0,23.0,24.0,24.0,24.0,23.0,22.0,21.0,20.0
02-Oct-2019 09:33:00,21.0,20.0,20.0,19.0,19.0,19.0,18.0,17.0,17.0,17.0,17.0,18.0,17.0,17.0,17.0,18.0,20.0,21.0,19.0,21.0,21.0,21.0,21.0,21.0,25.0,23.0,23.0,24.605263157894736,24.0,23.789473684210527,23.0,21.6,21.0,20.0
02-Oct-2019 09:34:00,21.0,20.0,20.0,19.0,19.0,19.0,18.0,17.0,17.0,17.0,17.0,18.0,17.0,17.0,17.0,18.0,20.0,21.0,19.0,21.0,21.0,21.0,21.0,21.0,25.0,23.0,23.0,24.710526315789473,24.0,23.68421052631579,23.0,21.0,21.0,20.0
02-Oct-2019 09:35:00,21.0,20.0,20.0,19.0,19.0,19.0,18.0,17.0,17.0,17.0,17.0,18.0,17.0,17.0,17.0,18.0,20.0,21.0,19.0,21.0,21.0,21.0,21.0,21.0,25.0,23.0,23.0,25.0,24.0,23.210526315789473,23.0,21.5,21.0,20.0
02-Oct-2019 09:36:00,21.0,20.0,20.0,19.0,19.0,19.0,18.0,17.0,17.0,17.0,17.0,18.0,17.0,17.0,17.0,18.0,20.0,21.0,19.0,21.0,21.0,21.0,21.0,21.0,25.0,23.0,23.0,25.0,24.0,23.31578947368421,23.0,22.0,21.0,20.0
02-Oct-2019 09:37:00,21.0,20.0,20.0,19.0,19.0,18.13157894736842,17.894736842105264,17.0,17.0,17.0,17.0,18.0,17.0,17.0,17.0,18.0,20.0,21.0,19.0,21.0,21.0,21.0,21.0,21.0,25.0,23.0,23.0,25.0,24.0,24.0,23.0,22.0,21.0,20.0
02-Oct-2019 09:38:00,21.0,20.0,20.0,19.0,19.0,18.026315789473685,17.789473684210527,17.0,17.0,17.0,17.0,18.0,17.0,17.0,17.0,18.0,20.0,21.0,19.0,21.0,21.0,21.0,21.0,21.0,25.0,23.0,23.0,25.0,24.0,24.0,23.0,21.941176470588236,21.0,20.0
02-Oct-2019 09:39:00,21.0,20.0,20.0,19.0,19.0,18.0,17.0,17.0,17.0,17.0,17.0,17.710526315789473,16.342105263157894,17.0,17.0,18.0,20.0,21.0,19.0,21.0,20.289473684210527,21.0,21.0,21.0,25.0,23.0,23.0,24.394736842105264,24.0,24.0,23.0,21.0,21.0,20.0
02-Oct-2019 09:40:00,21.0,20.0,20.0,19.0,19.0,18.0,17.0,17.0,17.0,17.0,17.0,17.605263157894736,16.236842105263158,17.0,17.0,18.0,20.0,21.0,19.0,21.0,20.18421052631579,21.0,21.0,21.0,25.0,23.0,23.0,24.289473684210527,24.0,24.0,23.0,21.0,21.0,20.0
02-Oct-2019 09:41:00,21.0,20.0,20.0,19.0,18.210526315789473,18.0,17.0,16.5,17.0,17.0,17.0,17.0,16.0,16.605263157894736,16.63157894736842,18.0,19.18421052631579,20.236842105263158,18.36842105263158,20.657894736842106,20.0,21.0,21.0,21.0,25.0,23.0,23.0,24.0,24.0,24.0,23.0,21.333333333333332,21.0,20.0
02-Oct-2019 09:42:00,21.0,20.0,20.0,19.0,18.105263157894736,18.0,17.0,16.394736842105264,17.0,17.0,17.0,17.0,16.0,16.5,16.526315789473685,18.0,19.07894736842105,20.13157894736842,18.263157894736842,20.55263157894737,20.0,21.0,21.0,21.0,25.0,23.0,23.0,24.0,24.0,24.0,23.0,22.0,21.029411764705884,20.0
02-Oct-2019 09:43:00,20.315789473684212,20.0,19.842105263157894,18.157894736842106,18.0,18.0,17.0,16.0,17.0,17.0,17.0,17.0,16.0,16.0,16.0,18.0,19.0,19.236842105263158,18.0,19.657894736842106,19.289473684210527,20.57894736842105,21.0,21.0,25.0,23.0,23.0,24.0,24.0,24.0,23.0,21.5,21.75,20.0
02-Oct-2019 09:44:00,20.210526315789473,20.0,19.736842105263158,18.05263157894737,18.0,18.0,17.0,16.0,17.0,17.0,17.0,17.0,16.0,16.0,16.0,18.0,19.0,19.13157894736842,18.0,19.55263157894737,19.18421052631579,20.473684210526315,21.0,21.0,25.0,23.0,23.0,24.0,24.0,24.0,23.0,21.0,21.0,20.0
02-Oct-2019 09:45:00,20.0,19.42105263157895,19.0,18.0,18.0,18.0,17.0,16.0,17.0,17.0,17.0,17.0,16.657894736842106,16.384615384615383,16.37837837837838,18.0,19.0,18.236842105263158,18.0,18.657894736842106,19.0,19.57894736842105,20.81578947368421,20.68421052631579,24.86842105263158,23.0,23.0,24.0,24.0,23.789473684210527,23.0,21.0,21.0,20.0
02-Oct-2019 09:46:00,20.0,19.315789473684212,19.0,18.0,18.0,18.0,17.0,16.0,17.0,17.0,17.0,17.0,16.763157894736842,16.487179487179485,16.486486486486488,18.0,19.0,18.13157894736842,18.0,18.55263157894737,19.0,19.473684210526315,20.710526315789473,20.57894736842105,24.763157894736842,23.0,23.0,24.0,24.0,23.68421052631579,23.0,21.0,21.0,20.0
02-Oct-2019 09:47:00,19.315789473684212,19.0,19.0,18.0,18.0,18.0,17.0,16.473684210526315,17.0,17.0,17.0,17.0,17.0,17.0,17.0,18.0,19.0,18.0,18.0,18.0,19.0,19.0,19.81578947368421,20.0,23.86842105263158,23.0,23.0,23.394736842105264,23.736842105263158,23.0,23.0,21.0,21.0,20.0
02-Oct-2019 09:48:00,19.210526315789473,19.0,19.0,18.0,18.0,18.0,17.0,16.57894736842105,17.0,17.0,17.0,17.0,17.0,17.0,17.0,18.0,19.0,18.0,18.0,18.0,19.0,19.0,19.710526315789473,20.0,23.763157894736842,23.0,23.0,23.289473684210527,23.63157894736842,23.0,23.0,21.0,21.0,20.0
02-Oct-2019 09:49:00,19.0,19.0,19.0,18.0,18.0,18.0,17.0,17.0,17.0,17.0,17.0,17.289473684210527,17.0,17.0,17.0,18.0,19.0,18.0,18.0,18.0,18.289473684210527,18.57894736842105,18.81578947368421,19.68421052631579,23.0,22.763157894736842,23.0,23.0,23.0,23.0,23.0,21.5,21.0,20.2
02-Oct-2019 09:50:00,19.0,19.0,19.0,18.0,18.0,18.0,17.0,17.0,17.0,17.0,17.0,17.394736842105264,17.0,17.0,17.0,18.0,19.0,18.0,18.0,18.0,18.18421052631579,18.473684210526315,18.710526315789473,19.57894736842105,23.0,22.657894736842106,23.0,23.0,23.0,23.0,23.0,22.0,21.97142857142857,21.0
02-Oct-2019 09:51:00,19.0,19.0,19.0,18.0,18.0,18.0,17.0,17.0,17.0,17.736842105263158,17.0,18.0,17.0,17.0,17.0,18.0,19.0,18.0,18.0,18.0,18.0,18.0,18.0,19.0,23.0,22.0,22.55263157894737,23.0,23.0,23.0,23.0,21.5,21.0,20.0
02-Oct-2019 09:52:00,19.0,19.0,19.0,18.0,18.0,18.0,17.0,17.0,17.0,17.842105263157894,17.0,18.0,17.0,17.0,17.0,18.0,19.0,18.0,18.0,18.0,18.0,18.0,18.0,19.0,23.0,22.0,22.44736842105263,23.0,23.0,23.0,23.0,21.0,21.0,20.0
02-Oct-2019 09:53:00,19.0,19.0,18.842105263157894,18.0,18.81578947368421,18.0,17.0,17.0,17.0,18.0,17.55263157894737,18.0,17.0,17.0,17.0,18.0,19.0,18.0,18.0,18.0,18.0,18.0,18.0,19.0,23.0,22.0,22.0,23.0,23.0,23.0,23.0,21.333333333333332,21.0,20.0
02-Oct-2019 09:54:00,19.0,19.0,18.736842105263158,18.0,18.92105263157895,18.0,17.0,17.0,17.0,18.0,17.657894736842106,18.0,17.0,17.0,17.0,18.0,19.0,18.0,18.0,18.0,18.0,18.0,18.0,19.0,23.0,22.0,22.0,23.0,23.0,23.0,23.0,22.0,21.0,20.0
02-Oct-2019 09:55:00,19.0,19.0,18.0,18.0,18.18421052631579,18.0,17.0,17.0,17.0,18.0,18.0,18.0,17.0,17.0,17.0,18.0,19.0,18.0,18.0,18.0,18.0,18.0,18.0,19.0,22.86842105263158,22.0,22.0,23.0,23.0,23.0,23.0,22.0,21.0,20.0
02-Oct-2019 09:56:00,19.0,19.0,18.0,18.0,18.07894736842105,18.0,17.0,17.0,17.0,18.0,18.0,18.0,17.0,17.0,17.0,18.0,19.0,18.0,18.0,18.0,18.0,18.0,18.0,19.0,22.763157894736842,22.0,22.0,23.0,23.0,23.0,23.0,22.0,21.0,20.0
02-Oct-2019 09:57:00,19.0,19.0,18.0,18.0,18.0,18.0,17.0,17.0,17.0,18.0,18.0,18.0,17.0,17.0,17.0,18.0,19.0,18.0,18.0,18.0,18.0,18.0,18.0,18.710526315789473,22.0,22.0,22.0,23.0,23.0,23.0,23.0,21.75,21.5,20.0
02-Oct-2019 09:58:00,19.0,19.0,18.0,18.0,18.0,18.0,17.0,17.0,17.0,18.0,18.0,18.0,17.0,17.0,17.0,18.0,19.0,18.0,18.0,18.0,18.0,18.0,18.0,18.605263157894736,22.0,22.0,22.0,23.0,23.0,23.0,23.0,21.029411764705884,21.941176470588236,21.0
02-Oct-2019 09:59:00,19.0,19.0,18.0,18.0,18.0,18.0,17.0,17.0,17.0,18.0,18.0,18.0,17.0,17.0,17.0,18.0,19.0,18.0,18.0,18.0,18.0,18.0,18.0,18.0,22.0,22.0,22.0,23.0,23.0,23.0,23.0,22.0,21.0,20.0
02-Oct-2019 10:00:00,19.0,19.0,18.0,18.0,18.0,18.0,17.0,17.0,17.0,18.0,18.0,18.0,17.0,17.0,17.0,18.0,19.0,18.0,18.0,18.0,18.0,18.0,18.0,18.0,22.0,22.0,22.0,23.0,23.0,23.0,23.0,22.0,21.0,21.0
02-Oct-2019 10:01:00,19.0,19.0,18.0,18.0,18.0,18.0,17.0,17.0,17.0,18.0,18.0,18.0,17.0,17.0,17.0,18.0,19.0,18.0,18.0,18.0,18.0,18.0,17.81578947368421,18.0,22.0,22.0,22.0,23.0,23.0,23.0,23.0,22.0,21.0,20.0
02-Oct-2019 10:02:00,19.0,19.0,18.0,18.0,18.0,18.0,17.0,17.0,17.0,18.0,18.0,18.0,17.0,17.0,17.0,18.0,19.0,18.0,18.0,18.0,18.0,18.0,17.710526315789473,18.0,22.0,22.0,22.0,23.0,23.0,23.0,23.0,22.0,21.0,20.0
02-Oct-2019 10:03:00,19.0,19.0,18.0,18.0,18.0,18.0,17.0,17.0,17.0,18.0,18.0,18.0,17.0,17.0,17.0,18.0,19.0,18.0,18.0,18.0,18.0,18.0,17.0,18.0,22.0,22.0,22.0,23.0,23.0,23.0,23.0,22.0,21.4,20.0
02-Oct-2019 10:04:00,19.0,19.0,18.0,18.0,18.0,18.0,17.0,17.0,17.0,18.0,18.0,18.0,17.0,17.0,17.0,18.0,19.0,18.0,18.0,18.0,18.0,18.0,17.0,18.0,22.0,22.0,22.0,23.0,23.0,23.0,23.0,22.0,21.96969696969697,21.0
02-Oct-2019 10:05:00,19.0,19.0,18.0,18.0,18.0,18.0,17.0,17.0,17.0,18.0,18.0,18.0,17.0,17.0,17.0,18.0,19.0,18.0,18.0,18.0,18.0,18.0,17.0,18.0,22.0,22.0,22.0,23.0,23.0,23.0,23.0,22.0,21.4,20.0
02-Oct-2019 10:06:00,19.0,19.0,18.0,18.0,18.0,18.0,17.0,17.0,17.0,18.0,18.0,18.0,17.0,17.0,17.0,18.0,19.0,18.0,18.0,18.0,18.0,18.0,17.0,18.0,22.0,22.0,22.0,23.0,23.0,23.0,23.0,22.0,22.0,21.0
02-Oct-2019 10:07:00,19.0,19.0,18.0,18.0,18.0,18.0,17.0,17.0,17.0,18.0,18.0,18.0,17.0,17.0,17.0,18.0,19.0,18.0,18.0,18.0,18.0,18.0,17.0,18.0,22.0,22.0,22.0,23.0,23.0,23.0,23.0,22.0,22.0,21.0
02-Oct-2019 10:08:00,19.0,19.0,18.0,18.0,18.0,18.0,17.0,17.0,17.0,18.0,18.0,18.0,17.0,17.0,17.0,18.0,19.0,18.0,18.0,18.0,18.0,18.0,17.0,18.0,22.0,22.0,22.0,23.0,23.0,23.0,23.0,22.0,22.0,20.0
02-Oct-2019 10:09:00,19.0,19.0,18.0,18.0,18.0,18.0,17.0,17.0,17.0,18.0,18.0,18.0,17.0,17.0,17.0,18.0,19.0,18.0,18.0,18.0,18.0,18.0,17.0,18.0,22.0,22.0,22.0,23.0,23.0,23.0,23.0,22.0,22.0,20.0
02-Oct-2019 10:10:00,19.0,19.0,18.0,18.0,18.0,18.0,17.0,17.0,17.0,18.0,18.0,18.0,17.0,17.0,17.0,18.0,19.0,18.0,18.0,18.0,18.0,18.0,17.0,18.0,22.0,22.0,22.0,23.0,23.0,23.0,23.0,22.0,22.0,21.0
02-Oct-2019 10:11:00,19.0,19.0,18.0,18.0,18.0,18.0,17.0,17.0,17.0,18.0,18.0,18.0,17.0,17.0,17.0,18.0,19.0,18.0,18.0,18.0,18.0,18.0,17.0,18.0,22.0,22.0,22.0,23.0,23.0,23.0,23.0,22.0,21.333333333333332,21.0
02-Oct-2019 10:12:00,19.0,19.0,18.0,18.0,18.0,18.0,17.0,17.0,17.0,18.0,18.0,18.0,17.0,17.0,17.0,18.0,19.0,18.0,18.0,18.0,18.0,18.0,17.0,18.0,22.0,22.0,22.0,23.0,23.0,23.0,23.0,22.0,22.0,21.0
02-Oct-2019 10:13:00,19.0,19.0,18.0,18.0,18.0,18.0,17.0,17.0,17.0,18.0,18.0,18.0,17.0,17.0,17.0,18.0,19.0,18.0,18.0,18.0,18.0,18.0,17.0,18.0,22.0,22.0,22.0,23.0,23.0,23.0,23.0,22.0,22.0,20.0
02-Oct-2019 10:14:00,19.0,19.0,18.0,18.0,18.0,18.0,17.0,17.0,17.0,18.0,18.0,18.0,17.0,17.0,17.0,18.0,19.0,18.0,18.0,18.0,18.0,18.0,17.0,18.0,22.0,22.0,22.0,23.0,23.0,23.0,23.0,22.0,22.0,21.0
02-Oct-2019 10:15:00,19.0,19.0,18.0,18.0,18.0,18.0,17.0,17.0,17.0,18.0,18.0,18.0,17.0,17.0,17.0,18.0,19.0,18.0,18.0,18.0,18.0,18.0,17.0,18.0,22.0,22.0,22.0,23.0,23.0,23.0,23.0,22.0,22.0,21.0
02-Oct-2019 10:16:00,19.0,19.0,18.0,18.0,18.0,18.0,17.0,17.0,17.0,18.0,18.0,18.0,17.0,17.0,17.0,18.0,19.0,18.0,18.0,18.0,18.0,18.0,17.0,18.0,22.0,22.0,22.0,23.0,23.0,23.0,23.0,22.0,22.0,21.0
02-Oct-2019 10:17:00,19.0,19.0,18.0,18.0,18.0,18.0,17.0,17.0,17.0,18.0,18.0,18.0,17.0,17.0,17.0,18.0,19.0,18.0,18.0,18.0,18.0,18.0,17.0,18.0,22.0,22.0,22.0,23.0,23.0,22.789473684210527,23.0,22.0,22.0,21.0
02-Oct-2019 10:18:00,19.0,19.0,18.0,18.0,18.0,18.0,17.0,17.0,17.0,18.0,18.0,18.0,17.0,17.0,17.0,18.0,19.0,18.0,18.0,18.0,18.0,18.0,17.0,18.0,22.0,22.0,22.0,23.0,23.0,22.68421052631579,23.0,22.0,22.0,21.0
02-Oct-2019 10:19:00,19.0,19.0,18.0,18.0,18.0,18.0,17.0,17.0,17.0,18.0,18.0,18.0,17.0,17.0,17.0,18.0,19.0,18.0,18.0,18.0,18.0,18.0,17.0,18.0,22.0,22.0,22.0,23.0,23.0,22.210526315789473,23.0,22.0,21.666666666666668,21.0
02-Oct-2019 10:20:00,19.0,19.0,18.0,18.0,18.0,18.0,17.0,17.0,17.0,18.0,18.0,18.0,17.0,17.0,17.0,18.0,19.0,18.0,18.0,18.0,18.0,18.0,17.0,18.0,22.0,22.0,22.0,23.0,23.0,22.31578947368421,23.0,22.0,21.0,21.0
02-Oct-2019 10:21:00,19.0,19.0,18.0,18.0,18.0,18.0,17.0,17.0,17.0,18.0,18.0,18.0,17.0,17.0,17.0,18.0,19.0,18.0,18.0,18.0,18.0,18.0,17.0,18.0,22.0,22.0,22.0,23.0,23.0,23.0,23.0,22.0,21.5,20.0
02-Oct-2019 10:22:00,19.0,19.0,18.0,18.0,18.0,18.0,17.0,17.0,17.0,18.0,18.0,18.0,17.0,17.0,17.0,18.0,19.0,18.0,18.0,18.0,18.0,18.0,17.0,18.0,22.0,22.0,22.0,23.0,23.0,23.0,23.0,22.0,22.0,21.0
02-Oct-2019 10:23:00,19.0,19.0,18.0,18.0,18.0,18.0,17.0,17.0,17.0,18.0,18.0,18.0,17.0,17.0,17.0,18.0,19.0,18.0,18.0,18.0,18.0,18.0,17.0,18.0,22.0,22.0,22.0,23.0,23.0,23.0,23.0,22.0,21.5,21.0
02-Oct-2019 10:24:00,19.0,19.0,18.0,18.0,18.0,18.0,17.0,17.0,17.0,18.0,18.0,18.0,17.0,17.0,17.0,18.0,19.0,18.0,18.0,18.0,18.0,18.0,17.0,18.0,22.0,22.0,22.0,23.0,23.0,23.0,23.0,22.0,21.055555555555557,20.0
02-Oct-2019 10:25:00,19.0,19.0,18.0,18.0,18.0,18.0,17.0,17.0,17.0,18.0,18.0,18.0,17.0,17.0,17.0,18.0,19.0,18.0,18.0,18.0,18.0,18.0,17.0,18.0,22.0,21.789473684210527,22.0,22.394736842105264,23.0,23.0,23.0,22.0,22.0,20.0
02-Oct-2019 10:26:00,19.0,19.0,18.0,18.0,18.0,18.0,17.0,17.0,17.0,18.0,18.0,18.0,17.0,17.0,17.0,18.0,19.0,18.0,18.0,18.0,18.0,18.0,17.0,18.0,22.0,21.68421052631579,22.0,22.289473684210527,23.0,23.0,23.0,22.0,21.058823529411764,20.0
02-Oct-2019 10:27:00,19.0,19.0,18.0,18.0,18.0,18.0,17.0,17.0,17.0,18.0,18.0,18.0,17.0,17.0,17.0,18.0,19.0,18.0,18.0,18.0,18.0,18.0,17.0,18.0,22.0,21.0,22.0,22.0,23.0,23.0,23.0,21.666666666666668,21.6,20.0
02-Oct-2019 10:28:00,19.0,19.0,18.0,18.0,18.0,18.0,17.0,17.0,17.0,18.0,18.0,18.0,17.0,17.0,17.0,18.0,19.0,18.0,18.0,18.0,18.0,18.0,17.0,18.0,22.0,21.0,22.0,22.0,23.0,23.0,23.0,21.057142857142857,21.0,20.0
02-Oct-2019 10:29:00,19.0,19.0,18.0,18.0,18.0,18.0,17.0,17.0,17.0,18.0,18.0,18.0,17.0,17.0,17.0,18.0,19.0,18.0,18.0,18.0,18.0,18.0,17.0,18.0,22.0,21.0,22.0,22.605263157894736,23.0,23.0,23.0,21.75,21.0,20.0
02-Oct-2019 10:30:00,19.0,19.0,18.0,18.0,18.0,18.0,17.0,17.0,17.0,18.0,18.0,18.0,17.0,17.0,17.0,18.0,19.0,18.0,18.0,18.0,18.0,18.0,17.0,18.0,22.0,21.0,22.0,22.710526315789473,23.0,23.0,23.0,21.03030303030303,21.0,20.0
02-Oct-2019 10:31:00,19.0,19.0,18.0,18.0,18.0,18.0,17.0,17.0,17.0,18.0,18.0,18.0,17.0,17.0,17.0,18.0,19.0,18.0,18.0,18.0,18.0,18.0,17.0,18.0,22.0,21.0,22.0,22.394736842105264,23.0,23.0,23.0,21.5,21.0,20.0
02-Oct-2019 10:32:00,19.0,19.0,18.0,18.0,18.0,18.0,17.0,17.0,17.0,18.0,18.0,18.0,17.0,17.0,17.0,18.0,19.0,18.0,18.0,18.0,18.0,18.0,17.0,18.0,22.0,21.0,22.0,22.289473684210527,23.0,23.0,23.0,21.0,21.0,20.0
02-Oct-2019 10:33:00,19.0,19.0,18.0,18.0,18.0,18.0,17.0,17.0,17.0,18.0,18.0,18.0,17.0,17.0,17.0,18.0,19.0,18.0,18.0,18.0,18.0,18.0,17.0,18.0,22.0,21.0,22.0,22.0,23.0,23.0,23.0,21.0,21.0,20.0
02-Oct-2019 10:34:00,19.0,19.0,18.0,18.0,18.0,18.0,17.0,17.0,17.0,18.0,18.0,18.0,17.0,17.0,17.0,18.0,19.0,18.0,18.0,18.0,18.0,18.0,17.0,18.0,22.0,21.0,22.0,22.0,23.0,23.0,23.0,21.029411764705884,21.0,21.0
02-Oct-2019 10:35:00,19.0,19.0,18.0,18.0,18.0,18.0,17.0,17.0,17.0,18.0,18.0,18.0,17.0,17.0,17.0,18.0,19.0,18.0,18.0,18.0,18.0,18.0,17.0,18.0,22.0,21.210526315789473,22.0,22.605263157894736,23.0,23.0,23.0,22.0,21.333333333333332,21.0
02-Oct-2019 10:36:00,19.0,19.0,18.0,18.0,18.0,18.0,17.0,17.0,17.0,18.0,18.0,18.0,17.0,17.0,17.0,18.0,19.0,18.0,18.0,18.0,18.0,18.0,17.0,18.0,22.0,21.31578947368421,22.0,22.710526315789473,23.0,23.0,23.0,22.0,22.0,21.0
02-Oct-2019 10:37:00,19.0,19.0,18.0,18.0,18.0,18.0,17.0,17.0,17.0,18.0,18.0,18.0,17.0,17.0,17.0,18.0,19.0,18.0,18.0,18.0,18.0,18.0,17.0,18.0,22.0,22.0,22.0,23.0,23.0,23.0,23.0,22.0,22.0,21.0
02-Oct-2019 10:38:00,19.0,19.0,18.0,18.0,18.0,18.0,17.0,17.0,17.0,18.0,18.0,18.0,17.0,17.0,17.0,18.0,19.0,18.0,18.0,18.0,18.0,18.0,17.0,18.0,22.0,22.0,22.0,23.0,23.0,23.0,23.0,22.0,21.96969696969697,21.0
02-Oct-2019 10:39:00,19.0,19.0,18.157894736842106,18.0,18.0,18.0,17.0,17.0,17.0,18.0,18.0,18.0,17.0,17.0,17.0,18.0,19.0,18.0,18.0,18.0,18.0,18.0,17.0,18.0,22.0,22.0,22.0,23.0,23.0,23.0,23.0,22.0,21.5,21.0
02-Oct-2019 10:40:00,19.0,19.0,18.263157894736842,18.0,18.0,18.0,17.0,17.0,17.0,18.0,18.0,18.0,17.0,17.0,17.0,18.0,19.0,18.0,18.0,18.0,18.0,18.0,17.0,18.0,22.0,22.0,22.0,23.0,23.0,23.0,23.0,22.0,21.944444444444443,20.0
02-Oct-2019 10:41:00,19.0,19.0,18.842105263157894,18.0,18.0,18.0,17.0,17.0,17.0,18.0,18.0,18.0,17.0,17.0,17.0,18.0,19.0,18.0,18.0,18.0,18.0,18.0,17.0,18.0,22.0,22.0,22.0,23.0,23.0,23.0,23.0,21.5,21.0,20.0
02-Oct-2019 10:42:00,19.0,19.0,18.736842105263158,18.0,18.0,18.0,17.0,17.0,17.0,18.0,18.0,18.0,17.0,17.0,17.0,18.0,19.0,18.0,18.0,18.0,18.0,18.0,17.0,18.0,22.0,22.0,22.0,23.0,23.0,23.0,23.0,21.058823529411764,21.029411764705884,20.0
02-Oct-2019 10:43:00,19.0,19.0,18.0,18.0,18.0,18.0,17.0,17.0,17.0,18.0,18.0,18.0,17.0,17.0,17.0,18.0,19.0,18.0,18.0,18.0,18.0,18.0,17.0,18.0,22.0,22.0,22.0,23.0,23.0,23.0,23.0,22.0,22.0,21.0
02-Oct-2019 10:44:00,19.0,19.0,18.0,18.0,18.0,18.0,17.0,17.0,17.0,18.0,18.0,18.0,17.0,17.0,17.0,18.0,19.0,18.0,18.0,18.0,18.0,18.0,17.0,18.0,22.0,22.0,22.0,23.0,23.0,23.0,23.0,22.0,22.0,21.0
02-Oct-2019 10:45:00,19.0,19.0,18.0,18.0,18.81578947368421,18.0,17.0,17.0,17.0,18.0,18.0,18.0,17.0,17.0,17.0,18.526315789473685,19.0,18.0,18.0,18.0,18.0,18.0,17.0,18.0,22.0,21.789473684210527,22.0,23.0,23.0,23.0,23.0,22.0,22.0,21.0
02-Oct-2019 10:46:00,19.0,19.0,18.0,18.0,18.92105263157895,18.0,17.0,17.0,17.0,18.0,18.0,18.0,17.0,17.0,17.0,18.63157894736842,19.0,18.0,18.0,18.0,18.0,18.0,17.0,18.0,22.0,21.68421052631579,22.0,23.0,23.0,23.0,23.0,22.0,22.0,21.0
02-Oct-2019 10:47:00,19.0,19.0,18.0,18.0,19.0,18.0,17.0,17.0,17.0,18.0,18.0,18.0,17.0,17.0,17.0,19.0,19.0,18.0,18.0,18.0,18.0,18.0,17.0,18.0,22.0,21.0,22.0,23.0,23.0,23.0,23.0,22.0,21.666666666666668,21.0
02-Oct-2019 10:48:00,19.0,19.0,18.0,18.0,19.0,18.0,17.0,17.0,17.0,18.0,18.0,18.0,17.0,17.0,17.0,19.0,19.0,18.0,18.0,18.0,18.0,18.0,17.0,18.0,22.0,21.0,22.0,23.0,23.0,23.0,23.0,22.0,21.0,21.0
02-Oct-2019 10:49:00,19.0,19.0,18.0,18.0,19.0,18.0,17.0,17.0,17.0,18.0,18.0,18.0,17.0,17.0,17.0,19.0,19.0,18.0,18.0,18.0,18.0,18.0,17.0,18.0,22.0,21.0,22.0,22.394736842105264,23.0,23.0,23.0,22.0,21.0,20.0
02-Oct-2019 10:50:00,19.0,19.0,18.0,18.0,19.0,18.0,17.0,17.0,17.0,18.0,18.0,18.0,17.0,17.0,17.0,19.0,19.0,18.0,18.0,18.0,18.0,18.0,17.0,18.0,22.0,21.0,22.0,22.289473684210527,23.0,23.0,23.0,22.0,21.0,20.0
02-Oct-2019 10:51:00,19.0,19.0,18.0,18.0,19.0,18.0,17.0,17.0,17.0,18.0,18.0,18.0,17.0,17.36842105263158,17.0,19.0,19.0,18.0,18.0,18.0,18.0,18.0,17.0,18.0,22.0,21.0,22.0,22.0,23.0,23.0,23.0,22.0,21.333333333333332,20.0
02-Oct-2019 10:52:00,19.0,19.0,18.0,18.0,19.0,18.0,17.0,17.0,17.0,18.0,18.0,18.0,17.0,17.473684210526315,17.0,19.0,19.0,18.0,18.0,18.0,18.0,18.0,17.0,18.0,22.0,21.0,22.0,22.0,23.0,23.0,23.0,22.0,22.0,20.0
02-Oct-2019 10:53:00,19.0,19.0,18.16216216216216,18.0,19.0,18.0,17.0,17.0,17.0,18.0,18.0,18.0,17.657894736842106,18.0,17.0,19.0,19.0,18.0,18.0,18.0,18.0,18.0,17.0,18.0,22.0,21.0,21.55263157894737,22.0,23.0,23.0,23.0,22.0,22.0,20.8
02-Oct-2019 10:54:00,19.0,19.0,18.27027027027027,18.0,19.0,18.0,17.0,17.0,17.0,18.0,18.0,18.0,17.763157894736842,18.0,17.0,19.0,19.0,18.0,18.0,18.0,18.0,18.0,17.0,18.0,22.0,21.0,21.44736842105263,22.0,23.0,23.0,23.0,22.0,21.057142857142857,20.0
02-Oct-2019 10:55:00,19.0,19.0,19.0,18.0,19.0,18.0,17.0,17.0,17.486486486486488,18.0,18.0,18.0,18.0,18.0,17.0,19.0,19.0,18.0,18.62162162162162,18.0,18.0,18.0,17.18421052631579,18.0,22.0,21.0,21.0,22.0,23.0,23.0,23.0,22.0,22.0,21.0
02-Oct-2019 10:56:00,19.0,19.0,19.0,18.0,19.0,18.0,17.0,17.0,17.594594594594593,18.0,18.0,18.0,18.0,18.0,17.0,19.0,19.0,18.0,18.72972972972973,18.0,18.0,18.0,17.289473684210527,18.0,22.0,21.0,21.0,22.0,23.0,23.0,23.0,22.0,21.970588235294116,21.0
02-Oct-2019 10:57:00,19.684210526315788,19.0,19.0,18.0,19.0,18.0,17.0,17.0,18.0,18.0,18.0,18.0,18.0,18.0,17.0,19.0,19.0,18.0,19.0,18.0,18.0,18.0,18.0,18.0,22.0,21.0,21.0,22.0,23.0,23.0,23.0,22.0,21.0,20.0
02-Oct-2019 10:58:00,19.789473684210527,19.0,19.0,18.0,19.0,18.0,17.0,17.0,18.0,18.0,18.0,18.0,18.0,18.0,17.0,19.0,19.0,18.0,19.0,18.0,18.0,18.0,18.0,18.0,22.0,21.0,21.0,22.0,23.0,23.0,23.0,22.0,21.0,20.0
02-Oct-2019 10:59:00,20.0,19.0,19.0,18.0,19.0,18.0,17.0,17.0,18.0,18.0,18.0,18.0,18.0,18.0,17.0,19.0,19.0,18.0,19.0,18.0,18.0,18.0,18.0,18.0,22.0,21.0,21.0,22.0,23.0,23.0,23.0,22.0,21.0,20.0
02-Oct-2019 11:00:00,20.0,19.0,19.0,18.0,19.0,18.0,17.0,17.0,18.0,18.0,18.0,18.0,18.0,18.0,17.0,19.0,19.0,18.0,19.0,18.0,18.0,18.0,18.0,18.0,22.0,21.0,21.0,22.0,23.0,23.0,23.0,22.0,21.02857142857143,20.0
02-Oct-2019 11:01:00,19.315789473684212,19.0,19.0,18.0,19.0,18.0,17.0,17.0,18.0,18.0,18.0,18.0,18.0,18.0,17.0,19.0,19.0,18.0,19.0,18.0,18.0,18.0,18.0,18.0,22.0,21.0,21.0,22.0,23.0,23.0,23.0,22.0,22.0,21.0
02-Oct-2019 11:02:00,19.210526315789473,19.0,19.0,18.0,19.0,18.0,17.0,17.0,18.0,18.0,18.0,18.0,18.0,18.0,17.0,19.0,19.0,18.0,19.0,18.0,18.0,18.0,18.0,18.0,22.0,21.0,21.0,22.0,23.0,23.0,23.0,22.0,22.0,21.0
02-Oct-2019 11:03:00,19.684210526315788,19.0,19.0,18.0,19.0,18.0,17.0,17.0,18.0,18.0,18.0,18.0,18.0,18.0,17.0,19.0,19.0,18.0,19.0,18.0,18.0,18.0,18.0,18.0,22.0,21.0,21.0,22.0,23.0,23.0,23.0,22.0,22.0,21.0
02-Oct-2019 11:04:00,19.789473684210527,19.0,19.0,18.0,19.0,18.0,17.0,17.0,18.0,18.0,18.0,18.0,18.0,18.0,17.0,19.0,19.0,18.0,19.0,18.0,18.0,18.0,18.0,18.0,22.0,21.0,21.0,22.0,23.0,23.0,23.0,22.0,22.0,21.0
02-Oct-2019 11:05:00,20.0,19.0,19.0,18.0,19.0,18.0,17.0,17.0,18.0,18.0,18.0,18.0,18.0,18.0,17.0,19.0,19.0,18.0,19.0,18.0,18.0,18.42105263157895,18.0,18.0,22.0,21.0,21.0,22.0,23.0,23.0,23.0,22.0,22.0,21.0
02-Oct-2019 11:06:00,20.0,19.0,19.0,18.0,19.0,18.0,17.0,17.0,18.0,18.0,18.0,18.0,18.0,18.0,17.0,19.0,19.0,18.0,19.0,18.0,18.0,18.526315789473685,18.0,18.0,22.0,21.0,21.0,22.0,23.0,23.0,23.0,22.0,22.0,21.0
02-Oct-2019 11:07:00,20.0,19.0,19.0,18.0,19.0,18.0,17.0,17.0,18.0,18.0,18.0,18.0,18.0,18.0,17.0,19.0,19.0,18.0,19.0,18.0,18.0,19.0,18.0,18.0,22.0,20.763157894736842,21.0,22.0,23.0,23.0,23.0,22.0,21.666666666666668,21.0
02-Oct-2019 11:08:00,20.0,19.0,19.0,18.0,19.0,18.0,17.0,17.0,18.0,18.0,18.0,18.0,18.0,18.0,17.0,19.0,19.0,18.0,19.0,18.0,18.0,19.0,18.0,18.0,22.0,20.657894736842106,21.0,22.0,23.0,23.0,23.0,22.0,21.057142857142857,21.0
02-Oct-2019 11:09:00,20.0,19.0,19.0,18.0,19.0,18.0,17.0,17.0,18.0,18.0,18.0,18.0,18.0,18.0,17.0,19.0,19.0,18.0,19.0,18.0,18.0,19.0,18.0,18.0,22.0,20.0,21.0,22.0,23.0,23.0,23.0,22.0,22.0,21.0
02-Oct-2019 11:10:00,20.0,19.0,19.0,18.0,19.0,18.0,17.0,17.0,18.0,18.0,18.0,18.0,18.0,18.0,17.0,19.0,19.0,18.0,19.0,18.0,18.0,19.0,18.0,18.0,22.0,20.0,21.0,22.0,23.0,23.0,23.0,22.0,22.0,21.0
02-Oct-2019 11:11:00,20.0,19.0,19.0,18.0,19.0,18.0,17.0,17.0,18.0,18.0,18.0,18.0,18.0,18.0,17.0,19.0,19.805555555555557,18.0,19.0,18.0,18.0,19.0,18.0,18.0,22.0,20.0,21.0,22.0,23.0,23.0,23.0,22.0,22.0,21.0
02-Oct-2019 11:12:00,20.0,19.0,19.0,18.0,19.0,18.0,17.0,17.0,18.0,18.0,18.0,18.0,18.0,18.0,17.0,19.0,19.88888888888889,18.0,19.0,18.0,18.0,19.0,18.0,18.0,22.0,20.0,21.0,22.0,23.0,23.0,23.0,22.0,22.0,21.0
02-Oct-2019 11:13:00,20.0,19.0,19.0,18.0,19.0,18.0,17.0,17.0,18.0,18.0,18.0,18.0,18.0,18.0,17.0,19.0,19.216216216216218,18.0,19.0,18.0,18.0,19.0,18.0,18.0,22.0,20.0,21.0,22.0,23.0,23.0,23.0,22.0,22.0,21.0
02-Oct-2019 11:14:00,20.0,19.0,19.0,18.0,19.0,18.0,17.0,17.0,18.0,18.0,18.0,18.0,18.0,18.0,17.0,19.0,19.10810810810811,18.0,19.0,18.0,18.0,19.0,18.0,18.0,22.0,20.0,21.0,22.0,23.0,23.0,23.0,22.0,21.96969696969697,21.0
02-Oct-2019 11:15:00,20.0,19.0,19.0,18.0,19.0,18.0,17.0,17.0,18.0,18.0,18.0,18.0,18.0,18.0,17.0,19.0,19.789473684210527,18.0,19.0,18.0,18.0,19.0,18.0,18.0,22.0,20.0,21.0,22.0,23.0,23.0,23.0,22.0,21.5,21.0
02-Oct-2019 11:16:00,20.0,19.0,19.0,18.0,19.0,18.0,17.0,17.0,18.0,18.0,18.0,18.0,18.0,18.0,17.0,19.0,19.894736842105264,18.0,19.0,18.0,18.0,19.0,18.0,18.0,22.0,20.0,21.0,22.0,23.0,23.0,23.0,22.0,22.0,21.0
02-Oct-2019 11:17:00,20.0,19.0,19.0,18.0,19.0,18.0,17.0,17.0,18.0,18.0,18.0,18.0,18.0,18.0,17.0,19.0,20.0,18.0,19.0,18.0,18.0,19.0,18.0,18.0,22.0,20.0,21.0,22.0,23.0,23.0,23.0,21.6,22.0,21.0
02-Oct-2019 11:18:00,20.0,19.0,19.0,18.0,19.0,18.0,17.0,17.0,18.0,18.0,18.0,18.0,18.0,18.0,17.0,19.0,20.0,18.0,19.0,18.0,18.0,19.0,18.0,18.0,22.0,20.0,21.0,22.0,23.0,23.0,23.0,21.03030303030303,22.0,21.0
02-Oct-2019 11:19:00,20.0,19.0,19.0,18.0,19.0,18.0,17.0,17.0,18.0,18.0,18.0,18.0,18.0,18.0,17.0,19.0,20.0,18.0,19.0,18.342105263157894,18.0,19.0,18.0,18.0,22.0,20.0,21.0,22.0,23.0,23.0,23.0,22.0,22.0,21.0
02-Oct-2019 11:20:00,20.0,19.0,19.0,18.0,19.0,18.0,17.0,17.0,18.0,18.0,18.0,18.0,18.0,18.0,17.0,19.0,20.0,18.0,19.0,18.44736842105263,18.0,19.0,18.0,18.0,22.0,20.0,21.0,22.0,23.0,23.0,23.0,22.0,22.0,21.0
02-Oct-2019 11:21:00,20.0,19.0,19.0,18.0,19.0,18.0,17.0,17.0,18.0,18.0,18.0,18.0,18.0,18.0,17.0,19.0,20.0,18.0,19.0,19.0,18.0,19.0,18.0,18.0,22.0,20.0,21.0,22.0,23.0,23.0,23.0,21.5,22.0,20.75
02-Oct-2019 11:22:00,20.0,19.0,19.0,18.0,19.0,18.0,17.0,17.0,18.0,18.0,18.0,18.0,18.0,18.0,17.0,19.0,20.0,18.0,19.0,19.0,18.0,19.0,18.0,18.0,22.0,20.0,21.0,22.0,23.0,23.0,23.0,21.0,21.0,20.029411764705884
02-Oct-2019 11:23:00,20.0,19.0,19.0,18.0,19.0,18.0,17.0,17.0,18.0,18.0,18.0,18.0,18.0,18.0,17.0,19.0,20.0,18.0,19.0,19.0,18.0,19.0,18.0,18.0,22.0,20.0,21.0,22.0,23.0,23.0,23.0,21.5,21.0,20.75
02-Oct-2019 11:24:00,20.0,19.0,19.0,18.0,19.0,18.0,17.0,17.0,18.0,18.0,18.0,18.0,18.0,18.0,17.0,19.0,20.0,18.0,19.0,19.0,18.0,19.0,18.0,18.0,22.0,20.0,21.0,22.0,23.0,23.0,23.0,22.0,21.0,20.0
02-Oct-2019 11:25:00,20.0,19.0,19.0,18.0,19.0,18.0,17.0,17.0,18.0,18.0,18.0,18.0,18.0,18.0,17.0,19.0,20.0,18.763157894736842,19.0,19.0,18.0,19.0,18.0,18.0,22.0,20.0,21.0,22.0,23.0,23.0,23.0,22.0,21.0,20.2
02-Oct-2019 11:26:00,20.0,19.0,19.0,18.0,19.0,18.0,17.0,17.0,18.0,18.0,18.0,18.0,18.0,18.0,17.0,19.0,20.0,18.86842105263158,19.0,19.0,18.0,19.0,18.0,18.0,22.0,20.0,21.0,22.0,23.0,23.0,23.0,22.0,22.0,21.0
02-Oct-2019 11:27:00,20.0,19.0,19.0,18.0,19.0,18.0,17.0,17.0,18.0,18.0,18.0,18.0,18.0,18.0,17.0,19.0,20.0,19.0,19.0,19.0,18.684210526315788,19.0,18.0,18.0,22.0,20.0,21.0,22.0,23.0,23.0,23.0,22.0,22.0,21.0
02-Oct-2019 11:28:00,20.0,19.0,19.0,18.0,19.0,18.0,17.0,17.0,18.0,18.0,18.0,18.0,18.0,18.0,17.0,19.0,20.0,19.0,19.0,19.0,18.789473684210527,19.0,18.0,18.0,22.0,20.0,21.0,22.0,23.0,23.0,23.0,22.0,22.0,21.0
02-Oct-2019 11:29:00,20.0,19.0,19.0,18.0,19.0,18.0,17.0,17.0,18.0,18.0,18.0,18.0,18.0,18.0,17.0,19.0,20.0,18.236842105263158,19.0,19.0,18.315789473684212,19.0,18.0,18.0,22.0,20.0,21.0,22.0,23.0,23.0,23.0,22.0,22.0,21.0
02-Oct-2019 11:30:00,20.0,19.0,19.0,18.0,19.0,18.0,17.0,17.0,18.0,18.0,18.0,18.0,18.0,18.0,17.0,19.0,20.0,18.13157894736842,19.0,19.0,18.210526315789473,19.0,18.0,18.0,22.0,20.0,21.0,22.0,23.0,23.0,23.0,22.0,22.0,21.0
02-Oct-2019 11:31:00,20.0,19.0,19.0,18.0,19.0,18.0,17.0,17.0,18.0,18.0,18.0,18.0,18.0,18.0,17.0,19.0,20.0,18.0,19.0,18.657894736842106,18.0,19.0,18.0,18.0,22.0,20.0,21.0,22.0,23.0,23.0,23.0,22.0,22.0,21.0
02-Oct-2019 11:32:00,20.0,19.0,19.0,18.0,19.0,18.0,17.0,17.0,18.0,18.0,18.0,18.0,18.0,18.0,17.0,19.0,20.0,18.0,19.0,18.55263157894737,18.0,19.0,18.0,18.0,22.0,20.0,21.0,22.0,23.0,23.0,23.0,22.0,22.0,21.0
02-Oct-2019 11:33:00,19.315789473684212,19.0,19.0,18.0,19.0,18.0,17.0,17.0,18.0,18.0,18.0,18.0,18.0,18.0,17.0,19.0,20.0,18.0,19.0,18.0,18.0,19.0,18.0,18.0,22.0,20.0,21.0,22.0,23.0,23.0,23.0,22.0,22.0,21.0
02-Oct-2019 11:34:00,19.210526315789473,19.0,19.0,18.0,19.0,18.0,17.0,17.0,18.0,18.0,18.0,18.0,18.0,18.0,17.0,19.0,20.0,18.0,19.0,18.0,18.0,19.0,18.0,18.0,22.0,20.0,21.0,22.0,23.0,23.0,23.0,22.0,22.0,21.0
02-Oct-2019 11:35:00,19.684210526315788,19.0,19.0,18.0,19.0,18.0,17.0,17.0,18.0,18.0,18.0,18.0,18.0,18.0,17.0,19.0,20.0,18.0,19.0,18.0,18.0,19.0,18.0,18.0,22.0,20.0,21.0,22.0,23.0,23.0,23.0,22.0,22.0,21.0
02-Oct-2019 11:36:00,19.789473684210527,19.0,19.0,18.0,19.0,18.0,17.0,17.0,18.0,18.0,18.0,18.0,18.0,18.0,17.0,19.0,20.0,18.0,19.0,18.0,18.0,19.0,18.0,18.0,22.0,20.0,21.0,22.0,23.0,23.0,23.0,22.0,22.0,21.0
02-Oct-2019 11:37:00,20.0,19.0,19.0,18.0,19.0,18.0,17.0,17.0,18.0,18.0,18.0,18.0,18.0,18.0,17.0,19.0,20.0,18.0,19.0,18.342105263157894,18.0,19.0,18.0,18.0,22.0,20.0,21.0,22.0,23.0,23.0,23.0,22.0,22.0,21.0
02-Oct-2019 11:38:00,20.0,19.0,19.0,18.0,19.0,18.0,17.0,17.0,18.0,18.0,18.0,18.0,18.0,18.0,17.0,19.0,20.0,18.0,19.0,18.44736842105263,18.0,19.0,18.0,18.0,22.0,20.0,21.0,22.0,23.0,23.0,23.0,22.0,22.0,21.0
02-Oct-2019 11:39:00,20.0,19.0,19.0,18.0,19.0,18.0,17.0,17.0,18.0,18.0,18.0,18.0,18.0,18.0,17.0,19.0,20.0,18.0,19.0,19.0,18.0,19.0,18.0,18.0,22.0,20.0,21.0,22.0,23.0,23.0,23.0,22.0,22.0,21.0
02-Oct-2019 11:40:00,20.0,19.0,19.0,18.0,19.0,18.0,17.0,17.0,18.0,18.0,18.0,18.0,18.0,18.0,17.0,19.0,20.0,18.0,19.0,19.0,18.0,19.0,18.0,18.0,22.0,20.0,21.0,22.0,23.0,23.0,23.0,22.0,22.0,21.0
02-Oct-2019 11:41:00,20.0,19.0,19.0,18.0,19.0,18.0,17.0,17.0,18.0,18.0,18.0,18.0,18.0,18.0,17.0,19.0,20.0,18.763157894736842,19.0,19.0,18.0,19.0,18.0,18.0,22.0,20.0,21.0,22.0,23.0,23.0,23.0,22.0,22.0,21.0
02-Oct-2019 11:42:00,20.0,19.0,19.0,18.0,19.0,18.0,17.0,17.0,18.0,18.0,18.0,18.0,18.0,18.0,17.0,19.0,20.0,18.86842105263158,19.0,19.0,18.0,19.0,18.0,18.0,22.0,20.0,21.0,22.0,23.0,23.0,23.0,22.0,22.0,21.0
02-Oct-2019 11:43:00,20.0,19.0,19.0,18.0,19.0,18.0,17.0,17.0,18.0,18.0,18.0,18.0,18.0,18.0,17.0,19.0,20.0,19.0,19.0,19.0,18.710526315789473,19.0,18.0,18.0,22.0,20.0,21.0,22.0,23.0,23.0,23.0,22.0,22.0,21.0
02-Oct-2019 11:44:00,20.0,19.0,19.0,18.0,19.0,18.0,17.0,17.0,18.0,18.0,18.0,18.0,18.0,18.0,17.0,19.0,20.0,19.0,19.0,19.0,18.81578947368421,19.0,18.0,18.0,22.0,20.0,21.0,22.0,23.0,23.0,23.0,22.0,22.0,21.0
02-Oct-2019 11:45:00,20.0,19.0,19.0,18.0,19.0,18.0,17.0,17.0,18.0,18.0,18.0,18.0,18.0,18.0,17.0,19.0,20.0,19.0,19.0,19.0,19.0,19.0,18.0,18.0,22.0,20.0,21.0,22.0,23.0,23.0,23.0,22.0,22.0,21.0
02-Oct-2019 11:46:00,20.0,19.0,19.0,18.0,19.0,18.0,17.0,17.0,18.0,18.0,18.0,18.0,18.0,18.0,17.0,19.0,20.0,19.0,19.0,19.0,19.0,19.0,18.0,18.0,22.0,20.0,21.0,22.0,23.0,23.0,23.0,22.0,22.0,21.0
02-Oct-2019 11:47:00,20.0,19.0,19.0,18.0,19.0,18.0,17.0,17.0,18.0,18.0,18.0,18.0,18.0,18.0,17.0,19.0,20.0,18.236842105263158,19.0,19.0,18.289473684210527,19.0,18.0,18.0,22.0,20.0,21.0,22.0,23.0,23.0,23.0,22.0,22.0,21.0
02-Oct-2019 11:48:00,20.0,19.0,19.0,18.0,19.0,18.0,17.0,17.0,18.0,18.0,18.0,18.0,18.0,18.0,17.0,19.0,20.0,18.13157894736842,19.0,19.0,18.18421052631579,19.0,18.0,18.0,22.0,20.0,21.0,22.0,23.0,23.0,23.0,22.0,22.0,21.0
02-Oct-2019 11:49:00,20.0,19.0,19.0,18.0,19.0,18.0,17.0,17.0,18.0,18.0,18.0,18.0,18.0,18.0,17.0,19.0,20.0,18.0,19.0,18.657894736842106,18.0,19.0,18.0,18.0,22.0,20.0,21.0,22.0,23.0,23.0,23.0,22.0,22.0,21.0
02-Oct-2019 11:50:00,20.0,19.0,19.0,18.0,19.0,18.0,17.0,17.0,18.0,18.0,18.0,18.0,18.0,18.0,17.0,19.0,20.0,18.0,19.0,18.55263157894737,18.0,19.0,18.0,18.0,22.0,20.0,21.0,22.0,23.0,23.0,23.0,22.0,22.0,21.0
02-Oct-2019 11:51:00,20.0,19.0,19.0,18.0,19.0,18.0,17.0,17.0,18.0,18.0,18.0,18.0,18.0,18.0,17.0,19.0,20.0,18.0,19.0,18.0,18.0,19.0,18.0,18.0,22.0,20.0,21.0,22.0,23.0,23.0,23.0,22.0,22.0,21.0
02-Oct-2019 11:52:00,20.0,19.0,19.0,18.0,19.0,18.0,17.0,17.0,18.0,18.0,18.0,18.0,18.0,18.0,17.0,19.0,20.0,18.0,19.0,18.0,18.0,19.0,18.0,18.0,22.0,20.0,21.0,22.0,23.0,23.0,23.0,22.0,22.0,21.0
02-Oct-2019 11:53:00,20.0,19.0,19.0,18.0,19.0,18.0,17.0,17.0,18.0,18.0,18.0,18.0,18.0,18.0,17.0,19.0,20.0,18.0,19.0,18.342105263157894,18.0,19.0,18.0,18.0,22.0,20.0,21.0,22.0,23.0,23.0,23.0,22.0,21.5,21.0
02-Oct-2019 11:54:00,20.0,19.0,19.0,18.0,19.0,18.0,17.0,17.0,18.0,18.0,18.0,18.0,18.0,18.0,17.0,19.0,20.0,18.0,19.0,18.44736842105263,18.0,19.0,18.0,18.0,22.0,20.0,21.0,22.0,23.0,23.0,23.0,22.0,21.0,21.0
02-Oct-2019 11:55:00,20.0,19.0,19.0,18.0,19.0,18.0,17.105263157894736,17.0,18.0,18.0,18.0,18.0,18.0,18.0,17.394736842105264,19.0,20.0,18.763157894736842,19.0,19.0,18.710526315789473,19.0,18.0,18.0,22.0,20.0,21.0,22.0,23.0,23.0,23.0,22.0,21.333333333333332,20.0
02-Oct-2019 11:56:00,20.0,19.0,19.0,18.0,19.0,18.0,17.210526315789473,17.0,18.0,18.0,18.0,18.0,18.0,18.0,17.5,19.0,20.0,18.86842105263158,19.0,19.0,18.81578947368421,19.0,18.0,18.0,22.0,20.0,21.0,22.0,23.0,23.0,23.0,22.0,22.0,21.0
02-Oct-2019 11:57:00,20.0,19.57894736842105,19.0,18.842105263157894,19.0,18.0,18.0,17.473684210526315,18.0,18.0,18.55263157894737,18.289473684210527,18.0,18.0,18.0,19.0,20.0,19.0,19.0,19.0,19.0,19.0,18.0,18.0,22.0,20.0,21.0,22.0,22.736842105263158,23.0,23.0,22.0,22.0,21.0
02-Oct-2019 11:58:00,20.0,19.684210526315788,19.0,18.94736842105263,19.0,18.0,18.0,17.57894736842105,18.0,18.0,18.657894736842106,18.394736842105264,18.0,18.0,18.0,19.0,20.0,19.0,19.0,19.0,19.0,19.0,18.0,18.0,22.0,20.0,21.0,22.0,22.63157894736842,23.0,23.0,22.0,22.0,21.0
02-Oct-2019 11:59:00,20.0,20.0,19.0,19.0,19.0,18.86842105263158,18.0,18.0,18.0,18.0,19.0,19.0,18.0,18.0,18.0,19.0,20.0,19.0,19.0,19.0,19.0,19.0,18.0,18.31578947368421,22.0,20.0,21.0,22.0,22.0,23.0,23.0,22.0,22.0,21.0
02-Oct-2019 12:00:00,20.0,20.0,19.0,19.0,19.0,18.973684210526315,18.0,18.0,18.0,18.0,19.0,19.0,18.0,18.0,18.0,19.0,20.0,19.0,19.0,19.0,19.0,19.0,18.0,18.42105263157895,22.0,20.0,21.0,22.0,22.0,23.0,23.0,22.0,22.0,21.0
02-Oct-2019 12:01:00,20.0,20.0,19.0,19.0,19.0,19.0,18.0,18.0,18.0,18.736842105263158,19.0,19.0,18.0,18.0,18.0,19.0,20.0,19.0,19.0,19.0,19.0,19.0,18.0,19.0,22.0,20.0,21.0,22.0,22.0,23.0,23.0,22.0,22.0,21.0
02-Oct-2019 12:02:00,20.0,20.0,19.0,19.0,19.0,19.0,18.0,18.0,18.0,18.842105263157894,19.0,19.0,18.0,18.0,18.0,19.0,20.0,19.0,19.0,19.0,19.0,19.0,18.0,19.0,22.0,20.0,21.0,22.0,22.0,23.0,23.0,22.0,22.0,21.0
02-Oct-2019 12:03:00,20.0,20.0,19.0,19.0,19.81578947368421,19.0,18.0,18.0,18.0,19.0,19.0,19.0,18.0,18.0,18.0,19.526315789473685,20.0,19.0,19.0,19.0,19.0,19.0,18.18421052631579,19.0,22.0,20.0,21.0,22.0,22.0,23.0,23.0,22.0,22.0,21.0
02-Oct-2019 12:04:00,20.0,20.0,19.0,19.0,19.92105263157895,19.0,18.0,18.0,18.0,19.0,19.0,19.0,18.0,18.0,18.0,19.63157894736842,20.0,19.0,19.0,19.0,19.0,19.0,18.289473684210527,19.0,22.0,20.0,21.0,22.0,22.0,23.0,23.0,22.0,22.0,21.0
02-Oct-2019 12:05:00,20.0,20.0,19.0,19.0,20.0,19.0,18.0,18.0,18.0,19.0,19.0,19.0,18.0,18.36842105263158,18.0,20.0,20.0,19.0,19.0,19.0,19.0,19.42105263157895,19.0,19.0,22.0,20.0,20.55263157894737,22.0,22.0,22.789473684210527,23.0,22.0,22.0,21.0
02-Oct-2019 12:06:00,20.0,20.0,19.0,19.0,20.0,19.0,18.0,18.0,18.0,19.0,19.0,19.0,18.0,18.473684210526315,18.0,20.0,20.0,19.0,19.0,19.0,19.0,19.526315789473685,19.0,19.0,22.0,20.0,20.44736842105263,22.0,22.0,22.68421052631579,23.0,22.0,22.0,21.0
02-Oct-2019 12:07:00,20.0,20.0,19.157894736842106,19.0,20.0,19.0,18.0,18.0,18.0,19.0,19.0,19.0,18.657894736842106,19.0,18.0,20.0,20.0,19.0,19.63157894736842,19.342105263157894,19.0,20.0,19.0,19.0,22.0,20.0,20.0,22.0,22.0,22.0,23.0,22.0,22.0,21.0
02-Oct-2019 12:08:00,20.0,20.0,19.263157894736842,19.0,20.0,19.0,18.0,18.0,18.0,19.0,19.0,19.0,18.763157894736842,19.0,18.0,20.0,20.0,19.0,19.736842105263158,19.44736842105263,19.0,20.0,19.0,19.0,22.0,20.0,20.0,22.0,22.0,22.0,23.0,22.0,22.0,21.0
02-Oct-2019 12:09:00,20.0,20.0,20.0,19.0,20.0,19.0,18.0,18.0,18.0,19.0,19.0,19.0,19.0,19.0,18.0,20.0,20.0,19.0,20.0,20.0,19.0,20.0,19.0,19.0,22.0,20.0,20.0,22.0,22.0,22.0,23.0,22.0,22.0,21.0
02-Oct-2019 12:10:00,20.0,20.0,20.0,19.0,20.0,19.0,18.0,18.0,18.0,19.0,19.0,19.0,19.0,19.0,18.0,20.0,20.0,19.0,20.0,20.0,19.0,20.0,19.0,19.0,22.0,20.0,20.0,22.0,22.0,22.0,23.0,22.0,22.0,21.0
02-Oct-2019 12:11:00,20.0,20.0,20.0,19.0,20.0,19.0,18.0,18.0,18.0,19.0,19.0,19.0,19.0,19.0,18.0,20.0,20.0,19.0,20.0,20.0,19.72222222222222,20.0,19.0,19.0,22.11111111111111,20.0,20.0,22.0,21.75,22.0,23.0,22.0,22.0,21.0
02-Oct-2019 12:12:00,20.0,20.0,20.0,19.0,20.0,19.0,18.0,18.0,18.0,19.0,19.0,19.0,19.0,19.0,18.0,20.0,20.0,19.0,20.0,20.0,19.805555555555557,20.0,19.0,19.0,22.194444444444443,20.0,20.0,22.0,21.666666666666668,22.0,23.0,22.0,22.0,21.0
02-Oct-2019 12:13:00,20.0,20.0,20.0,19.0,20.0,19.0,18.0,18.0,18.0,19.0,19.513513513513512,19.0,19.0,19.0,18.0,20.0,20.783783783783782,19.0,20.0,20.0,20.0,20.0,19.0,19.0,23.0,20.0,20.0,22.0,21.243243243243242,22.0,23.0,22.0,22.0,22.0
02-Oct-2019 12:14:00,20.0,20.0,20.0,19.0,20.0,19.0,18.0,18.0,18.0,19.0,19.62162162162162,19.0,19.0,19.0,18.0,20.0,20.89189189189189,19.0,20.0,20.0,20.0,20.0,19.0,19.0,23.0,20.0,20.0,22.0,21.35135135135135,22.0,23.0,22.0,22.0,21.0
02-Oct-2019 12:15:00,20.0,20.0,20.0,19.0,20.0,19.0,18.0,18.0,18.5,19.0,20.0,19.0,19.0,19.0,18.0,20.0,21.0,19.0,20.0,20.0,20.0,20.0,19.0,19.0,23.0,20.0,20.44736842105263,22.0,22.0,22.0,23.0,22.0,22.0,21.0
02-Oct-2019 12:16:00,20.0,20.0,20.0,19.0,20.0,19.0,18.0,18.0,18.605263157894736,19.0,20.0,19.0,19.0,19.0,18.0,20.0,21.0,19.0,20.0,20.0,20.0,20.0,19.0,19.0,23.0,20.0,20.55263157894737,22.0,22.0,22.0,23.0,22.0,22.0,21.0
02-Oct-2019 12:17:00,20.684210526315788,20.0,20.0,19.0,20.0,19.0,18.0,18.0,19.0,19.0,20.0,19.0,19.0,19.0,18.0,20.0,21.0,19.0,20.0,20.0,20.0,20.0,19.0,19.0,23.0,20.0,21.0,22.0,22.0,22.0,23.0,22.0,22.0,22.0
02-Oct-2019 12:18:00,20.789473684210527,20.0,20.0,19.0,20.0,19.0,18.0,18.0,19.0,19.0,20.0,19.0,19.0,19.0,18.0,20.0,21.0,19.0,20.0,20.0,20.0,20.0,19.0,19.0,23.0,20.0,21.0,22.0,22.0,22.0,23.0,22.0,22.0,21.0
02-Oct-2019 12:19:00,20.2972972972973,20.0,20.0,19.0,20.0,19.0,18.0,18.0,18.5,19.0,20.0,19.0,19.0,19.0,18.0,20.0,21.0,19.0,20.0,20.0,20.0,20.0,19.0,19.0,23.0,20.0,21.0,22.0,22.0,22.0,23.0,22.0,22.0,21.0
02-Oct-2019 12:20:00,20.18918918918919,20.0,20.0,19.0,20.0,19.0,18.0,18.0,18.394736842105264,19.0,20.0,19.0,19.0,19.0,18.0,20.0,21.0,19.0,20.0,20.0,20.0,20.0,19.0,19.0,23.0,20.0,21.0,22.0,22.0,22.0,23.0,22.0,22.0,21.0
02-Oct-2019 12:21:00,20.710526315789473,20.0,20.0,19.0,20.0,19.0,18.0,18.0,18.0,19.0,20.0,19.0,19.0,19.0,18.0,20.0,21.0,19.0,20.0,20.0,20.0,20.0,19.0,19.0,23.0,20.0,21.0,22.0,22.0,22.0,23.0,22.0,22.0,21.0
02-Oct-2019 12:22:00,20.81578947368421,20.0,20.0,19.0,20.0,19.0,18.0,18.0,18.0,19.0,20.0,19.0,19.0,19.0,18.0,20.0,21.0,19.0,20.0,20.0,20.0,20.0,19.0,19.0,23.0,20.0,21.0,22.0,22.0,22.0,23.0,22.0,22.0,21.0
02-Oct-2019 12:23:00,20.289473684210527,20.0,20.0,19.0,20.0,19.0,18.0,18.0,18.0,19.0,20.0,19.0,19.0,19.0,18.0,20.0,21.0,19.0,20.0,20.0,20.0,20.0,19.0,19.0,23.0,20.0,21.0,22.0,22.0,22.0,23.0,22.0,22.0,21.0
02-Oct-2019 12:24:00,20.18421052631579,20.0,20.0,19.0,20.0,19.0,18.0,18.0,18.0,19.0,20.0,19.0,19.0,19.0,18.0,20.0,21.0,19.0,20.0,20.0,20.0,20.0,19.0,19.0,23.0,20.0,21.0,22.0,22.0,22.0,23.0,22.0,22.0,21.0
02-Oct-2019 12:25:00,20.0,20.0,20.0,19.0,20.0,19.0,18.0,18.0,18.0,19.0,19.473684210526315,19.0,19.0,19.0,18.0,20.0,21.0,19.0,20.0,20.0,20.0,20.0,19.0,19.0,23.0,20.0,21.0,22.0,22.0,22.0,23.0,22.0,22.0,21.0
02-Oct-2019 12:26:00,20.0,20.0,20.0,19.0,20.0,19.0,18.0,18.0,18.0,19.0,19.36842105263158,19.0,19.0,19.0,18.0,20.0,21.0,19.0,20.0,20.0,20.0,20.0,19.0,19.0,23.0,20.0,21.0,22.0,22.0,22.0,23.0,22.0,22.0,21.0
02-Oct-2019 12:27:00,20.0,20.0,20.0,19.0,20.0,19.0,18.0,18.0,18.0,19.0,19.526315789473685,19.0,19.0,19.0,18.0,20.0,21.0,19.0,20.0,20.0,20.0,20.0,19.0,19.0,23.0,20.0,21.0,22.0,22.0,22.0,23.0,22.0,22.0,21.0
02-Oct-2019 12:28:00,20.0,20.0,20.0,19.0,20.0,19.0,18.0,18.0,18.0,19.0,19.63157894736842,19.0,19.0,19.0,18.0,20.0,21.0,19.0,20.0,20.0,20.0,20.0,19.0,19.0,23.0,20.0,21.0,22.0,22.0,22.0,23.0,22.0,22.0,21.0
02-Oct-2019 12:29:00,20.0,20.0,20.0,19.0,20.0,19.0,18.0,18.0,18.0,19.0,20.0,19.0,19.0,19.0,18.0,20.0,21.0,19.0,20.0,20.0,20.0,20.0,19.0,19.0,23.0,20.0,21.0,22.0,22.0,22.0,23.0,22.0,22.0,21.0
02-Oct-2019 12:30:00,20.0,20.0,20.0,19.0,20.0,19.0,18.0,18.0,18.0,19.0,20.0,19.0,19.0,19.0,18.0,20.0,21.0,19.0,20.0,20.0,20.0,20.0,19.0,19.0,23.0,20.0,21.0,22.0,22.0,22.0,23.0,22.0,22.0,21.0
02-Oct-2019 12:31:00,20.0,20.0,20.0,19.0,20.0,19.0,18.0,18.0,18.473684210526315,19.0,20.0,19.0,19.0,19.0,18.0,20.0,21.0,19.0,20.0,20.0,20.0,20.0,19.0,19.0,23.0,20.0,21.0,22.0,22.0,22.0,23.0,22.0,22.0,21.0
02-Oct-2019 12:32:00,20.0,20.0,20.0,19.0,20.0,19.0,18.0,18.0,18.57894736842105,19.0,20.0,19.0,19.0,19.0,18.0,20.0,21.0,19.0,20.0,20.0,20.0,20.0,19.0,19.0,23.0,20.0,21.0,22.0,22.0,22.0,23.0,22.0,22.0,21.0
02-Oct-2019 12:33:00,20.710526315789473,20.0,20.0,19.842105263157894,20.0,19.0,18.0,18.0,19.0,19.0,20.0,19.0,19.0,19.0,18.0,20.0,21.0,19.0,20.0,20.0,20.0,20.0,19.0,19.31578947368421,23.0,20.236842105263158,21.0,22.0,22.0,22.0,23.0,22.0,22.0,21.0
02-Oct-2019 12:34:00,20.81578947368421,20.0,20.0,19.94736842105263,20.0,19.0,18.0,18.0,19.0,19.0,20.0,19.0,19.0,19.0,18.0,20.0,21.0,19.0,20.0,20.0,20.0,20.0,19.0,19.42105263157895,23.0,20.342105263157894,21.0,22.0,22.0,22.0,23.0,22.0,22.0,21.0
02-Oct-2019 12:35:00,21.0,20.0,20.0,20.0,20.0,19.0,18.0,18.0,19.0,19.0,20.0,19.0,19.0,19.0,18.0,20.0,21.0,19.0,20.0,20.0,20.0,20.0,19.0,20.0,23.0,20.763157894736842,21.0,22.0,22.0,22.0,23.0,22.0,22.0,21.0
02-Oct-2019 12:36:00,21.0,20.0,20.0,20.0,20.0,19.0,18.0,18.0,19.0,19.0,20.0,19.0,19.0,19.0,18.0,20.0,21.0,19.0,20.0,20.0,20.0,20.0,19.0,20.0,23.0,20.657894736842106,21.0,22.0,22.0,22.0,23.0,22.0,22.0,21.0
02-Oct-2019 12:37:00,21.0,20.0,20.0,20.0,20.0,19.0,18.0,18.0,19.0,19.0,20.0,19.0,19.0,19.0,18.0,20.0,21.0,19.0,20.0,20.0,20.0,20.0,19.0,19.68421052631579,23.0,20.236842105263158,21.0,22.0,22.0,22.0,23.0,22.0,22.0,21.0
02-Oct-2019 12:38:00,21.0,20.0,20.0,20.0,20.0,19.0,18.0,18.0,19.0,19.0,20.0,19.0,19.0,19.0,18.0,20.0,21.0,19.0,20.0,20.0,20.0,20.0,19.0,19.57894736842105,23.0,20.342105263157894,21.0,22.0,22.0,22.0,23.0,22.0,22.0,21.0
02-Oct-2019 12:39:00,21.0,20.0,20.0,20.0,20.0,19.0,18.0,18.0,19.0,19.0,20.0,19.0,19.0,19.0,18.0,20.0,21.0,19.0,20.0,20.0,20.0,20.0,19.0,19.31578947368421,23.0,20.763157894736842,21.0,22.0,22.0,22.0,23.0,22.0,22.0,21.0
02-Oct-2019 12:40:00,21.0,20.0,20.0,20.0,20.0,19.0,18.0,18.0,19.0,19.0,20.0,19.0,19.0,19.0,18.0,20.0,21.0,19.0,20.0,20.0,20.0,20.0,19.0,19.42105263157895,23.0,20.657894736842106,21.0,22.0,22.0,22.0,23.0,22.0,22.0,21.0
02-Oct-2019 12:41:00,21.0,20.0,20.0,20.0,20.0,19.0,18.0,18.0,18.526315789473685,19.0,20.0,19.0,19.0,19.0,18.0,20.0,21.0,19.0,20.0,20.0,20.0,20.0,19.0,19.68421052631579,23.0,20.0,21.0,22.0,22.0,22.0,23.0,22.0,22.0,21.0
02-Oct-2019 12:42:00,21.0,20.0,20.0,20.0,20.0,19.0,18.0,18.0,18.42105263157895,19.0,20.0,19.0,19.0,19.0,18.0,20.0,21.0,19.0,20.0,20.0,20.0,20.0,19.0,19.57894736842105,23.0,20.0,21.0,22.0,22.0,22.0,23.0,22.0,22.0,21.0
02-Oct-2019 12:43:00,21.0,20.0,20.0,19.157894736842106,20.0,19.0,18.0,18.0,18.0,19.0,20.0,19.0,19.0,19.0,18.0,20.0,21.0,19.0,20.0,20.0,20.0,20.0,19.0,19.0,23.0,20.0,21.0,22.0,22.0,22.0,23.0,22.0,22.0,21.0
02-Oct-2019 12:44:00,21.0,20.0,20.0,19.05263157894737,20.0,19.0,18.0,18.0,18.0,19.0,20.0,19.0,19.0,19.0,18.0,20.0,21.0,19.0,20.0,20.0,20.0,20.0,19.0,19.0,23.0,20.0,21.0,22.0,22.0,22.0,23.0,22.0,22.0,21.0
02-Oct-2019 12:45:00,21.0,20.0,20.0,19.0,20.0,19.0,18.0,18.0,18.0,19.0,20.0,19.0,19.0,19.0,18.0,20.0,21.0,19.0,20.0,20.0,20.0,20.0,19.0,19.0,23.0,20.0,21.0,22.0,22.0,22.0,23.0,22.0,22.0,21.0
02-Oct-2019 12:46:00,21.0,20.0,20.0,19.0,20.0,19.0,18.0,18.0,18.0,19.0,20.0,19.0,19.0,19.0,18.0,20.0,21.0,19.0,20.0,20.0,20.0,20.0,19.0,19.0,23.0,20.0,21.0,22.0,22.0,22.0,23.0,22.0,22.0,21.0
02-Oct-2019 12:47:00,21.0,20.0,20.0,19.0,20.0,19.0,18.0,18.0,18.0,19.0,20.0,19.0,19.0,19.0,18.0,20.0,21.0,19.0,20.0,20.0,20.0,20.0,19.0,19.0,23.0,20.0,21.0,22.0,22.0,22.0,23.0,22.0,22.0,21.0
02-Oct-2019 12:48:00,21.0,20.0,20.0,19.0,20.0,19.0,18.0,18.0,18.0,19.0,20.0,19.0,19.0,19.0,18.0,20.0,21.0,19.0,20.0,20.0,20.0,20.0,19.0,19.0,23.0,20.0,21.0,22.0,22.0,22.0,23.0,22.0,22.0,21.0
02-Oct-2019 12:49:00,21.0,20.0,20.0,19.0,20.0,19.0,18.0,18.0,18.0,19.0,20.0,19.0,19.0,19.0,18.0,20.0,21.0,19.0,20.0,20.0,20.0,20.0,19.0,19.0,23.0,20.0,21.0,22.0,22.0,22.0,23.0,22.0,22.0,21.0
02-Oct-2019 12:50:00,21.0,20.0,20.0,19.0,20.0,19.0,18.0,18.0,18.0,19.0,20.0,19.0,19.0,19.0,18.0,20.0,21.0,19.0,20.0,20.0,20.0,20.0,19.0,19.0,23.0,20.0,21.0,22.0,22.0,22.0,23.0,22.0,22.0,21.0
02-Oct-2019 12:51:00,21.0,20.0,20.0,19.842105263157894,20.0,19.0,18.0,18.0,18.473684210526315,19.0,20.0,19.0,19.0,19.0,18.0,20.0,21.0,19.0,20.0,20.0,20.0,20.0,19.0,19.0,23.0,20.0,21.0,22.0,22.0,22.0,23.0,22.0,22.0,21.0
02-Oct-2019 12:52:00,21.0,20.0,20.0,19.94736842105263,20.0,19.0,18.0,18.0,18.57894736842105,19.0,20.0,19.0,19.0,19.0,18.0,20.0,21.0,19.0,20.0,20.0,20.0,20.0,19.0,19.0,23.0,20.0,21.0,22.0,22.0,22.0,23.0,22.0,22.0,21.0
02-Oct-2019 12:53:00,21.0,20.0,20.0,20.0,20.0,19.0,18.0,18.0,19.0,19.0,20.0,19.263157894736842,19.0,19.0,18.0,20.0,21.0,19.763157894736842,20.0,20.0,20.0,20.0,19.0,19.31578947368421,23.0,20.0,21.0,22.0,22.0,22.0,23.0,22.0,22.0,21.0
02-Oct-2019 12:54:00,21.0,20.0,20.0,20.0,20.0,19.0,18.0,18.0,19.0,19.0,20.0,19.36842105263158,19.0,19.0,18.0,20.0,21.0,19.86842105263158,20.0,20.0,20.0,20.0,19.0,19.42105263157895,23.0,20.0,21.0,22.0,22.0,22.0,23.0,22.0,22.0,21.0
02-Oct-2019 12:55:00,21.0,20.0,20.0,20.0,20.0,19.0,18.0,18.0,19.0,19.0,20.0,20.0,19.0,19.0,18.0,20.0,21.0,20.0,20.0,20.0,20.0,20.0,19.0,20.0,23.0,20.236842105263158,21.0,22.0,22.0,22.0,23.0,22.0,22.0,21.0
02-Oct-2019 12:56:00,21.0,20.0,20.0,20.0,20.0,19.0,18.0,18.0,19.0,19.0,20.0,20.0,19.0,19.0,18.0,20.0,21.0,20.0,20.0,20.0,20.0,20.0,19.0,20.0,23.0,20.342105263157894,21.0,22.0,22.0,22.0,23.0,22.0,22.0,21.0
02-Oct-2019 12:57:00,21.0,20.0,20.0,20.0,20.0,19.0,18.0,18.0,19.0,19.0,20.0,20.0,19.0,19.0,18.0,20.0,21.0,20.0,20.0,20.0,20.0,20.0,19.0,20.0,23.0,21.0,21.0,22.0,22.0,22.0,23.0,22.0,22.0,21.0
02-Oct-2019 12:58:00,21.0,20.0,20.0,20.0,20.0,19.0,18.0,18.0,19.0,19.0,20.0,20.0,19.0,19.0,18.0,20.0,21.0,20.0,20.0,20.0,20.0,20.0,19.0,20.0,23.0,21.0,21.0,22.0,22.0,22.0,23.0,22.0,22.0,21.0
02-Oct-2019 12:59:00,21.0,20.0,20.0,20.0,20.0,19.0,18.0,18.0,19.0,19.0,20.0,19.736842105263158,19.0,19.0,18.0,20.0,21.0,19.236842105263158,20.0,20.0,20.0,20.0,19.0,20.0,23.0,20.763157894736842,21.0,22.0,22.0,22.0,23.0,22.0,22.0,21.0
02-Oct-2019 13:00:00,21.0,20.0,20.0,20.0,20.0,19.0,18.0,18.0,19.0,19.0,20.0,19.63157894736842,19.0,19.0,18.0,20.0,21.0,19.13157894736842,20.0,20.0,20.0,20.0,19.0,20.0,23.0,20.657894736842106,21.0,22.0,22.0,22.0,23.0,22.0,22.0,21.0
02-Oct-2019 13:01:00,21.0,20.0,20.0,20.0,20.0,19.0,18.0,18.0,19.0,19.0,20.0,19.0,19.0,19.0,18.0,20.0,21.0,19.0,20.0,20.0,20.0,20.0,19.0,19.68421052631579,23.0,20.0,21.0,22.0,22.0,22.0,23.0,22.0,22.0,21.0
02-Oct-2019 13:02:00,21.0,20.0,20.0,20.0,20.0,19.0,18.0,18.0,19.0,19.0,20.0,19.0,19.0,19.0,18.0,20.0,21.0,19.0,20.0,20.0,20.0,20.0,19.0,19.57894736842105,23.0,20.0,21.0,22.0,22.0,22.0,23.0,22.0,21.942857142857143,21.0
02-Oct-2019 13:03:00,21.0,20.0,20.0,19.157894736842106,20.0,19.0,18.0,18.0,19.0,19.0,20.0,19.0,19.0,19.0,18.0,20.0,21.0,19.0,20.0,20.0,20.0,20.0,19.0,19.0,23.0,20.0,21.0,22.0,22.0,22.0,23.0,22.0,21.0,20.0
02-Oct-2019 13:04:00,21.0,20.0,20.0,19.05263157894737,20.0,19.0,18.0,18.0,19.0,19.0,20.0,19.0,19.0,19.0,18.0,20.0,21.0,19.0,20.0,20.0,20.0,20.0,19.0,19.0,23.0,20.0,21.0,22.0,22.0,22.0,23.0,22.0,21.0,20.02857142857143
02-Oct-2019 13:05:00,21.0,20.0,20.0,19.0,20.0,19.0,18.0,18.0,18.5,19.0,20.0,19.0,19.0,19.0,18.0,20.0,21.0,19.0,20.0,20.0,20.0,20.0,19.0,19.0,23.0,20.236842105263158,21.0,22.0,22.0,22.0,23.0,22.0,21.0,21.0
02-Oct-2019 13:06:00,21.0,20.0,20.0,19.0,20.0,19.0,18.0,18.0,18.394736842105264,19.0,20.0,19.0,19.0,19.0,18.0,20.0,21.0,19.0,20.0,20.0,20.0,20.0,19.0,19.0,23.0,20.342105263157894,21.0,22.0,22.0,22.0,23.0,21.941176470588236,21.0,21.0
02-Oct-2019 13:07:00,21.0,20.0,20.0,19.0,20.0,19.0,18.0,18.0,18.0,19.0,20.0,19.0,19.0,19.0,18.0,20.0,21.0,19.0,20.0,20.0,20.0,20.0,19.0,19.0,23.0,20.763157894736842,21.0,22.0,22.0,22.0,23.0,21.4,21.333333333333332,21.0
02-Oct-2019 13:08:00,21.0,20.0,20.0,19.0,20.0,19.0,18.0,18.0,18.0,19.0,20.0,19.0,19.0,19.0,18.0,20.0,21.0,19.0,20.0,20.0,20.0,20.0,19.0,19.0,23.0,20.657894736842106,21.0,22.0,22.0,22.0,23.0,22.0,22.0,21.0
02-Oct-2019 13:09:00,21.0,20.0,20.0,19.0,20.0,19.0,18.0,18.0,18.0,19.0,20.0,19.0,19.0,19.0,18.0,20.0,21.0,19.0,20.0,20.0,20.0,20.0,19.0,19.0,23.0,20.0,21.0,22.0,22.0,22.0,23.0,22.0,22.0,21.0
02-Oct-2019 13:10:00,21.0,20.0,20.0,19.0,20.0,19.0,18.0,18.0,18.0,19.0,20.0,19.0,19.0,19.0,18.0,20.0,21.0,19.0,20.0,20.0,20.0,20.0,19.0,19.0,23.0,20.0,21.0,22.0,22.0,22.0,23.0,22.0,22.0,21.0
02-Oct-2019 13:11:00,21.0,20.0,20.0,19.0,20.0,19.0,18.0,18.0,18.0,19.0,20.0,19.0,19.0,19.0,18.0,20.0,21.0,19.0,20.0,20.0,20.0,20.0,19.0,19.0,23.0,20.0,21.0,22.0,22.0,22.0,23.0,22.0,21.5,21.0
02-Oct-2019 13:12:00,21.0,20.0,20.0,19.0,20.0,19.0,18.0,18.0,18.0,19.0,20.0,19.0,19.0,19.0,18.0,20.0,21.0,19.0,20.0,20.0,20.0,20.0,19.0,19.0,23.0,20.0,21.0,22.0,22.0,22.0,23.0,22.0,21.03125,20.0
02-Oct-2019 13:13:00,21.0,20.0,20.0,19.0,20.0,19.0,18.0,18.0,18.47222222222222,19.0,20.0,19.0,19.0,19.0,18.0,20.0,21.0,19.0,20.0,20.0,20.0,20.0,19.0,19.0,23.0,20.0,21.0,22.0,22.0,22.0,23.0,22.0,22.0,21.0
02-Oct-2019 13:14:00,21.0,20.0,20.0,19.0,20.0,19.0,18.0,18.0,18.583333333333332,19.0,20.0,19.0,19.0,19.0,18.0,20.0,21.0,19.0,20.0,20.0,20.0,20.0,19.0,19.0,23.0,20.0,21.0,22.0,22.0,22.0,23.0,22.0,22.0,21.0
02-Oct-2019 13:15:00,21.0,20.0,20.0,19.842105263157894,20.0,19.0,18.0,18.0,19.0,19.0,20.0,19.289473684210527,19.0,19.0,18.0,20.0,21.0,19.0,20.0,20.0,20.0,20.0,19.0,19.31578947368421,23.0,20.236842105263158,21.0,22.0,22.0,22.0,23.0,22.0,22.0,21.0
02-Oct-2019 13:16:00,21.0,20.0,20.0,19.94736842105263,20.0,19.0,18.0,18.0,19.0,19.0,20.0,19.394736842105264,19.0,19.0,18.0,20.0,21.0,19.0,20.0,20.0,20.0,20.0,19.0,19.42105263157895,23.0,20.342105263157894,21.0,22.0,22.0,22.0,23.0,22.0,22.0,21.0
02-Oct-2019 13:17:00,21.0,20.0,20.0,20.0,20.0,19.0,18.0,18.0,19.0,19.0,20.0,20.0,19.0,19.0,18.0,20.0,21.0,19.0,20.0,20.0,20.0,20.0,19.0,20.0,23.0,21.0,21.0,22.0,22.0,22.0,23.0,22.0,22.0,21.0
02-Oct-2019 13:18:00,21.0,20.0,20.0,20.0,20.0,19.0,18.0,18.0,19.0,19.0,20.0,20.0,19.0,19.0,18.0,20.0,21.0,19.0,20.0,20.0,20.0,20.0,19.0,20.0,23.0,21.0,21.0,22.0,22.0,22.0,23.0,22.0,22.0,21.02857142857143
02-Oct-2019 13:19:00,21.0,20.0,20.0,20.0,20.0,19.0,18.0,18.0,19.0,19.0,20.0,20.0,19.0,19.0,18.0,20.0,21.0,19.0,20.0,20.0,20.0,20.0,19.0,20.0,23.0,21.0,21.0,22.0,22.0,22.0,23.0,22.0,22.0,22.0
02-Oct-2019 13:20:00,21.0,20.0,20.0,20.0,20.0,19.0,18.0,18.0,19.0,19.0,20.0,20.0,19.0,19.0,18.0,20.0,21.0,19.0,20.0,20.0,20.0,20.0,19.0,20.0,23.0,21.0,21.0,22.0,22.0,22.0,23.0,22.0,22.0,21.0
02-Oct-2019 13:21:00,21.0,20.0,20.0,20.0,20.0,19.0,18.0,18.0,19.0,19.0,20.0,19.710526315789473,19.0,19.0,18.0,20.0,21.0,19.0,20.0,20.0,20.0,20.0,19.0,20.0,23.0,20.763157894736842,21.0,22.0,22.0,22.0,23.75,22.0,22.0,22.0
02-Oct-2019 13:22:00,21.0,20.0,20.0,20.0,20.0,19.0,18.0,18.0,19.0,19.0,20.0,19.605263157894736,19.0,19.0,18.0,20.0,21.0,19.0,20.0,20.0,20.0,20.0,19.0,20.0,23.0,20.657894736842106,21.0,22.0,22.0,22.0,24.0,22.0,22.0,22.0
02-Oct-2019 13:23:00,21.0,20.0,20.0,20.0,20.0,19.0,18.0,18.0,19.0,19.0,20.0,19.289473684210527,19.0,19.0,18.0,20.0,21.0,19.0,20.0,20.0,20.0,20.0,19.0,20.0,23.0,20.0,21.0,22.0,22.0,22.0,23.25,22.0,22.0,22.0
02-Oct-2019 13:24:00,21.0,20.0,20.0,20.0,20.0,19.0,18.0,18.0,19.0,19.0,20.0,19.394736842105264,19.0,19.0,18.0,20.0,21.0,19.0,20.0,20.0,20.0,20.0,19.0,20.0,23.0,20.0,21.0,22.0,22.0,22.0,23.0,22.0,22.0,22.0
02-Oct-2019 13:25:00,21.0,20.57894736842105,20.0,20.0,20.0,19.0,18.0,18.0,19.0,19.0,20.0,20.0,19.0,19.0,18.0,20.0,21.0,19.763157894736842,20.0,20.0,20.0,20.0,19.0,20.0,23.0,20.236842105263158,21.0,22.0,22.0,22.0,23.75,22.0,22.0,22.0
02-Oct-2019 13:26:00,21.0,20.684210526315788,20.0,20.0,20.0,19.0,18.0,18.0,19.0,19.0,20.0,20.0,19.0,19.0,18.0,20.0,21.0,19.86842105263158,20.0,20.0,20.0,20.0,19.0,20.0,23.0,20.342105263157894,21.0,22.0,22.0,22.0,24.0,22.0,22.0,22.0
02-Oct-2019 13:27:00,21.0,21.0,20.0,20.0,20.0,19.0,18.105263157894736,18.0,19.0,19.0,20.0,20.0,19.0,19.0,18.0,20.0,21.0,20.0,20.0,20.0,20.0,20.0,19.0,20.0,23.0,20.763157894736842,21.0,22.0,22.0,22.0,24.0,22.0,22.0,22.0
02-Oct-2019 13:28:00,21.0,21.0,20.0,20.0,20.0,19.0,18.210526315789473,18.0,19.0,19.0,20.0,20.0,19.0,19.0,18.0,20.0,21.0,20.0,20.0,20.0,20.0,20.0,19.0,20.0,23.0,20.657894736842106,21.0,22.0,22.0,22.0,24.0,22.0,22.0,22.0
02-Oct-2019 13:29:00,21.0,21.0,20.0,20.0,20.0,19.0,19.0,18.0,19.0,19.0,20.0,20.0,19.0,19.0,18.0,20.0,21.0,20.0,20.0,20.0,20.0,20.0,19.0,20.0,23.0,20.0,21.0,22.0,22.0,22.0,24.0,22.0,22.0,22.0
02-Oct-2019 13:30:00,21.0,21.0,20.0,20.0,20.0,19.0,19.0,18.0,19.0,19.0,20.0,20.0,19.0,19.0,18.0,20.0,21.0,20.0,20.0,20.0,20.0,20.0,19.0,20.0,23.0,20.0,21.0,22.0,22.0,22.0,24.0,22.0,22.0,22.0
02-Oct-2019 13:31:00,21.0,21.0,20.0,20.0,20.0,19.86842105263158,19.0,18.0,19.0,19.0,20.0,20.0,19.0,19.0,18.0,20.0,21.0,20.0,20.0,20.0,20.0,20.0,19.18421052631579,20.0,23.0,20.0,21.0,22.0,22.0,22.0,24.0,22.0,22.0,22.0
02-Oct-2019 13:32:00,21.0,21.0,20.0,20.0,20.0,19.973684210526315,19.0,18.0,19.0,19.0,20.0,20.0,19.0,19.0,18.0,20.0,21.0,20.0,20.0,20.0,20.0,20.0,19.289473684210527,20.0,23.0,20.0,21.0,22.0,22.0,22.0,24.0,22.058823529411764,22.02857142857143,22.0
02-Oct-2019 13:33:00,21.0,21.0,20.0,20.0,20.0,19.13157894736842,19.0,18.5,19.0,19.0,20.0,20.0,19.0,19.0,18.0,20.0,21.0,20.0,20.0,20.0,20.0,20.0,20.0,20.0,23.0,20.0,21.0,22.0,22.0,22.0,24.0,22.5,23.0,22.0
02-Oct-2019 13:34:00,21.0,21.0,20.0,20.0,20.0,19.026315789473685,19.0,18.605263157894736,19.0,19.0,20.0,20.0,19.0,19.0,18.0,20.0,21.0,20.0,20.0,20.0,20.0,20.0,20.0,20.0,23.0,20.0,21.0,22.0,22.0,22.0,24.0,22.0,22.0,22.0
02-Oct-2019 13:35:00,21.0,21.0,20.0,20.0,20.0,19.86842105263158,19.0,19.0,19.0,19.0,20.0,20.0,19.0,19.0,18.0,20.0,21.0,20.0,20.0,20.0,20.0,20.0,20.0,20.0,23.0,20.0,21.0,22.0,22.0,22.0,24.0,22.0,22.0,22.0
02-Oct-2019 13:36:00,21.0,21.0,20.0,20.0,20.0,19.973684210526315,19.0,19.0,19.0,19.0,20.0,20.0,19.0,19.0,18.0,20.0,21.0,20.0,20.0,20.0,20.0,20.0,20.0,20.0,23.0,20.0,21.0,22.0,22.0,22.0,24.0,22.085714285714285,22.029411764705884,22.0
02-Oct-2019 13:37:00,21.0,21.0,20.0,20.0,20.0,20.0,19.0,19.0,19.0,19.0,20.0,20.0,19.0,19.0,18.0,20.0,21.0,20.0,20.0,20.0,20.0,20.0,20.0,20.0,23.0,20.0,21.0,22.0,22.0,22.0,24.0,23.0,22.75,22.0
02-Oct-2019 13:38:00,21.0,21.0,20.0,20.0,20.0,20.0,19.0,19.0,19.0,19.0,20.0,20.0,19.0,19.0,18.0,20.0,21.0,20.0,20.0,20.0,20.0,20.0,20.0,20.0,23.0,20.0,21.0,22.0,22.0,22.0,24.0,22.942857142857143,22.0,22.0
02-Oct-2019 13:39:00,21.0,21.0,20.0,20.0,20.0,20.0,19.0,19.0,19.0,19.0,20.0,20.0,19.0,19.0,18.36842105263158,20.0,21.0,20.0,20.0,20.0,20.0,20.0,20.0,20.0,23.0,20.0,21.0,22.0,22.0,22.0,24.0,22.0,22.0,22.0
02-Oct-2019 13:40:00,21.0,21.0,20.0,20.0,20.0,20.0,19.0,19.0,19.0,19.0,20.0,20.0,19.0,19.0,18.473684210526315,20.0,21.0,20.0,20.0,20.0,20.0,20.0,20.0,20.0,23.0,20.0,21.0,22.0,22.0,22.0,24.0,22.0,22.0,22.0
02-Oct-2019 13:41:00,21.0,21.0,20.0,20.0,20.0,20.0,19.0,19.0,19.0,19.0,20.0,20.0,19.0,19.0,19.0,20.0,21.0,20.0,20.0,20.0,20.0,20.0,20.0,20.0,23.0,20.0,20.55263157894737,22.0,22.0,22.0,24.0,22.0,22.0,22.0
02-Oct-2019 13:42:00,21.0,21.0,20.0,20.0,20.0,20.0,19.0,19.0,19.0,19.0,20.0,20.0,19.0,19.0,19.0,20.0,21.0,20.0,20.0,20.0,20.0,20.0,20.0,20.0,23.0,20.0,20.44736842105263,22.0,22.0,22.0,24.0,22.058823529411764,22.0,22.0
02-Oct-2019 13:43:00,21.0,21.0,20.0,20.0,20.0,20.0,19.0,19.0,19.0,19.0,20.0,20.0,19.0,19.0,19.0,20.0,21.0,20.0,20.0,20.0,20.0,20.0,20.0,20.0,23.0,20.0,20.44736842105263,22.0,22.0,22.0,24.0,22.5,22.0,22.0
02-Oct-2019 13:44:00,21.0,21.0,20.0,20.0,20.0,20.0,19.0,19.0,19.0,19.0,20.0,20.0,19.0,19.0,19.0,20.0,21.0,20.0,20.0,20.0,20.0,20.0,20.0,20.0,23.0,20.0,20.55263157894737,22.0,22.0,22.0,24.0,22.058823529411764,22.0,22.0
02-Oct-2019 13:45:00,21.0,21.0,20.0,20.0,20.0,20.0,19.0,19.0,19.0,19.0,20.0,20.0,19.0,19.0,19.0,20.0,21.0,20.0,20.0,20.0,20.0,20.0,20.0,20.0,23.0,20.0,21.0,22.0,22.0,22.0,24.0,23.0,22.0,22.0
02-Oct-2019 13:46:00,21.0,21.0,20.0,20.0,20.0,20.0,19.0,19.0,19.0,19.0,20.0,20.0,19.0,19.0,19.0,20.0,21.0,20.0,20.0,20.0,20.0,20.0,20.0,20.0,23.0,20.0,21.0,22.0,22.0,22.0,24.0,22.96969696969697,22.057142857142857,22.0
02-Oct-2019 13:47:00,21.0,21.0,20.0,20.0,20.0,20.0,19.0,19.0,19.0,19.0,20.0,20.0,19.0,19.0,19.0,20.0,21.0,20.0,20.0,20.0,20.0,20.0,20.0,20.0,23.0,20.236842105263158,21.0,22.0,22.0,22.0,24.0,22.0,23.0,22.0
02-Oct-2019 13:48:00,21.0,21.0,20.0,20.0,20.0,20.0,19.0,19.0,19.0,19.0,20.0,20.0,19.0,19.0,19.0,20.0,21.0,20.0,20.0,20.0,20.0,20.0,20.0,20.0,23.0,20.342105263157894,21.0,22.0,22.0,22.0,24.0,22.058823529411764,23.0,22.0
02-Oct-2019 13:49:00,21.0,21.0,20.0,20.0,20.0,20.0,19.0,19.0,19.0,19.0,20.0,20.0,19.0,19.0,19.0,20.0,21.0,20.0,20.0,20.0,20.0,20.42105263157895,20.0,20.0,23.0,21.0,21.0,22.0,22.0,22.0,24.0,23.0,22.75,22.0
02-Oct-2019 13:50:00,21.0,21.0,20.0,20.0,20.0,20.0,19.0,19.0,19.0,19.0,20.0,20.0,19.0,19.0,19.0,20.0,21.0,20.0,20.0,20.0,20.0,20.526315789473685,20.0,20.0,23.0,21.0,21.0,22.0,22.0,22.0,24.0,23.0,22.02857142857143,22.0
02-Oct-2019 13:51:00,21.0,21.0,20.0,20.0,20.0,20.0,19.0,19.0,19.0,19.0,20.0,20.0,19.0,19.0,19.0,20.0,21.0,20.0,20.0,20.0,20.0,20.57894736842105,20.0,20.0,23.0,21.0,21.0,22.0,22.0,22.0,24.0,22.5,23.0,22.0
02-Oct-2019 13:52:00,21.0,21.0,20.0,20.0,20.0,20.0,19.0,19.0,19.0,19.0,20.0,20.0,19.0,19.0,19.0,20.0,21.0,20.0,20.0,20.0,20.0,20.473684210526315,20.0,20.0,23.0,21.0,21.0,22.0,22.0,22.0,24.0,22.057142857142857,22.0,22.0
02-Oct-2019 13:53:00,21.0,21.0,20.0,20.0,20.0,20.0,19.0,19.0,19.0,19.0,20.0,20.0,19.0,19.0,19.0,20.0,21.0,20.0,20.0,20.0,20.0,20.0,20.0,20.0,23.0,21.0,21.0,22.0,22.0,22.0,24.0,23.0,22.0,22.0
02-Oct-2019 13:54:00,21.0,21.0,20.0,20.0,20.0,20.0,19.0,19.0,19.0,19.0,20.0,20.0,19.0,19.0,19.0,20.0,21.0,20.0,20.0,20.0,20.0,20.0,20.0,20.0,23.0,21.0,21.0,22.0,22.0,22.0,24.0,22.942857142857143,22.0,22.0
02-Oct-2019 13:55:00,21.0,21.0,20.0,20.0,20.0,20.0,19.0,19.0,19.0,19.0,20.0,20.0,19.0,19.0,19.0,20.0,21.0,20.0,20.0,20.0,20.0,20.0,20.0,20.0,23.0,21.0,21.0,22.0,22.0,22.0,24.0,22.0,22.0,22.0
02-Oct-2019 13:56:00,21.0,21.0,20.0,20.0,20.0,20.0,19.0,19.0,19.0,19.0,20.0,20.0,19.0,19.0,19.0,20.0,21.0,20.0,20.0,20.0,20.0,20.0,20.0,20.0,23.0,21.0,21.0,22.0,22.0,22.0,24.0,22.0,22.0,22.0
02-Oct-2019 13:57:00,21.0,21.0,20.0,20.0,20.0,20.0,19.0,19.0,19.0,19.736842105263158,20.0,20.0,19.0,19.0,19.0,20.0,21.0,20.0,20.0,20.0,20.0,20.0,20.0,20.0,23.0,21.0,21.0,22.0,22.0,22.0,24.0,22.0,22.0,22.0
02-Oct-2019 13:58:00,21.0,21.0,20.0,20.0,20.0,20.0,19.0,19.0,19.0,19.842105263157894,20.0,20.0,19.0,19.0,19.0,20.0,21.0,20.0,20.0,20.0,20.0,20.0,20.0,20.0,23.0,21.0,21.0,22.0,22.0,22.0,24.0,22.057142857142857,22.03030303030303,22.0
02-Oct-2019 13:59:00,21.0,21.0,20.0,20.0,20.0,20.0,19.0,19.0,19.0,19.263157894736842,20.0,20.0,19.0,19.0,19.0,20.0,21.0,20.0,20.0,20.0,20.0,20.0,20.0,20.0,23.0,21.0,21.0,22.0,22.0,22.0,24.0,23.0,22.6,22.0
02-Oct-2019 14:00:00,21.0,21.0,20.0,20.0,20.0,20.0,19.0,19.0,19.0,19.157894736842106,20.0,20.0,19.0,19.0,19.0,20.0,21.0,20.0,20.0,20.0,20.0,20.0,20.0,20.0,23.0,21.0,21.0,22.0,22.0,22.0,24.0,23.0,22.0,22.0
02-Oct-2019 14:01:00,21.0,21.0,20.0,20.0,20.0,20.0,19.0,19.0,19.0,19.0,20.0,20.0,19.0,19.0,19.0,20.0,21.0,20.0,20.0,20.0,20.0,20.0,20.0,20.0,23.0,20.756756756756758,21.0,22.0,22.0,22.0,24.0,23.0,22.0,22.0
02-Oct-2019 14:02:00,21.0,21.0,20.0,20.0,20.0,20.0,19.0,19.0,19.0,19.0,20.0,20.0,19.0,19.0,19.0,20.0,21.0,20.0,20.0,20.0,20.0,20.0,20.0,20.0,23.0,20.64864864864865,21.0,22.0,22.0,22.0,24.0,23.0,22.029411764705884,22.0
02-Oct-2019 14:03:00,21.0,21.0,20.0,20.0,20.0,20.0,19.0,19.0,19.0,19.0,20.0,20.0,19.0,19.0,19.0,20.0,21.0,20.0,20.0,20.0,20.0,20.0,20.0,20.0,23.0,20.0,21.0,22.0,22.0,22.0,24.0,23.0,23.0,22.0
02-Oct-2019 14:04:00,21.0,21.0,20.0,20.0,20.0,20.0,19.0,19.0,19.0,19.0,20.0,20.0,19.0,19.0,19.0,20.0,21.0,20.0,20.0,20.0,20.0,20.0,20.0,20.0,23.0,20.0,21.0,22.0,22.0,22.0,24.0,23.0,23.0,22.0
02-Oct-2019 14:05:00,21.0,21.0,20.0,20.0,20.0,20.0,19.0,19.0,19.0,19.0,20.0,20.0,19.0,19.0,19.0,20.0,21.0,20.0,20.0,20.0,20.0,20.0,20.0,20.0,23.0,20.0,21.0,22.0,22.0,22.0,24.0,22.6,22.0,22.0
02-Oct-2019 14:06:00,21.0,21.0,20.0,20.0,20.0,20.0,19.0,19.0,19.0,19.0,20.0,20.0,19.0,19.0,19.0,20.0,21.0,20.0,20.0,20.0,20.0,20.0,20.0,20.0,23.0,20.0,21.0,22.0,22.0,22.0,24.0,22.0,22.057142857142857,22.0
02-Oct-2019 14:07:00,21.0,21.0,20.0,20.0,20.81578947368421,20.0,19.0,19.0,19.0,19.0,20.0,20.0,19.0,19.0,19.0,20.0,21.0,20.0,20.0,20.0,20.0,20.42105263157895,20.0,20.0,23.0,20.0,21.0,22.0,22.0,22.0,24.0,22.5,23.0,22.0
02-Oct-2019 14:08:00,21.0,21.0,20.0,20.0,20.92105263157895,20.0,19.0,19.0,19.0,19.0,20.0,20.0,19.0,19.0,19.0,20.0,21.0,20.0,20.0,20.0,20.0,20.526315789473685,20.0,20.0,23.0,20.0,21.0,22.0,22.0,22.0,24.0,23.0,23.0,22.0
02-Oct-2019 14:09:00,21.0,21.0,20.0,20.0,20.18421052631579,20.0,19.0,19.0,19.0,19.0,20.0,20.0,19.0,19.0,19.0,20.0,21.0,20.0,20.0,20.0,20.0,21.0,20.0,20.0,23.0,20.0,21.0,22.0,22.0,22.0,24.0,23.0,23.0,22.0
02-Oct-2019 14:10:00,21.0,21.0,20.0,20.0,20.07894736842105,20.0,19.0,19.0,19.0,19.0,20.0,20.0,19.0,19.0,19.0,20.0,21.0,20.0,20.0,20.0,20.0,21.0,20.0,20.0,23.0,20.0,21.0,22.0,22.0,22.0,24.0,23.0,23.0,22.0
02-Oct-2019 14:11:00,21.0,21.0,20.0,20.0,20.86111111111111,20.0,19.0,19.0,19.0,19.0,20.0,20.0,19.0,19.0,19.0,20.0,21.0,20.0,20.0,20.0,20.0,21.0,20.0,20.0,23.0,20.0,21.0,22.0,22.0,22.0,24.0,22.94736842105263,23.0,22.0
02-Oct-2019 14:12:00,21.0,21.0,20.0,20.0,20.916666666666668,20.0,19.0,19.0,19.0,19.0,20.0,20.0,19.0,19.0,19.0,20.0,21.0,20.0,20.0,20.0,20.0,21.0,20.0,20.0,23.0,20.0,21.0,22.0,22.0,22.0,24.0,22.894736842105264,22.0,22.0
02-Oct-2019 14:13:00,21.0,21.0,20.0,20.0,21.0,20.0,19.0,19.0,19.0,19.0,20.0,20.0,19.0,19.0,19.0,20.0,21.0,20.0,20.0,20.0,20.0,21.0,20.0,20.0,23.0,20.0,21.0,22.0,22.0,22.0,24.0,22.05263157894737,22.0,22.0
02-Oct-2019 14:14:00,21.0,21.0,20.0,20.0,21.0,20.0,19.0,19.0,19.0,19.0,20.0,20.0,19.0,19.0,19.0,20.0,21.0,20.0,20.0,20.0,20.0,21.0,20.0,20.0,23.0,20.0,21.0,22.0,22.0,22.0,24.0,22.0,22.0,21.0
02-Oct-2019 14:15:00,21.0,21.0,20.0,20.0,21.0,20.0,19.0,19.0,19.0,19.0,20.0,20.0,19.0,19.0,19.0,20.0,21.0,20.0,20.0,20.0,20.0,21.0,20.0,20.0,23.0,20.0,21.0,22.0,22.0,22.0,24.0,22.0,22.0,22.0
02-Oct-2019 14:16:00,21.0,21.0,20.0,20.0,21.0,20.0,19.0,19.0,19.0,19.0,20.0,20.0,19.0,19.0,19.0,20.0,21.0,20.0,20.0,20.0,20.0,21.0,20.0,20.0,23.0,20.0,21.0,22.0,22.0,22.0,24.0,22.0,22.0,22.0
02-Oct-2019 14:17:00,21.0,21.0,20.0,20.0,21.0,20.0,19.0,19.0,19.0,19.0,20.0,20.0,19.0,19.0,19.0,20.0,21.0,20.0,20.0,20.0,20.0,21.0,20.0,20.0,23.0,20.0,21.0,22.0,22.0,22.0,24.0,22.25,22.0,21.0
02-Oct-2019 14:18:00,21.0,21.0,20.0,20.0,21.0,20.0,19.0,19.0,19.0,19.0,20.0,20.0,19.0,19.0,19.0,20.0,21.0,20.0,20.0,20.0,20.0,21.0,20.0,20.0,23.0,20.0,21.0,22.0,22.0,22.0,24.0,23.0,22.0,22.0
02-Oct-2019 14:19:00,21.0,21.0,20.0,20.0,21.0,20.0,19.0,19.0,19.0,19.736842105263158,20.0,20.0,19.0,19.0,19.0,20.0,21.0,20.0,20.0,20.0,20.0,21.0,20.0,20.0,23.0,20.0,20.55263157894737,22.0,21.789473684210527,22.0,24.0,22.5,22.0,22.0
02-Oct-2019 14:20:00,21.0,21.0,20.0,20.0,21.0,20.0,19.0,19.0,19.0,19.842105263157894,20.0,20.0,19.0,19.0,19.0,20.0,21.0,20.0,20.0,20.0,20.0,21.0,20.0,20.0,23.0,20.0,20.44736842105263,22.0,21.68421052631579,22.0,23.91176470588235,22.0,22.0,22.0
02-Oct-2019 14:21:00,21.0,21.0,20.0,20.0,21.0,20.0,19.0,19.0,19.0,20.0,20.0,20.0,19.0,19.0,19.0,20.0,21.0,20.0,20.0,20.0,20.0,21.0,20.0,20.0,23.0,20.0,20.0,22.0,21.210526315789473,22.0,23.0,22.0,22.0,21.2
02-Oct-2019 14:22:00,21.0,21.0,20.0,20.0,21.0,20.0,19.0,19.0,19.0,20.0,20.0,20.0,19.0,19.0,19.0,20.0,21.0,20.0,20.0,20.0,20.0,21.0,20.0,20.0,23.0,20.0,20.0,22.0,21.31578947368421,22.0,23.085714285714285,22.03125,22.057142857142857,22.0
02-Oct-2019 14:23:00,21.0,21.0,20.0,20.0,20.18421052631579,20.0,19.0,19.0,19.0,20.0,20.0,20.0,19.0,19.0,19.0,20.0,21.0,20.0,20.0,20.0,20.0,21.0,20.0,20.0,23.0,20.0,20.0,22.0,21.789473684210527,22.0,24.0,23.0,23.0,22.0
02-Oct-2019 14:24:00,21.0,21.0,20.0,20.0,20.07894736842105,20.0,19.0,19.0,19.0,20.0,20.0,20.0,19.0,19.0,19.0,20.0,21.0,20.0,20.0,20.0,20.0,21.0,20.0,20.0,23.0,20.0,20.0,22.0,21.68421052631579,22.0,24.08823529411765,23.0,23.0,23.0
02-Oct-2019 14:25:00,21.0,21.0,20.0,20.0,20.81578947368421,20.0,19.0,19.0,19.0,20.0,20.0,20.0,19.0,19.0,19.0,20.0,21.0,20.0,20.0,20.0,20.0,21.0,20.0,20.0,23.0,20.0,20.0,22.0,21.0,22.0,24.25,23.0,23.0,23.0
02-Oct-2019 14:26:00,21.0,21.0,20.0,20.0,20.92105263157895,20.0,19.0,19.0,19.0,20.0,20.0,20.0,19.0,19.0,19.0,20.0,21.0,20.0,20.0,20.0,20.0,21.0,20.0,20.0,23.0,20.0,20.0,22.0,21.0,22.0,24.0,23.0,23.0,22.97142857142857
02-Oct-2019 14:27:00,21.0,21.0,20.0,20.0,20.18421052631579,20.0,19.0,19.0,19.0,20.0,20.0,20.0,19.0,19.0,18.63157894736842,20.0,21.0,20.0,20.0,20.0,20.0,20.57894736842105,19.81578947368421,20.0,23.0,20.0,20.0,22.0,21.0,22.0,24.0,23.0,23.0,22.0
02-Oct-2019 14:28:00,21.0,21.0,20.0,20.0,20.07894736842105,20.0,19.0,19.0,19.0,20.0,20.0,20.0,19.0,19.0,18.526315789473685,20.0,21.0,20.0,20.0,20.0,20.0,20.473684210526315,19.710526315789473,20.0,23.0,20.0,20.0,22.0,21.0,22.0,24.0,23.0,23.0,22.0
02-Oct-2019 14:29:00,20.315789473684212,20.42105263157895,20.0,19.157894736842106,20.0,19.13157894736842,18.894736842105264,18.526315789473685,18.5,19.263157894736842,19.473684210526315,19.710526315789473,19.0,19.0,18.0,20.0,21.0,19.236842105263158,20.0,20.0,19.289473684210527,20.0,19.0,19.68421052631579,22.86842105263158,20.0,20.44736842105263,22.0,21.210526315789473,22.0,24.0,23.0,23.0,22.2
02-Oct-2019 14:30:00,20.210526315789473,20.315789473684212,20.0,19.05263157894737,20.0,19.026315789473685,18.789473684210527,18.42105263157895,18.394736842105264,19.157894736842106,19.36842105263158,19.605263157894736,19.0,19.0,18.0,20.0,21.0,19.13157894736842,20.0,20.0,19.18421052631579,20.0,19.0,19.57894736842105,22.763157894736842,20.0,20.55263157894737,22.0,21.31578947368421,22.0,24.08823529411765,23.0,23.0,23.0
02-Oct-2019 14:31:00,20.0,20.0,19.842105263157894,19.0,20.0,19.0,18.0,18.0,18.0,19.0,19.0,19.0,18.342105263157894,18.605263157894736,18.0,19.44736842105263,20.210526315789473,19.0,19.36842105263158,19.666666666666668,19.0,19.57894736842105,18.81578947368421,19.0,22.0,20.0,21.0,22.0,22.0,22.0,25.0,23.0,23.333333333333332,23.0
02-Oct-2019 14:32:00,20.0,20.0,19.736842105263158,19.0,20.0,19.0,18.0,18.0,18.0,19.0,19.0,19.0,18.236842105263158,18.5,18.0,19.342105263157894,20.105263157894736,19.0,19.263157894736842,19.564102564102566,19.0,19.473684210526315,18.710526315789473,19.0,22.0,20.0,21.0,22.0,22.0,22.0,25.0,23.0,24.0,24.0
02-Oct-2019 14:33:00,20.0,20.0,19.0,19.0,19.18421052631579,18.13157894736842,17.894736842105264,17.526315789473685,18.0,18.263157894736842,18.473684210526315,18.710526315789473,18.0,18.0,17.63157894736842,19.0,20.0,18.236842105263158,19.0,18.68421052631579,19.0,18.57894736842105,17.81578947368421,19.0,22.0,20.0,21.0,21.394736842105264,22.0,22.0,25.0,23.5,24.0,24.0
02-Oct-2019 14:34:00,20.0,20.0,19.0,19.0,19.07894736842105,18.026315789473685,17.789473684210527,17.42105263157895,18.0,18.157894736842106,18.36842105263158,18.605263157894736,18.0,18.0,17.526315789473685,19.0,20.0,18.13157894736842,19.0,18.57894736842105,19.0,18.473684210526315,17.710526315789473,19.0,22.0,20.0,21.0,21.289473684210527,22.0,22.0,25.0,24.0,24.0,24.0
02-Oct-2019 14:35:00,20.0,20.0,19.0,18.157894736842106,19.0,18.0,17.0,17.0,17.5,18.0,18.0,18.0,17.342105263157894,17.605263157894736,17.0,19.0,19.210526315789473,18.0,18.36842105263158,18.0,18.315789473684212,18.0,17.0,18.657894736842106,21.86842105263158,20.0,20.55263157894737,21.0,22.0,22.0,25.0,24.0,24.0,24.0
02-Oct-2019 14:36:00,20.0,20.0,19.0,18.05263157894737,19.0,18.0,17.0,17.0,17.394736842105264,18.0,18.0,18.0,17.236842105263158,17.5,17.0,19.0,19.105263157894736,18.0,18.263157894736842,18.0,18.210526315789473,18.0,17.0,18.55263157894737,21.763157894736842,20.0,20.44736842105263,21.0,22.0,22.0,25.08823529411765,24.0,24.03030303030303,24.0
02-Oct-2019 14:37:00,20.0,20.0,19.0,18.0,19.0,18.0,17.0,17.0,17.0,18.0,18.0,18.0,17.0,17.0,17.0,19.0,19.0,18.0,18.0,18.0,18.0,18.0,17.0,18.0,21.0,20.0,20.44736842105263,21.605263157894736,22.263157894736842,22.0,26.0,24.0,25.0,24.0
02-Oct-2019 14:38:00,20.0,20.0,19.0,18.0,19.0,18.0,17.0,17.0,17.0,18.0,18.0,18.0,17.0,17.0,17.0,19.0,19.0,18.0,18.0,18.0,18.0,18.0,17.0,18.0,21.0,20.0,20.55263157894737,21.710526315789473,22.36842105263158,22.0,26.0,24.0,25.0,24.0
02-Oct-2019 14:39:00,20.0,20.0,19.0,18.0,19.0,18.0,17.0,17.0,17.0,17.263157894736842,18.0,18.0,17.0,17.0,17.0,18.44736842105263,19.0,18.0,18.0,18.0,18.0,18.0,17.0,18.0,21.13157894736842,20.236842105263158,21.0,22.0,23.0,22.0,26.0,24.0,24.0,24.0
02-Oct-2019 14:40:00,20.0,20.0,19.0,18.0,19.0,18.0,17.0,17.0,17.0,17.157894736842106,18.0,18.0,17.0,17.0,17.0,18.342105263157894,19.0,18.0,18.0,18.0,18.0,18.0,17.0,18.0,21.236842105263158,20.342105263157894,21.0,22.0,23.0,22.0,26.0,24.058823529411764,24.0,24.0
02-Oct-2019 14:41:00,20.0,20.0,19.0,18.0,19.0,18.0,17.0,17.0,17.0,17.0,17.473684210526315,18.0,17.0,17.0,17.0,18.0,19.0,18.0,18.0,17.68421052631579,18.0,18.0,17.0,18.0,22.0,21.236842105263158,21.44736842105263,22.605263157894736,23.0,22.210526315789473,26.0,24.5,24.2,24.0
02-Oct-2019 14:42:00,20.0,20.0,19.0,18.0,19.0,18.0,17.0,17.0,17.0,17.0,17.36842105263158,18.0,17.0,17.0,17.0,18.0,19.0,18.0,18.0,17.57894736842105,18.0,18.0,17.0,18.0,22.0,21.342105263157894,21.55263157894737,22.710526315789473,23.0,22.31578947368421,26.0,24.057142857142857,25.0,24.0
02-Oct-2019 14:43:00,20.0,20.0,19.0,18.0,19.0,18.0,17.0,17.0,17.0,17.0,17.0,18.0,17.0,17.0,17.0,18.0,19.0,18.0,18.0,17.0,18.0,18.0,17.0,18.0,22.0,22.0,22.0,23.0,23.263157894736842,23.0,26.0,25.0,25.0,24.0
02-Oct-2019 14:44:00,20.0,20.0,19.0,18.0,19.0,18.0,17.0,17.0,17.0,17.0,17.0,18.0,17.0,17.0,17.0,18.0,19.0,18.0,18.0,17.0,18.0,18.0,17.0,18.0,22.0,22.0,22.0,23.0,23.36842105263158,23.0,26.0,25.0,25.0,24.0
02-Oct-2019 14:45:00,20.0,20.0,19.0,18.0,19.0,18.0,17.0,17.0,17.0,17.0,17.0,17.710526315789473,17.0,17.0,17.0,18.0,18.18918918918919,18.0,18.0,17.0,18.0,18.0,17.18421052631579,18.0,22.13157894736842,22.0,22.0,23.0,24.0,23.0,25.25,24.666666666666668,24.6,24.0
02-Oct-2019 14:46:00,20.0,20.0,19.0,18.0,19.0,18.0,17.0,17.0,17.0,17.0,17.0,17.605263157894736,17.0,17.0,17.0,18.0,18.08108108108108,18.0,18.0,17.0,18.0,18.0,17.289473684210527,18.0,22.236842105263158,22.0,22.0,23.0,24.0,23.0,25.0,24.0,24.0,23.0
02-Oct-2019 14:47:00,20.0,20.0,19.0,18.0,19.0,18.0,17.0,17.0,17.0,17.0,17.0,17.0,17.0,17.0,17.0,18.0,18.0,17.236842105263158,17.36842105263158,17.0,18.0,18.0,18.0,18.342105263157894,23.0,22.0,22.0,23.0,24.0,23.0,25.0,24.0,24.0,24.0
02-Oct-2019 14:48:00,20.0,20.0,19.0,18.0,19.0,18.0,17.0,17.0,17.0,17.0,17.0,17.0,17.0,17.0,17.0,18.0,18.0,17.13157894736842,17.263157894736842,17.0,18.0,18.0,18.0,18.44736842105263,23.0,22.0,22.0,23.0,24.0,23.0,25.0,24.0,24.0,23.0
02-Oct-2019 14:49:00,20.0,20.0,19.0,18.0,19.0,18.0,17.0,17.0,17.0,17.0,17.0,17.0,17.0,17.0,17.0,18.0,18.0,17.0,17.0,17.0,18.0,18.0,18.0,18.657894736842106,23.0,22.0,22.0,23.0,24.0,23.0,25.0,24.0,24.0,23.0
02-Oct-2019 14:50:00,20.0,20.0,19.0,18.0,19.0,18.0,17.0,17.0,17.0,17.0,17.0,17.0,17.0,17.0,17.0,18.0,18.0,17.0,17.0,17.0,18.0,18.0,18.0,18.55263157894737,23.0,22.0,22.0,23.0,24.0,23.0,25.0,24.0,24.0,23.0
02-Oct-2019 14:51:00,20.0,20.0,19.0,18.0,19.0,18.0,17.0,17.0,17.0,17.0,17.0,17.0,17.0,17.0,16.63157894736842,18.0,18.0,17.0,17.0,17.0,18.0,18.0,18.0,18.342105263157894,23.0,22.0,22.0,23.0,24.0,23.0,25.0,24.0,24.0,24.0
02-Oct-2019 14:52:00,20.0,20.0,19.0,18.0,19.0,18.0,17.0,17.0,17.0,17.0,17.0,17.0,17.0,17.0,16.526315789473685,18.0,18.0,17.0,17.0,17.0,18.0,18.0,18.0,18.44736842105263,23.0,22.0,22.0,23.0,24.0,23.0,25.0,24.0,24.0,24.0
02-Oct-2019 14:53:00,20.0,20.0,19.0,18.0,19.0,18.0,17.0,17.0,17.0,17.0,17.0,17.0,17.0,17.0,16.0,18.0,18.0,17.0,17.0,17.0,18.0,18.0,18.0,19.0,23.0,22.23076923076923,22.0,23.0,24.0,23.0,25.0,24.0,24.0,23.0
02-Oct-2019 14:54:00,20.0,20.0,19.0,18.0,19.0,18.0,17.0,17.0,17.0,17.0,17.0,17.0,17.0,17.0,16.0,18.0,18.0,17.0,17.0,17.0,18.0,18.0,18.0,19.0,23.0,22.333333333333332,22.0,23.0,24.0,23.0,25.0,24.0,24.0,23.0
02-Oct-2019 14:55:00,20.0,20.0,19.0,18.0,19.0,18.0,17.0,17.0,17.0,17.0,17.0,17.0,17.0,17.0,16.0,18.0,18.0,17.0,17.0,17.0,18.0,18.0,18.0,19.0,23.0,23.0,22.0,23.0,24.0,23.0,25.0,24.0,24.0,23.0
02-Oct-2019 14:56:00,20.0,20.0,19.0,18.0,19.0,18.0,17.0,17.0,17.0,17.0,17.0,17.0,17.0,17.0,16.0,18.0,18.0,17.0,17.0,17.0,18.0,18.0,18.0,19.0,23.0,23.0,22.0,23.0,24.0,23.0,25.0,24.0,24.0,23.0
02-Oct-2019 14:57:00,20.0,20.0,19.0,18.842105263157894,19.0,18.0,17.0,17.0,17.0,17.0,17.0,17.0,17.0,17.0,16.0,18.0,18.0,17.0,17.0,17.0,18.0,18.0,18.0,19.0,23.0,23.0,22.0,23.605263157894736,24.0,23.0,25.0,24.0,24.0,23.0
02-Oct-2019 14:58:00,20.0,20.0,19.0,18.94736842105263,19.0,18.0,17.0,17.0,17.0,17.0,17.0,17.0,17.0,17.0,16.0,18.0,18.0,17.0,17.0,17.0,18.0,18.0,18.0,19.0,23.0,23.0,22.0,23.710526315789473,24.0,23.0,25.0,24.0,24.0,24.0
02-Oct-2019 14:59:00,20.0,20.0,19.0,19.0,19.0,18.0,17.0,17.0,17.0,17.0,17.0,17.0,17.0,17.0,16.0,18.0,18.0,17.0,17.0,17.0,18.0,18.0,18.0,19.0,23.0,23.0,22.0,24.0,24.0,23.0,25.0,24.0,24.0,23.0
