time,temperature_p02r11c01srv01_outlet,temperature_p02r11c01srv02_outlet,temperature_p02r11c01srv03_outlet,temperature_p02r11c02srv01_outlet,temperature_p02r11c02srv02_outlet,temperature_p02r11c02srv03_outlet,temperature_p02r11c03srv01_outlet,temperature_p02r11c03srv02_outlet,temperature_p02r11c03srv03_outlet,temperature_p02r11c04srv01_outlet,temperature_p02r11c04srv02_outlet,temperature_p02r11c04srv03_outlet,temperature_p02r11c05srv01_outlet,temperature_p02r11c05srv02_outlet,temperature_p02r11c05srv03_outlet,temperature_p02r11c06srv01_outlet,temperature_p02r11c06srv02_outlet,temperature_p02r11c06srv03_outlet,temperature_p02r11c07srv01_outlet,temperature_p02r11c07srv02_outlet,temperature_p02r11c07srv03_outlet,temperature_p02r11c08srv01_outlet,temperature_p02r11c08srv02_outlet,temperature_p02r11c08srv03_outlet,temperature_p02r11c09srv01_outlet,temperature_p02r11c09srv02_outlet,temperature_p02r11c09srv03_outlet,temperature_p02r11c10srv01_outlet,temperature_p02r11c10srv02_outlet,temperature_p02r11c10srv03_outlet
02-Oct-2019 09:01:00,29.0,27.0,27.0,26.0,26.0,26.0,25.0,24.0,25.0,25.0,24.0,26.0,25.0,26.0,26.0,26.0,25.0,25.0,24.64516129032258,25.0,25.0,25.0,25.0,27.0,29.0,29.0,29.0,29.0,31.0,31.0
02-Oct-2019 09:02:00,29.0,27.0,27.0,26.0,26.0,26.0,25.0,24.0,25.0,25.0,24.133333333333333,26.0,25.0,26.0,26.0,25.8,25.0,25.0,24.32258064516129,25.0,25.0,25.0,25.0,27.0,29.0,29.0,29.0,29.0,31.0,31.0
02-Oct-2019 09:03:00,29.0,27.0,27.0,26.0,26.0,26.0,25.0,24.0,25.0,25.0,24.266666666666666,26.0,25.0,26.0,26.0,25.6,25.0,25.0,24.0,25.0,25.0,25.0,25.0,27.0,29.0,29.0,29.0,29.0,31.0,31.0
02-Oct-2019 09:04:00,29.0,27.0,27.0,26.0,26.0,26.0,25.0,24.0,25.0,25.0,24.5,26.0,25.0,26.0,26.0,25.5,25.0,25.0,24.0,25.0,25.0,25.0,25.0,27.0,29.0,29.0,29.0,29.0,31.0,31.0
02-Oct-2019 09:05:00,29.0,27.0,27.0,26.0,26.0,26.0,25.0,24.0,25.0,25.0,24.733333333333334,26.0,25.0,26.0,26.0,25.4,25.0,25.0,24.0,25.0,25.0,25.0,25.0,27.0,29.0,29.0,29.0,29.0,31.0,31.0
02-Oct-2019 09:06:00,29.0,27.0,27.0,26.0,26.0,26.0,25.0,24.0,25.0,25.0,24.5,26.0,25.0,26.0,26.0,25.5,25.0,25.0,24.0,25.0,25.0,25.0,25.0,27.0,28.55,29.0,29.0,29.0,31.0,30.733333333333334
02-Oct-2019 09:07:00,29.0,27.0,27.0,26.0,26.0,26.0,25.0,24.0,25.0,25.0,24.266666666666666,26.0,25.0,26.0,26.0,25.6,25.0,25.0,24.0,25.0,25.0,25.0,25.0,27.0,28.1,29.0,29.0,29.0,31.0,30.466666666666665
02-Oct-2019 09:08:00,29.0,27.0,27.0,26.0,26.0,26.0,25.0,24.0,25.0,25.0,24.633333333333333,26.0,25.0,26.0,26.0,25.3,25.0,25.0,24.0,25.0,25.0,25.0,25.0,27.0,28.05,29.0,29.0,29.0,31.0,30.233333333333334
02-Oct-2019 09:09:00,29.0,27.0,27.0,26.0,26.0,26.0,25.0,24.0,25.0,25.0,25.0,26.0,25.0,26.0,26.0,25.0,25.0,25.0,24.0,25.0,25.0,25.0,25.0,27.0,28.0,29.0,29.0,29.0,31.0,30.0
02-Oct-2019 09:10:00,29.0,27.0,27.0,26.0,26.0,26.0,25.0,24.0,25.0,25.0,25.0,26.0,25.0,26.0,26.0,25.0,25.0,25.0,24.0,25.0,25.0,25.0,25.0,27.0,28.45,29.0,29.0,29.0,31.0,30.0
02-Oct-2019 09:11:00,29.0,27.0,27.0,26.0,26.0,26.0,25.0,24.0,25.0,25.0,25.0,26.0,25.0,26.0,26.0,25.0,25.0,25.0,24.0,25.0,25.0,25.0,25.0,27.0,28.9,29.0,29.0,29.0,31.0,30.0
02-Oct-2019 09:12:00,29.0,27.0,27.0,26.0,26.0,25.933333333333334,25.0,24.0,25.0,25.0,25.0,26.0,25.0,26.0,26.0,25.0,25.0,25.0,24.166666666666664,25.0,25.0,25.0,25.0,27.0,28.95,29.0,29.0,29.0,31.0,30.0
02-Oct-2019 09:13:00,29.0,27.0,27.0,26.0,26.0,25.866666666666667,25.0,24.0,25.0,25.0,25.0,26.0,25.0,26.0,26.0,25.0,25.0,25.0,24.333333333333332,25.0,25.0,25.0,25.0,27.0,29.0,29.0,29.0,29.0,31.0,30.0
02-Oct-2019 09:14:00,29.0,27.0,27.0,26.0,26.0,25.5,25.0,24.0,25.0,25.0,25.0,26.0,25.0,26.0,26.0,25.0,25.0,25.0,24.666666666666664,25.0,25.0,25.0,25.0,26.883333333333333,28.55,29.0,29.0,29.0,31.0,30.0
02-Oct-2019 09:15:00,29.0,27.0,27.0,26.0,26.0,25.133333333333333,25.0,24.0,25.0,25.0,25.0,26.0,25.0,26.0,26.0,25.0,25.0,25.0,25.0,25.0,25.0,25.0,25.0,26.766666666666666,28.1,29.0,29.0,29.0,31.0,30.0
02-Oct-2019 09:16:00,29.0,27.0,27.0,26.0,26.0,25.566666666666666,25.0,24.0,25.0,25.0,25.0,26.0,25.0,26.0,26.0,25.0,25.0,25.0,25.0,25.0,25.0,25.0,25.0,26.383333333333333,28.05,29.0,29.0,29.0,31.0,30.0
02-Oct-2019 09:17:00,29.0,27.0,27.0,26.0,26.0,26.0,25.0,24.0,25.0,25.0,25.0,26.0,25.0,26.0,26.0,25.0,25.0,25.0,25.0,25.0,25.0,25.0,25.0,26.0,28.0,29.0,29.0,29.0,31.0,30.0
02-Oct-2019 09:18:00,29.0,27.0,27.0,26.0,26.0,26.0,25.0,24.0,25.0,25.0,25.0,26.0,25.0,26.0,26.0,25.0,25.0,25.0,25.0,25.0,25.0,25.0,25.0,26.0,28.0,29.0,29.0,29.0,30.7,30.0
02-Oct-2019 09:19:00,29.0,27.0,27.0,26.0,26.0,26.0,25.0,24.0,25.0,25.0,25.0,26.0,25.0,26.0,26.0,25.0,25.0,25.0,25.0,25.0,25.0,25.0,25.0,26.0,28.0,29.0,29.0,29.0,30.4,30.0
02-Oct-2019 09:20:00,29.0,27.0,27.0,26.0,26.0,26.0,25.0,24.0,25.0,25.0,25.0,26.0,25.0,26.0,26.0,25.0,25.0,25.0,25.0,25.0,25.0,25.0,25.0,26.0,28.45,29.0,29.0,29.0,30.5,30.266666666666666
02-Oct-2019 09:21:00,29.0,27.0,27.0,26.0,26.0,26.0,25.0,24.0,25.0,25.0,25.0,26.0,25.0,26.0,26.0,25.0,25.0,25.0,25.0,25.0,25.0,25.0,25.0,26.0,28.9,29.0,29.0,29.0,30.6,30.533333333333335
02-Oct-2019 09:22:00,29.0,27.0,27.0,26.0,25.6,26.0,25.0,24.0,25.0,25.0,25.0,26.0,25.0,26.0,26.0,25.0,25.0,25.0,25.0,25.0,25.0,25.0,25.0,26.0,28.95,29.0,29.0,29.0,30.8,30.766666666666666
02-Oct-2019 09:23:00,29.0,27.0,27.0,26.0,25.2,26.0,25.0,24.0,25.0,25.0,25.0,26.0,25.0,26.0,26.0,25.0,25.0,25.0,25.0,25.0,25.0,25.0,25.0,26.0,29.0,29.0,29.0,29.0,31.0,31.0
02-Oct-2019 09:24:00,29.0,27.0,27.0,26.0,25.1,26.0,25.0,24.133333333333333,25.0,25.0,25.0,26.0,25.0,26.0,26.0,25.0,25.0,25.0,25.0,25.0,25.0,25.0,25.0,26.0,28.551724137931032,29.0,29.0,29.0,31.0,30.733333333333334
02-Oct-2019 09:25:00,29.0,27.0,27.0,26.0,25.0,26.0,25.0,24.266666666666666,25.0,25.0,25.0,26.0,25.0,26.0,26.0,25.0,25.0,25.0,25.0,25.0,25.0,25.0,25.0,26.0,28.103448275862068,29.0,29.0,29.0,31.0,30.466666666666665
02-Oct-2019 09:26:00,29.0,27.0,27.0,26.0,25.0,26.0,25.0,24.49047619047619,25.0,25.0,25.0,26.0,25.0,26.0,26.0,25.0,25.0,25.0,25.0,25.0,25.0,25.0,25.0,26.0,28.051724137931032,29.0,29.0,29.0,31.0,30.233333333333334
02-Oct-2019 09:27:00,29.0,27.0,27.0,26.0,25.0,26.0,25.0,24.714285714285715,25.0,25.0,25.0,26.0,25.0,26.0,26.0,25.0,25.0,25.0,25.0,25.0,25.0,25.0,25.0,26.0,28.0,29.0,29.0,29.0,31.0,30.0
02-Oct-2019 09:28:00,29.0,27.0,27.0,26.0,25.0,26.0,25.0,24.357142857142858,25.0,25.0,25.0,26.0,25.0,26.0,26.0,25.0,25.0,25.0,24.833333333333336,25.0,25.0,25.0,25.0,26.0,28.0,29.0,29.0,29.0,31.0,30.0
02-Oct-2019 09:29:00,29.0,27.0,27.0,26.0,25.0,26.0,25.0,24.0,25.0,25.0,25.0,26.0,25.0,26.0,26.0,25.0,25.0,25.0,24.666666666666668,25.0,25.0,25.0,25.0,26.0,28.0,29.0,29.0,29.0,31.0,30.0
02-Oct-2019 09:30:00,29.0,27.0,27.0,26.0,25.383333333333333,26.0,25.0,24.0,25.0,25.0,25.0,26.0,25.0,26.0,26.0,25.0,25.0,25.0,24.333333333333336,25.0,25.0,25.0,25.0,26.0,28.0,29.0,29.0,29.0,31.0,30.0
02-Oct-2019 09:31:00,29.0,27.0,27.0,26.0,25.766666666666666,26.0,25.0,24.0,25.0,25.0,25.0,26.0,25.0,26.0,26.0,25.0,25.0,25.0,24.0,25.0,25.0,25.0,25.0,26.0,28.0,29.0,29.0,29.0,31.0,30.0
02-Oct-2019 09:32:00,29.0,27.0,27.0,26.0,25.883333333333333,26.0,25.0,24.0,25.0,25.0,25.0,26.0,25.0,26.0,26.0,25.0,25.0,25.0,24.166666666666664,25.0,25.0,25.0,25.0,26.0,28.0,29.0,29.0,29.0,31.0,30.0
02-Oct-2019 09:33:00,29.0,27.0,27.0,26.0,26.0,26.0,25.0,24.0,25.0,25.0,25.0,26.0,25.0,26.0,26.0,25.0,25.0,25.0,24.333333333333332,25.0,25.0,25.0,25.0,26.0,28.0,29.0,29.0,29.0,31.0,30.0
02-Oct-2019 09:34:00,29.0,27.0,27.0,26.0,26.0,26.0,25.0,24.0,25.0,25.0,25.0,26.0,25.0,26.0,26.0,25.0,25.0,25.0,24.666666666666664,25.0,25.0,25.0,25.0,26.0,28.0,29.0,29.0,29.0,31.0,30.0
02-Oct-2019 09:35:00,29.0,27.0,27.0,26.0,26.0,26.0,25.0,24.0,25.0,25.0,25.0,26.0,25.0,26.0,26.0,25.0,25.0,25.0,25.0,25.0,25.0,25.0,25.0,26.0,28.0,29.0,29.0,29.0,31.0,30.0
02-Oct-2019 09:36:00,29.0,27.0,27.0,26.0,26.0,26.0,25.0,24.0,25.0,25.0,24.866666666666667,26.0,25.0,26.0,26.0,25.0,25.0,25.0,24.833333333333336,25.0,25.0,25.0,25.0,26.0,28.0,29.0,29.0,29.0,31.0,30.0
02-Oct-2019 09:37:00,29.0,27.0,27.0,26.0,26.0,26.0,25.0,24.0,25.0,25.0,24.733333333333334,26.0,25.0,26.0,26.0,25.0,25.0,25.0,24.666666666666668,25.0,25.0,25.0,25.0,26.0,28.0,29.0,29.0,29.0,31.0,30.0
02-Oct-2019 09:38:00,29.433333333333334,27.0,27.0,26.0,26.0,26.066666666666666,25.266666666666666,24.15,25.366666666666667,25.4,24.5,26.0,25.30357142857143,26.483333333333334,26.0,25.2,25.0,25.0,24.5,25.1,25.296875,25.0,25.05,26.116666666666667,28.45,29.016666666666666,29.233333333333334,29.21666666666667,31.3,30.25
02-Oct-2019 09:39:00,29.866666666666667,27.0,27.0,26.0,26.0,26.133333333333333,25.533333333333335,24.3,25.733333333333334,25.8,24.266666666666666,26.0,25.607142857142858,26.966666666666665,26.0,25.4,25.0,25.0,24.333333333333332,25.2,25.59375,25.0,25.1,26.233333333333334,28.9,29.033333333333335,29.466666666666665,29.433333333333334,31.6,30.5
02-Oct-2019 09:40:00,30.8,27.833333333333336,27.933333333333334,26.066666666666666,26.766666666666666,26.633333333333333,26.024731182795698,24.950000000000003,26.233333333333334,26.3,24.9,26.166666666666664,26.120238095238093,27.466666666666665,26.35483870967742,26.1,25.7,25.666666666666664,25.01149425287356,25.799999999999997,26.363541666666666,25.5,25.65,26.85,29.85,29.55,30.2,30.366666666666667,32.400000000000006,31.267241379310345
02-Oct-2019 09:41:00,31.733333333333334,28.666666666666668,28.866666666666667,26.133333333333333,27.53333333333333,27.133333333333333,26.516129032258064,25.6,26.733333333333334,26.8,25.533333333333335,26.333333333333332,26.633333333333333,27.966666666666665,26.70967741935484,26.8,26.4,26.333333333333332,25.689655172413794,26.4,27.133333333333333,26.0,26.2,27.466666666666665,30.8,30.066666666666666,30.933333333333334,31.3,33.2,32.03448275862069
02-Oct-2019 09:42:00,32.3,29.25,29.4,27.133333333333333,28.15,27.7,27.258064516129032,26.450000000000003,27.6,27.700000000000003,26.4,27.25,27.45,28.95,27.688172043010752,27.6,27.4,27.333333333333332,26.52816091954023,27.299999999999997,27.85,27.0,27.15,28.466666666666665,31.799999999999997,31.049999999999997,31.700000000000003,32.36666666666667,34.2,33.05057471264368
02-Oct-2019 09:43:00,32.86666666666667,29.833333333333332,29.933333333333334,28.133333333333333,28.766666666666666,28.266666666666666,28.0,27.3,28.466666666666665,28.6,27.266666666666666,28.166666666666668,28.266666666666666,29.933333333333334,28.666666666666668,28.4,28.4,28.333333333333332,27.366666666666667,28.2,28.566666666666666,28.0,28.1,29.466666666666665,32.8,32.03333333333333,32.46666666666667,33.43333333333333,35.2,34.06666666666667
02-Oct-2019 09:44:00,33.36666666666667,30.333333333333332,30.433333333333334,29.066666666666666,29.266666666666666,29.133333333333333,28.75,27.8,29.1,29.200000000000003,27.766666666666666,28.666666666666668,28.95,30.45,29.5,28.9,29.049999999999997,29.0,27.866666666666667,28.7,29.066666666666666,28.5,28.6,30.233333333333334,32.9,32.53333333333333,32.96666666666667,33.93333333333333,35.6,34.8
02-Oct-2019 09:45:00,33.86666666666667,30.833333333333332,30.933333333333334,30.0,29.766666666666666,30.0,29.5,28.3,29.733333333333334,29.8,28.266666666666666,29.166666666666668,29.633333333333333,30.966666666666665,30.333333333333332,29.4,29.7,29.666666666666668,28.366666666666667,29.2,29.566666666666666,29.0,29.1,31.0,33.0,33.03333333333333,33.46666666666667,34.43333333333333,36.0,35.53333333333333
02-Oct-2019 09:46:00,34.36666666666667,30.916666666666664,31.433333333333334,30.03333333333333,30.266666666666666,30.066666666666666,29.75,28.8,29.866666666666667,29.9,28.766666666666666,29.666666666666668,29.816666666666666,31.466666666666665,30.666666666666664,29.9,29.85,29.833333333333336,28.866666666666667,29.7,30.066666666666666,29.5,29.55,31.116666666666667,33.45,33.516666666666666,33.733333333333334,34.71666666666667,36.3,35.766666666666666
02-Oct-2019 09:47:00,34.86666666666667,31.0,31.933333333333334,30.066666666666666,30.766666666666666,30.133333333333333,30.0,29.3,30.0,30.0,29.266666666666666,30.166666666666668,30.0,31.966666666666665,31.0,30.4,30.0,30.0,29.366666666666667,30.2,30.566666666666666,30.0,30.0,31.233333333333334,33.9,34.0,34.0,35.0,36.6,36.0
02-Oct-2019 09:48:00,34.93333333333334,31.416666666666664,31.96666666666667,30.53333333333333,30.883333333333333,30.566666666666666,30.25,29.65,30.366666666666667,30.4,29.633333333333333,30.583333333333336,30.316666666666666,31.983333333333334,31.166666666666664,30.9,30.35,30.333333333333336,29.683333333333334,30.6,31.066666666666666,30.5,30.05,31.616666666666667,33.95,34.0,34.233333333333334,35.21666666666667,36.8,36.0
02-Oct-2019 09:49:00,35.0,31.833333333333332,32.0,31.0,31.0,31.0,30.5,30.0,30.733333333333334,30.8,30.0,31.0,30.633333333333333,32.0,31.333333333333332,31.4,30.7,30.666666666666668,30.0,31.0,31.566666666666666,31.0,30.1,32.0,34.0,34.0,34.46666666666667,35.43333333333333,37.0,36.0
02-Oct-2019 09:50:00,35.43333333333334,31.916666666666664,32.0,31.03333333333333,31.383333333333333,31.066666666666666,30.75,30.0,30.866666666666667,30.9,30.133333333333333,31.083333333333336,30.816666666666666,32.0,31.666666666666664,31.7,30.85,30.833333333333336,30.0,31.0,31.78333333333333,31.0,30.55,32.0,34.0,34.016666666666666,34.733333333333334,35.71666666666667,37.3,36.266666666666666
02-Oct-2019 09:51:00,35.86666666666667,32.0,32.0,31.066666666666666,31.766666666666666,31.133333333333333,31.0,30.0,31.0,31.0,30.266666666666666,31.166666666666668,31.0,32.0,32.0,32.0,31.0,31.0,30.0,31.0,32.0,31.0,31.0,32.0,34.0,34.03333333333333,35.0,36.0,37.6,36.53333333333333
02-Oct-2019 09:52:00,35.93333333333334,32.0,32.48275862068965,31.53333333333333,31.883333333333333,31.566666666666666,31.0,30.15,31.0,31.0,30.633333333333333,31.583333333333336,31.0,32.46774193548387,32.0,32.0,31.35,31.333333333333336,30.183333333333334,31.1,32.0,31.0,31.0,32.0,34.45,34.516666666666666,35.0,36.0,37.8,36.766666666666666
02-Oct-2019 09:53:00,36.0,32.0,32.96551724137931,32.0,32.0,32.0,31.0,30.3,31.0,31.0,31.0,32.0,31.0,32.935483870967744,32.0,32.0,31.7,31.666666666666668,30.366666666666667,31.2,32.0,31.0,31.0,32.0,34.9,35.0,35.0,36.0,38.0,37.0
02-Oct-2019 09:54:00,36.0,32.0,32.98275862068965,32.0,32.0,32.0,31.0,30.65,31.0,31.0,31.0,32.0,31.0,32.96774193548387,32.16666666666667,32.0,31.85,31.833333333333336,30.683333333333334,31.6,32.0,31.5,31.0,32.0,34.95,35.0,35.0,36.21666666666667,38.0,37.0
02-Oct-2019 09:55:00,36.0,32.0,33.0,32.0,32.0,32.0,31.0,31.0,31.0,31.0,31.0,32.0,31.0,33.0,32.333333333333336,32.0,32.0,32.0,31.0,32.0,32.0,32.0,31.0,32.0,35.0,35.0,35.0,36.43333333333333,38.0,37.0
02-Oct-2019 09:56:00,36.0,32.0,33.0,32.0,32.0,32.0,31.0,31.0,31.0,31.0,31.0,32.0,31.0,33.0,32.66666666666667,32.2,32.0,32.0,31.0,32.0,32.0,32.0,31.0,32.0,35.0,35.0,35.0,36.71666666666667,38.0,37.0
02-Oct-2019 09:57:00,36.0,32.0,33.0,32.0,32.0,32.0,31.0,31.0,31.0,31.0,31.0,32.0,31.0,33.0,33.0,32.4,32.0,32.0,31.0,32.0,32.0,32.0,31.0,32.0,35.0,35.0,35.0,37.0,38.0,37.0
02-Oct-2019 09:58:00,36.0,32.0,33.0,32.0,32.0,32.0,31.25,31.0,31.366666666666667,31.416666666666664,31.0,32.0,31.316666666666666,33.0,33.0,32.7,32.0,32.0,31.0,32.0,32.28333333333333,32.0,31.0,32.0,35.0,35.0,35.0,37.0,38.0,37.0
02-Oct-2019 09:59:00,36.0,32.0,33.0,32.0,32.0,32.0,31.5,31.0,31.733333333333334,31.833333333333332,31.0,32.0,31.633333333333333,33.0,33.0,33.0,32.0,32.0,31.0,32.0,32.56666666666667,32.0,31.0,32.0,35.0,35.0,35.0,37.0,38.0,37.0
02-Oct-2019 10:00:00,36.43333333333334,32.0,33.0,32.0,32.0,32.06666666666666,31.75,31.0,31.5,31.916666666666664,31.0,32.0,31.816666666666666,33.0,33.0,33.0,32.0,32.0,31.0,32.0,32.5,32.0,31.05,32.11666666666667,35.0,35.0,35.0,37.0,38.0,37.0
02-Oct-2019 10:01:00,36.86666666666667,32.0,33.0,32.0,32.0,32.13333333333333,32.0,31.0,31.266666666666666,32.0,31.0,32.0,32.0,33.0,33.0,33.0,32.0,32.0,31.0,32.0,32.43333333333333,32.0,31.1,32.233333333333334,35.0,35.0,35.0,37.0,38.0,37.0
02-Oct-2019 10:02:00,36.5,32.0,33.0,32.0,32.0,32.56666666666666,32.0,31.0,31.5,32.0,31.133333333333333,32.0,32.0,33.0,33.0,33.0,32.0,32.0,31.0,32.0,32.5,32.0,31.55,32.5,34.55,35.0,35.0,37.0,38.0,37.0
02-Oct-2019 10:03:00,36.13333333333333,32.0,33.0,32.0,32.0,33.0,32.0,31.0,31.733333333333334,32.0,31.266666666666666,32.0,32.0,33.0,33.0,33.0,32.0,32.0,31.0,32.0,32.56666666666667,32.0,32.0,32.766666666666666,34.1,35.0,35.0,37.0,38.0,37.0
02-Oct-2019 10:04:00,36.5,32.0,33.0,32.0,32.0,33.0,32.0,31.0,31.866666666666667,32.0,31.633333333333333,32.0,32.0,33.0,33.0,33.0,32.0,32.0,31.0,32.0,32.78333333333333,32.0,32.0,32.5,34.5,35.0,35.0,37.0,38.0,37.0
02-Oct-2019 10:05:00,36.86666666666667,32.0,33.0,32.0,32.0,33.0,32.0,31.0,32.0,32.0,32.0,32.0,32.0,33.0,33.0,33.0,32.0,32.0,31.0,32.0,33.0,32.0,32.0,32.233333333333334,34.9,35.0,35.0,37.0,38.0,37.0
02-Oct-2019 10:06:00,36.93333333333334,32.0,33.0,32.0,32.4,33.0,32.0,31.0,32.0,32.0,31.866666666666667,32.0,32.0,33.0,33.0,33.0,32.35,32.0,31.0,32.0,33.0,32.0,32.0,32.61666666666667,34.95,35.0,35.233333333333334,37.0,38.0,37.0
02-Oct-2019 10:07:00,37.0,32.0,33.0,32.0,32.8,33.0,32.0,31.0,32.0,32.0,31.733333333333334,32.0,32.0,33.0,33.0,33.0,32.7,32.0,31.0,32.0,33.0,32.0,32.0,33.0,35.0,35.0,35.46666666666667,37.0,38.0,37.0
02-Oct-2019 10:08:00,37.0,32.38333333333333,33.0,32.0,32.9,33.0,32.0,31.0,31.633333333333333,32.0,31.366666666666667,32.0,32.0,33.0,33.0,33.0,32.85,32.0,31.0,32.0,33.0,32.0,32.0,32.88333333333333,35.0,35.0,35.5,37.0,38.0,37.0
02-Oct-2019 10:09:00,37.0,32.766666666666666,33.0,32.0,33.0,33.0,32.0,31.0,31.266666666666666,32.0,31.0,32.0,32.0,33.0,33.0,33.0,33.0,32.0,31.0,32.0,33.0,32.0,32.0,32.766666666666666,35.0,35.0,35.53333333333333,37.0,38.0,37.0
02-Oct-2019 10:10:00,37.0,32.88333333333333,33.0,32.0,33.0,33.0,32.0,31.0,31.5,32.0,31.133333333333333,32.0,32.0,33.0,33.0,33.0,33.0,32.0,31.166666666666664,32.0,33.0,32.0,32.0,32.38333333333333,34.55,35.0,35.266666666666666,37.0,38.0,37.0
02-Oct-2019 10:11:00,37.0,33.0,33.0,32.0,33.0,33.0,32.0,31.0,31.733333333333334,32.0,31.266666666666666,32.0,32.0,33.0,33.0,33.0,33.0,32.0,31.333333333333332,32.0,33.0,32.0,32.0,32.0,34.1,35.0,35.0,37.0,38.0,37.0
02-Oct-2019 10:12:00,37.0,32.61666666666667,33.0,32.03333333333333,32.6,32.93333333333334,32.0,31.0,31.866666666666667,32.0,31.633333333333333,32.0,32.0,33.0,33.0,33.0,33.0,32.0,31.5,32.0,33.0,32.0,32.0,32.11666666666667,34.05,35.0,35.0,37.0,38.0,37.0
02-Oct-2019 10:13:00,37.0,32.233333333333334,33.0,32.06666666666667,32.2,32.86666666666667,32.0,31.0,32.0,32.0,32.0,32.0,32.0,33.0,33.0,33.0,33.0,32.0,31.666666666666668,32.0,33.0,32.0,32.0,32.233333333333334,34.0,35.0,35.0,37.0,38.0,37.0
02-Oct-2019 10:14:00,37.0,32.5,33.0,32.53333333333333,32.5,32.5,32.0,31.0,32.0,32.0,32.0,32.0,32.0,33.0,33.0,33.0,33.0,32.33333333333333,31.5,32.0,33.0,32.0,32.0,32.5,34.0,35.0,35.0,37.0,38.0,37.0
02-Oct-2019 10:15:00,37.0,32.766666666666666,33.0,33.0,32.8,32.13333333333333,32.0,31.0,32.0,32.0,32.0,32.0,32.0,33.0,33.0,33.0,33.0,32.666666666666664,31.333333333333332,32.0,33.0,32.0,32.0,32.766666666666666,34.0,35.0,35.0,37.0,38.0,37.0
02-Oct-2019 10:16:00,37.0,32.5,33.0,33.0,32.9,32.56666666666666,32.0,31.0,32.0,32.0,32.0,32.0,32.0,33.0,33.0,33.0,33.0,32.83333333333333,31.666666666666664,32.0,33.0,32.0,32.0,32.38333333333333,34.0,35.0,35.0,37.0,38.0,37.0
02-Oct-2019 10:17:00,37.0,32.233333333333334,33.0,33.0,33.0,33.0,32.0,31.0,32.0,32.0,32.0,32.0,32.0,33.0,33.0,33.0,33.0,33.0,32.0,32.0,33.0,32.0,32.0,32.0,34.0,35.0,35.0,37.0,38.0,37.0
02-Oct-2019 10:18:00,37.0,32.11666666666667,33.0,33.0,33.0,33.0,32.0,31.0,32.0,32.0,32.0,32.0,32.0,33.0,33.0,33.0,33.0,33.0,32.0,32.1,33.0,32.0,32.0,32.11666666666667,34.0,35.0,35.0,37.0,38.0,37.0
02-Oct-2019 10:19:00,37.0,32.0,33.0,33.0,33.0,33.0,32.0,31.0,32.0,32.0,32.0,32.0,32.0,33.0,33.0,33.0,33.0,33.0,32.0,32.2,33.0,32.0,32.0,32.233333333333334,34.0,35.0,35.0,37.0,38.0,37.0
02-Oct-2019 10:20:00,37.0,32.0,33.0,33.0,32.6,33.0,32.0,31.0,32.0,32.0,32.0,32.08333333333333,32.0,33.0,33.0,33.0,33.0,33.0,32.0,32.6,33.0,32.0,31.95,32.61666666666667,34.0,35.0,35.0,37.0,38.0,37.0
02-Oct-2019 10:21:00,37.0,32.0,33.0,33.0,32.2,33.0,32.0,31.0,32.0,32.0,32.0,32.166666666666664,32.0,33.0,33.0,33.0,33.0,33.0,32.0,33.0,33.0,32.0,31.9,33.0,34.0,35.0,35.0,37.0,38.0,37.0
02-Oct-2019 10:22:00,37.0,32.0,33.0,33.0,32.5,33.0,32.0,31.0,32.0,32.0,32.0,32.58333333333333,32.0,33.0,33.0,33.0,33.0,33.0,32.0,33.0,33.0,32.0,31.45,33.0,34.0,35.0,35.21666666666667,37.0,38.0,37.0
02-Oct-2019 10:23:00,37.0,32.0,33.0,33.0,32.8,33.0,32.0,31.0,32.0,32.0,32.0,33.0,32.0,33.0,33.0,33.0,33.0,33.0,32.0,33.0,33.0,32.0,31.0,33.0,34.0,35.0,35.43333333333333,37.0,38.0,37.0
02-Oct-2019 10:24:00,37.0,32.0,33.0,33.0,32.9,33.0,32.0,31.0,32.0,32.0,32.0,33.0,32.0,33.0,33.0,33.0,33.0,33.0,32.0,33.0,33.0,32.0,31.05,33.0,34.0,35.0,35.50698924731182,37.0,38.0,37.0
02-Oct-2019 10:25:00,37.0,32.0,33.0,33.0,33.0,33.0,32.0,31.0,32.0,32.0,32.0,33.0,32.0,33.0,33.0,33.0,33.0,33.0,32.0,33.0,33.0,32.0,31.1,33.0,34.0,35.0,35.58064516129032,37.0,38.0,37.0
02-Oct-2019 10:26:00,37.0,32.410714285714285,33.0,33.0,33.0,33.0,32.0,31.0,32.0,32.0,32.0,33.0,32.0,33.0,33.0,33.21666666666667,33.0,33.0,32.0,33.0,33.0,32.0,31.55,33.0,34.0,35.0,35.29032258064516,37.0,38.0,37.0
02-Oct-2019 10:27:00,37.0,32.82142857142857,33.0,33.0,33.0,33.0,32.0,31.0,32.0,32.0,32.0,33.0,32.0,33.0,33.0,33.43333333333333,33.0,33.0,32.0,33.0,33.0,32.0,32.0,33.0,34.0,35.0,35.0,37.0,38.0,37.0
02-Oct-2019 10:28:00,37.0,32.910714285714285,33.0,33.0,33.0,33.0,32.0,31.0,32.0,32.0,32.0,33.0,32.0,33.0,33.0,33.71666666666667,33.0,33.0,32.0,33.0,33.0,32.0,32.0,33.0,34.0,35.0,35.0,37.0,38.0,37.0
02-Oct-2019 10:29:00,37.0,33.0,33.0,33.0,33.0,33.0,32.0,31.0,32.0,32.0,32.0,33.0,32.0,33.0,33.0,34.0,33.0,33.0,32.0,33.0,33.0,32.0,32.0,33.0,34.0,35.0,35.0,37.0,38.0,37.0
02-Oct-2019 10:30:00,37.0,33.0,33.0,33.0,33.0,33.0,32.0,31.0,32.0,32.0,32.0,33.0,32.0,33.0,33.0,34.0,33.0,33.0,32.0,33.0,33.0,32.0,32.0,33.0,34.0,35.0,35.0,37.0,38.0,37.0
02-Oct-2019 10:31:00,37.0,33.0,33.0,33.0,33.0,33.0,32.0,31.0,32.0,32.0,32.0,33.0,32.0,33.0,33.0,34.0,33.0,33.0,32.0,33.0,33.0,32.0,32.0,33.0,34.0,35.0,35.0,37.0,38.0,37.0
02-Oct-2019 10:32:00,37.0,33.0,33.0,33.0,33.0,33.0,32.0,31.0,32.0,32.0,32.0,33.0,32.0,33.0,33.0,34.0,33.0,33.0,32.0,33.0,33.0,32.0,32.0,33.0,34.0,35.0,35.0,37.0,38.0,37.0
02-Oct-2019 10:33:00,37.0,33.0,33.0,33.0,33.0,33.0,32.0,31.0,32.0,32.0,32.0,33.0,32.0,33.0,33.0,34.0,33.0,33.0,32.0,33.0,33.0,32.0,32.0,33.0,34.0,35.0,35.0,37.0,38.0,37.0
02-Oct-2019 10:34:00,37.0,33.0,33.0,33.0,33.0,33.0,32.0,31.0,32.0,32.0,32.0,33.0,32.0,33.0,33.0,34.0,33.0,33.0,32.0,33.0,33.0,32.0,32.0,33.0,34.0,35.0,35.0,37.0,38.0,37.0
02-Oct-2019 10:35:00,37.0,33.0,33.0,33.0,33.0,33.0,32.0,31.0,32.0,32.0,32.0,33.0,32.0,33.0,33.0,34.0,33.0,33.0,32.0,33.0,33.0,32.0,32.0,33.0,34.0,35.0,35.0,37.0,38.0,37.0
02-Oct-2019 10:36:00,37.0,33.0,33.0,33.0,33.0,33.0,32.0,31.0,32.0,32.0,32.0,33.0,32.0,33.483333333333334,33.0,34.0,33.0,33.0,32.0,33.0,33.0,32.0,32.0,33.0,34.0,35.0,35.233333333333334,37.0,38.0,37.0
02-Oct-2019 10:37:00,37.0,33.0,33.0,33.0,33.0,33.0,32.0,31.0,32.0,32.0,32.0,33.0,32.0,33.96666666666667,33.0,34.0,33.0,33.0,32.0,33.0,33.0,32.0,32.0,33.0,34.0,35.0,35.46666666666667,37.0,38.0,37.0
02-Oct-2019 10:38:00,37.0,33.0,33.0,33.0,33.0,33.0,32.0,31.0,32.0,32.0,32.0,33.0,32.0,33.983333333333334,33.0,33.8,33.0,33.0,32.0,33.0,33.0,32.0,32.0,33.0,34.0,35.0,35.5,37.0,38.0,37.0
02-Oct-2019 10:39:00,37.0,33.0,33.0,33.0,33.0,33.0,32.0,31.0,32.0,32.0,32.0,33.0,32.0,34.0,33.0,33.6,33.0,33.0,32.0,33.0,33.0,32.0,32.0,33.0,34.0,35.0,35.53333333333333,37.0,38.0,37.0
02-Oct-2019 10:40:00,37.0,33.0,33.0,33.0,33.0,33.0,32.0,31.0,32.0,32.0,32.0,33.0,32.0,34.0,33.0,33.3,33.0,33.0,32.0,33.0,33.0,32.0,32.0,33.0,34.0,35.0,35.5,37.0,38.0,37.0
02-Oct-2019 10:41:00,37.0,33.0,33.0,33.0,33.0,33.0,32.0,31.0,32.0,32.0,32.0,33.0,32.0,34.0,33.0,33.0,33.0,33.0,32.0,33.0,33.0,32.0,32.0,33.0,34.0,35.0,35.46666666666667,37.0,38.0,37.0
02-Oct-2019 10:42:00,37.0,33.0,33.0,33.0,33.0,33.0,32.0,31.0,32.0,32.0,32.0,33.0,32.0,34.0,33.0,33.2,33.0,33.0,32.0,33.0,33.0,32.0,32.0,33.0,34.0,35.0,35.733333333333334,36.78333333333333,38.0,37.0
02-Oct-2019 10:43:00,37.0,33.0,33.0,33.0,33.0,33.0,32.0,31.0,32.0,32.0,32.0,33.0,32.0,34.0,33.0,33.4,33.0,33.0,32.0,33.0,33.0,32.0,32.0,33.0,34.0,35.0,36.0,36.56666666666667,38.0,37.0
02-Oct-2019 10:44:00,37.43333333333334,33.41666666666667,33.483333333333334,33.03333333333333,33.38333333333333,33.06666666666666,32.25,31.3,32.36666666666667,32.4,32.13333333333333,33.08333333333333,32.31666666666666,34.46666666666667,33.33333333333333,33.9,33.35,33.33333333333333,32.18333333333334,33.1,33.28333333333333,32.0,32.05,33.11666666666667,34.9,35.016666666666666,36.233333333333334,36.71666666666667,38.3,37.53333333333333
02-Oct-2019 10:45:00,37.86666666666667,33.833333333333336,33.96666666666667,33.06666666666667,33.766666666666666,33.13333333333333,32.5,31.6,32.733333333333334,32.8,32.266666666666666,33.166666666666664,32.63333333333333,34.93333333333333,33.666666666666664,34.4,33.7,33.666666666666664,32.36666666666667,33.2,33.56666666666667,32.0,32.1,33.233333333333334,35.8,35.03333333333333,36.46666666666667,36.86666666666667,38.6,38.06666666666667
02-Oct-2019 10:46:00,38.8,34.333333333333336,34.95,33.6,34.266666666666666,33.7,33.0,32.45,33.233333333333334,33.3,32.766666666666666,33.666666666666664,33.13333333333333,35.43333333333333,34.5,34.9,34.55,34.166666666666664,32.86666666666667,33.7,34.35,33.0,32.6,33.733333333333334,36.349999999999994,35.53333333333333,36.96666666666667,37.65,39.1,38.8
02-Oct-2019 10:47:00,39.733333333333334,34.833333333333336,35.93333333333333,34.13333333333333,34.766666666666666,34.266666666666666,33.5,33.3,33.733333333333334,33.8,33.266666666666666,34.166666666666664,33.63333333333333,35.93333333333333,35.333333333333336,35.4,35.4,34.666666666666664,33.36666666666667,34.2,35.13333333333333,34.0,33.1,34.233333333333334,36.9,36.03333333333333,37.46666666666667,38.43333333333333,39.6,39.53333333333333
02-Oct-2019 10:48:00,40.3,35.333333333333336,35.96666666666667,35.06666666666666,35.266666666666666,35.13333333333333,34.0,33.8,34.233333333333334,34.3,33.766666666666666,34.666666666666664,34.13333333333333,36.43333333333333,35.833333333333336,35.9,35.7,35.166666666666664,33.86666666666667,34.7,35.56666666666666,34.5,33.6,34.733333333333334,36.95,36.53333333333333,37.96666666666667,38.93333333333333,40.1,39.766666666666666
02-Oct-2019 10:49:00,40.86666666666667,35.833333333333336,36.0,36.0,35.766666666666666,36.0,34.5,34.3,34.733333333333334,34.8,34.266666666666666,35.166666666666664,34.63333333333333,36.93333333333333,36.333333333333336,36.4,36.0,35.666666666666664,34.36666666666667,35.2,36.0,35.0,34.1,35.233333333333334,37.0,37.03333333333333,38.46666666666667,39.43333333333333,40.6,40.0
02-Oct-2019 10:50:00,41.36666666666667,35.91666666666667,36.483333333333334,36.03333333333333,36.266666666666666,36.06666666666666,35.0,34.65,34.86666666666667,35.3,34.63333333333333,35.58333333333333,34.81666666666666,36.96666666666667,36.66666666666667,36.9,36.35,36.166666666666664,34.68333333333334,35.7,36.28333333333333,35.5,34.55,35.733333333333334,37.45,37.516666666666666,38.733333333333334,39.71666666666667,40.8,40.266666666666666
02-Oct-2019 10:51:00,41.86666666666667,36.0,36.96666666666667,36.06666666666667,36.766666666666666,36.13333333333333,35.5,35.0,35.0,35.8,35.0,36.0,35.0,37.0,37.0,37.4,36.7,36.666666666666664,35.0,36.2,36.56666666666667,36.0,35.0,36.233333333333334,37.9,38.0,39.0,40.0,41.0,40.53333333333333
02-Oct-2019 10:52:00,41.93333333333334,36.403225806451616,36.983333333333334,36.53333333333333,36.88333333333333,36.56666666666666,35.75,35.0,35.36666666666667,35.9,35.13333333333333,36.08333333333333,35.0,37.0,37.0,37.7,36.85,36.83333333333333,35.18333333333334,36.6,36.78333333333333,36.0,35.05,36.61666666666667,37.95,38.0,39.0,40.21666666666667,41.3,40.766666666666666
02-Oct-2019 10:53:00,42.0,36.806451612903224,37.0,37.0,37.0,37.0,36.0,35.0,35.733333333333334,36.0,35.266666666666666,36.166666666666664,35.0,37.0,37.0,38.0,37.0,37.0,35.36666666666667,37.0,37.0,36.0,35.1,37.0,38.0,38.0,39.0,40.43333333333333,41.6,41.0
02-Oct-2019 10:54:00,42.0,36.903225806451616,37.0,37.0,37.0,37.0,36.0,35.15,35.86666666666667,36.0,35.63333333333333,36.58333333333333,35.31666666666666,37.46666666666667,37.0,38.0,37.35,37.0,35.68333333333334,37.0,37.0,36.5,35.55,37.0,38.0,38.016666666666666,39.0,40.71666666666667,41.8,41.0
02-Oct-2019 10:55:00,42.0,37.0,37.0,37.0,37.0,37.0,36.0,35.3,36.0,36.0,36.0,37.0,35.63333333333333,37.93333333333333,37.0,38.0,37.7,37.0,36.0,37.0,37.0,37.0,36.0,37.0,38.0,38.03333333333333,39.0,41.0,42.0,41.0
02-Oct-2019 10:56:00,42.43333333333334,37.0,37.0,37.03333333333333,37.0,37.0,36.0,35.65,36.0,36.0,36.0,37.0,35.81666666666666,37.96666666666667,37.0,38.2,37.85,37.0,36.0,37.0,37.28333333333333,37.0,36.0,37.0,38.0,38.516666666666666,39.0,41.0,42.0,41.0
02-Oct-2019 10:57:00,42.86666666666667,37.0,37.0,37.06666666666667,37.0,37.0,36.0,36.0,36.0,36.0,36.0,37.0,36.0,38.0,37.0,38.4,38.0,37.0,36.0,37.0,37.56666666666667,37.0,36.0,37.0,38.0,39.0,39.0,41.0,42.0,41.0
02-Oct-2019 10:58:00,42.93333333333334,37.0,37.0,37.53333333333333,37.4,37.06896551724138,36.0,36.0,36.0,36.0,36.0,37.0,36.0,38.0,37.16666666666667,38.7,38.0,37.0,36.0,37.1,37.78333333333333,37.0,36.0,37.0,38.0,39.0,39.0,41.0,42.0,41.0
02-Oct-2019 10:59:00,43.0,37.0,37.0,38.0,37.8,37.13793103448276,36.0,36.0,36.0,36.0,36.0,37.0,36.0,38.0,37.333333333333336,39.0,38.0,37.0,36.0,37.2,38.0,37.0,36.0,37.0,38.0,39.0,39.0,41.0,42.0,41.0
02-Oct-2019 11:00:00,43.0,37.0,37.0,38.0,37.9,37.56896551724138,36.25,36.0,36.0,36.0,36.0,37.0,36.0,38.0,37.66666666666667,39.0,38.0,37.33333333333333,36.0,37.6,38.0,37.0,36.0,37.0,38.0,39.0,39.0,41.0,42.0,41.0
02-Oct-2019 11:01:00,43.0,37.0,37.0,38.0,38.0,38.0,36.5,36.0,36.0,36.0,36.0,37.0,36.0,38.0,38.0,39.0,38.0,37.666666666666664,36.0,38.0,38.0,37.0,36.0,37.0,38.0,39.0,39.0,41.0,42.0,41.0
02-Oct-2019 11:02:00,43.0,37.0,37.0,38.0,38.0,38.0,36.75,36.0,36.0,36.0,36.0,37.0,36.0,38.0,38.0,39.0,38.0,37.83333333333333,36.177419354838705,38.0,38.0,37.0,36.0,37.0,38.0,39.0,39.0,41.0,42.0,41.0
02-Oct-2019 11:03:00,43.0,37.0,37.0,38.0,38.0,38.0,37.0,36.0,36.0,36.0,36.0,37.0,36.0,38.0,38.0,39.0,38.0,38.0,36.354838709677416,38.0,38.0,37.0,36.0,37.0,38.0,39.0,39.0,41.0,42.0,41.0
02-Oct-2019 11:04:00,43.0,37.38333333333333,37.0,38.0,38.0,38.0,37.0,36.0,36.0,36.41666666666667,36.0,37.0,36.0,38.0,37.81666666666666,39.0,38.0,38.0,36.677419354838705,38.0,38.0,37.0,36.05,37.11666666666667,38.0,39.0,39.0,41.0,42.0,41.0
02-Oct-2019 11:05:00,43.0,37.766666666666666,37.0,38.0,38.0,38.0,37.0,36.0,36.0,36.833333333333336,36.0,37.0,36.0,38.0,37.63333333333333,39.0,38.0,38.0,37.0,38.0,38.0,37.0,36.1,37.233333333333334,38.0,39.0,39.0,41.0,42.0,41.0
02-Oct-2019 11:06:00,43.0,37.88333333333333,37.483333333333334,38.0,38.0,38.0,37.0,36.0,36.0,36.91666666666667,36.0,37.0,36.0,38.0,37.5,39.0,38.0,38.0,37.0,38.0,38.0,37.0,36.55,37.61666666666667,38.0,39.0,39.0,41.0,42.0,41.0
02-Oct-2019 11:07:00,43.0,38.0,37.96666666666667,38.0,38.0,38.0,37.0,36.0,36.0,37.0,36.0,37.0,36.0,38.0,37.36666666666667,39.0,38.0,38.0,37.0,38.0,38.0,37.0,37.0,38.0,38.0,39.0,39.0,41.0,42.0,41.0
02-Oct-2019 11:08:00,43.0,38.0,37.983333333333334,38.0,38.0,38.0,37.0,36.0,36.0,37.0,36.0,37.0,36.0,38.0,37.68333333333334,39.0,38.0,38.0,37.0,38.0,38.0,37.0,37.0,38.0,38.0,39.0,39.0,41.0,42.0,41.0
02-Oct-2019 11:09:00,43.0,38.0,38.0,38.0,38.0,38.0,37.0,36.0,36.0,37.0,36.0,37.0,36.0,38.0,38.0,39.0,38.0,38.0,37.0,38.0,38.0,37.0,37.0,38.0,38.0,39.0,39.0,41.0,42.0,41.0
02-Oct-2019 11:10:00,43.0,38.0,38.0,38.0,38.0,38.0,37.0,36.0,36.0,37.0,36.0,37.0,36.0,38.0,38.0,39.0,38.35,38.0,37.0,38.0,38.0,37.0,37.0,38.0,38.0,39.0,39.0,41.0,42.0,41.0
02-Oct-2019 11:11:00,43.0,38.0,38.0,38.0,38.0,38.0,37.0,36.0,36.0,37.0,36.0,37.0,36.0,38.0,38.0,39.0,38.7,38.0,37.0,38.0,38.0,37.0,37.0,38.0,38.0,39.0,39.0,41.0,42.0,41.0
02-Oct-2019 11:12:00,43.0,38.0,38.0,38.0,38.0,38.0,37.0,36.0,36.0,37.0,36.13333333333333,37.0,36.0,38.0,38.0,39.0,38.85,38.0,37.0,38.0,38.0,37.0,37.0,38.0,38.0,39.0,39.0,41.0,42.0,41.0
02-Oct-2019 11:13:00,43.0,38.0,38.0,38.0,38.0,38.0,37.0,36.0,36.0,37.0,36.266666666666666,37.0,36.0,38.0,38.0,39.0,39.0,38.0,37.0,38.0,38.0,37.0,37.0,38.0,38.0,39.0,39.0,41.0,42.0,41.0
02-Oct-2019 11:14:00,43.0,38.0,38.0,38.0,38.0,38.0,37.0,36.0,36.0,37.0,36.63333333333333,37.0,36.0,38.0,38.0,39.0,39.0,38.0,37.0,38.0,38.0,37.0,37.0,38.0,38.0,39.0,39.0,41.0,42.0,41.0
02-Oct-2019 11:15:00,43.0,38.0,38.0,38.0,38.0,38.0,37.0,36.0,36.0,37.0,37.0,37.0,36.0,38.0,38.0,39.0,39.0,38.0,37.0,38.0,38.0,37.0,37.0,38.0,38.0,39.0,39.0,41.0,42.0,41.0
02-Oct-2019 11:16:00,43.0,38.0,38.0,38.0,38.0,38.0,37.0,36.0,36.0,37.0,37.0,37.0,36.0,38.0,38.0,39.0,39.0,38.0,37.0,38.0,38.0,37.0,37.0,38.0,38.0,39.0,39.0,41.0,42.0,41.0
02-Oct-2019 11:17:00,43.0,38.0,38.0,38.0,38.0,38.0,37.0,36.0,36.0,37.0,37.0,37.0,36.0,38.0,38.0,39.0,39.0,38.0,37.0,38.0,38.0,37.0,37.0,38.0,38.0,39.0,39.0,41.0,42.0,41.0
02-Oct-2019 11:18:00,43.0,38.0,38.0,38.0,38.0,38.0,37.0,36.0,36.0,37.0,37.0,37.0,36.0,38.0,38.0,39.0,39.0,38.0,37.0,38.0,38.0,37.0,37.0,38.0,38.45,39.0,39.0,41.0,42.0,41.0
02-Oct-2019 11:19:00,43.0,38.0,38.0,38.0,38.0,38.0,37.0,36.0,36.0,37.0,37.0,37.0,36.0,38.0,38.0,39.0,39.0,38.0,37.0,38.0,38.0,37.0,37.0,38.0,38.9,39.0,39.0,41.0,42.0,41.0
02-Oct-2019 11:20:00,43.0,38.0,38.0,38.0,38.0,38.0,37.0,36.0,36.0,37.0,37.0,37.0,36.0,38.0,38.0,39.233333333333334,39.0,38.0,37.0,38.0,38.31666666666666,37.5,37.0,38.0,38.95,39.0,39.21666666666667,41.0,42.0,41.0
02-Oct-2019 11:21:00,43.0,38.0,38.0,38.0,38.0,38.0,37.0,36.0,36.0,37.0,37.0,37.0,36.0,38.0,38.0,39.46666666666667,39.0,38.0,37.0,38.0,38.63333333333333,38.0,37.0,38.0,39.0,39.0,39.43333333333333,41.0,42.0,41.0
02-Oct-2019 11:22:00,43.0,38.0,38.0,38.0,38.0,38.0,37.0,36.0,36.0,37.0,37.0,37.0,36.0,38.0,38.0,39.733333333333334,39.0,38.0,37.0,38.0,38.81666666666666,38.0,37.0,38.0,39.0,39.0,39.71666666666667,41.0,42.0,41.0
02-Oct-2019 11:23:00,43.0,38.0,38.0,38.0,38.0,38.0,37.0,36.0,36.0,37.0,37.0,37.0,36.0,38.0,38.0,40.0,39.0,38.0,37.0,38.0,39.0,38.0,37.0,38.0,39.0,39.0,40.0,41.0,42.0,41.0
02-Oct-2019 11:24:00,43.0,38.0,38.0,38.0,38.0,38.0,37.0,36.0,36.0,37.0,37.0,37.0,36.0,38.0,38.0,40.0,39.0,38.0,37.0,38.0,38.68333333333334,38.0,37.0,38.0,39.0,39.0,40.0,41.0,42.0,41.0
02-Oct-2019 11:25:00,43.0,38.0,38.0,38.0,38.0,38.0,37.0,36.0,36.0,37.0,37.0,37.0,36.0,38.0,38.0,40.0,39.0,38.0,37.0,38.0,38.36666666666667,38.0,37.0,38.0,39.0,39.0,40.0,41.0,42.0,41.0
02-Oct-2019 11:26:00,43.0,38.0,38.0,38.0,38.0,38.0,37.0,36.0,36.0,37.0,37.0,37.0,36.0,38.0,38.0,40.0,39.0,38.0,37.0,38.0,38.489784946236554,38.0,37.0,38.0,39.0,39.0,40.0,41.0,42.0,41.0
02-Oct-2019 11:27:00,43.0,38.0,38.0,38.0,38.0,38.0,37.0,36.0,36.0,37.0,37.0,37.0,36.0,38.0,38.0,40.0,39.0,38.0,37.0,38.0,38.61290322580645,38.0,37.0,38.0,39.0,39.0,40.0,41.0,42.0,41.0
02-Oct-2019 11:28:00,43.0,38.0,38.0,38.0,38.0,38.0,37.0,36.0,36.0,37.0,37.0,37.0,36.0,38.0,38.0,40.0,39.0,38.0,37.0,38.0,38.806451612903224,38.0,37.0,38.0,39.0,39.0,40.0,41.0,42.0,41.0
02-Oct-2019 11:29:00,43.0,38.0,38.0,38.0,38.0,38.0,37.0,36.0,36.0,37.0,37.0,37.0,36.0,38.0,38.0,40.0,39.0,38.0,37.0,38.0,39.0,38.0,37.0,38.0,39.0,39.0,40.0,41.0,42.0,41.0
02-Oct-2019 11:30:00,43.0,38.0,37.53333333333333,38.0,38.0,38.0,37.0,36.0,36.0,37.0,37.0,37.0,36.0,38.0,38.0,39.78333333333333,39.0,38.0,37.0,38.0,39.0,38.0,37.0,38.0,39.0,39.0,39.8,41.0,42.0,41.0
02-Oct-2019 11:31:00,43.0,38.0,37.06666666666667,38.0,38.0,38.0,37.0,36.0,36.0,37.0,37.0,37.0,36.0,38.0,38.0,39.56666666666667,39.0,38.0,37.0,38.0,39.0,38.0,37.0,38.0,39.0,39.0,39.6,41.0,42.0,41.0
02-Oct-2019 11:32:00,43.0,38.0,37.03333333333333,38.0,38.0,38.0,37.0,36.0,36.0,37.0,37.0,37.0,36.0,38.0,38.0,39.28333333333333,39.0,38.0,37.0,38.0,39.0,37.5,37.0,38.0,39.0,39.0,39.3,41.0,42.0,41.0
02-Oct-2019 11:33:00,43.0,38.0,37.0,38.0,38.0,38.0,37.0,36.0,36.0,37.0,37.0,37.0,36.0,38.0,38.0,39.0,39.0,38.0,37.0,38.0,39.0,37.0,37.0,38.0,39.0,39.0,39.0,41.0,42.0,41.0
02-Oct-2019 11:34:00,43.0,38.0,37.46666666666667,38.0,38.0,38.0,37.0,36.0,36.0,37.0,37.0,37.0,36.0,38.0,38.0,39.0,39.0,38.0,37.0,38.0,39.0,37.0,37.0,38.0,39.0,39.0,39.0,41.0,42.0,41.0
02-Oct-2019 11:35:00,43.0,38.0,37.93333333333333,38.0,38.0,38.0,37.0,36.0,36.0,37.0,37.0,37.0,36.0,38.0,38.0,39.0,39.0,38.0,37.0,38.0,39.0,37.0,37.0,38.0,39.0,39.0,39.0,41.0,42.0,41.0
02-Oct-2019 11:36:00,43.0,38.0,37.96666666666667,38.0,38.0,38.0,37.0,36.0,36.0,37.0,37.0,37.0,36.0,38.0,38.0,39.0,39.0,38.0,37.0,38.0,39.0,37.0,37.0,38.0,39.0,39.0,39.0,41.0,42.0,41.0
02-Oct-2019 11:37:00,43.0,38.0,38.0,38.0,38.0,38.0,37.0,36.0,36.0,37.0,37.0,37.0,36.0,38.0,38.0,39.0,39.0,38.0,37.0,38.0,39.0,37.0,37.0,38.0,39.0,39.0,39.0,41.0,42.0,41.0
02-Oct-2019 11:38:00,43.0,38.0,38.0,38.0,38.0,38.0,37.0,36.0,36.0,37.0,37.0,37.0,36.0,38.0,38.0,39.2,39.0,38.0,37.0,38.0,39.0,37.5,37.0,38.0,38.55,39.0,39.0,41.0,42.0,41.0
02-Oct-2019 11:39:00,43.0,38.0,38.0,38.0,38.0,38.0,37.0,36.0,36.0,37.0,37.0,37.0,36.0,38.0,38.0,39.4,39.0,38.0,37.0,38.0,39.0,38.0,37.0,38.0,38.1,39.0,39.0,41.0,42.0,41.0
02-Oct-2019 11:40:00,43.0,38.0,37.53333333333333,38.0,38.0,38.0,37.0,36.0,36.0,37.0,37.0,37.0,36.0,38.0,38.0,39.7,39.0,38.33333333333333,37.0,38.0,39.0,38.0,37.0,38.0,38.05,39.0,39.0,41.0,42.0,41.0
02-Oct-2019 11:41:00,43.0,38.0,37.06666666666667,38.0,38.0,38.0,37.0,36.0,36.0,37.0,37.0,37.0,36.0,38.0,38.0,40.0,39.0,38.666666666666664,37.0,38.0,39.0,38.0,37.0,38.0,38.0,39.0,39.0,41.0,42.0,41.0
02-Oct-2019 11:42:00,43.0,38.0,37.03333333333333,38.0,38.0,38.0,37.0,36.0,36.0,37.0,37.0,37.0,36.0,38.0,38.0,40.0,39.0,38.83333333333333,37.0,38.0,39.0,38.0,37.0,38.0,38.45,39.0,39.0,41.0,42.0,41.0
02-Oct-2019 11:43:00,43.0,38.0,37.0,38.0,38.0,38.0,37.0,36.0,36.0,37.0,37.0,37.0,36.0,38.0,38.0,40.0,39.0,39.0,37.0,38.0,39.0,38.0,37.0,38.0,38.9,39.0,39.0,41.0,42.0,41.0
02-Oct-2019 11:44:00,43.0,38.0,37.0,38.0,38.0,38.0,37.0,36.0,36.0,37.0,37.0,37.0,36.0,38.0,38.0,40.0,39.0,39.0,37.0,38.0,39.0,38.0,37.0,38.0,38.95,39.0,39.0,41.0,42.0,41.0
02-Oct-2019 11:45:00,43.0,38.0,37.0,38.0,38.0,38.0,37.0,36.0,36.0,37.0,37.0,37.0,36.0,38.0,38.0,40.0,39.0,39.0,37.0,38.0,39.0,38.0,37.0,38.0,39.0,39.0,39.0,41.0,42.0,41.0
02-Oct-2019 11:46:00,43.0,38.0,37.0,38.0,38.0,38.0,37.0,36.0,36.0,37.0,37.0,37.0,36.0,38.0,38.0,40.0,39.0,39.0,37.0,38.0,39.0,38.0,37.0,38.0,39.0,39.0,39.0,41.0,42.0,41.0
02-Oct-2019 11:47:00,43.0,38.0,37.0,38.0,38.0,38.0,37.0,36.0,36.0,37.0,37.0,37.0,36.0,38.0,38.0,40.0,39.0,39.0,37.0,38.0,39.0,38.0,37.0,38.0,39.0,39.0,39.0,41.0,42.0,41.0
02-Oct-2019 11:48:00,43.0,38.0,37.0,38.0,38.0,38.0,37.0,36.0,36.0,37.0,37.0,37.0,36.0,38.0,38.0,40.0,39.0,39.0,37.0,38.0,39.0,38.0,37.0,38.0,39.0,39.0,39.233333333333334,41.0,42.0,41.0
02-Oct-2019 11:49:00,43.0,38.0,37.0,38.0,38.0,38.0,37.0,36.0,36.0,37.0,37.0,37.0,36.0,38.0,38.0,40.0,39.0,39.0,37.0,38.0,39.0,38.0,37.0,38.0,39.0,39.0,39.46666666666667,41.0,42.0,41.0
02-Oct-2019 11:50:00,43.43333333333334,38.0,37.483333333333334,38.03333333333333,38.38333333333333,38.06666666666666,37.0,36.15,36.36666666666667,37.0,37.0,37.08333333333333,36.0,38.0,38.0,40.0,39.0,39.0,37.0,38.1,39.0,38.0,37.0,38.0,39.0,39.0,39.733333333333334,41.21666666666667,42.0,41.266666666666666
02-Oct-2019 11:51:00,43.86666666666667,38.0,37.96666666666667,38.06666666666667,38.766666666666666,38.13333333333333,37.0,36.3,36.733333333333334,37.0,37.0,37.166666666666664,36.0,38.0,38.0,40.0,39.0,39.0,37.0,38.2,39.0,38.0,37.0,38.0,39.0,39.0,40.0,41.43333333333333,42.0,41.53333333333333
02-Oct-2019 11:52:00,44.36666666666667,38.41666666666667,38.46666666666667,38.56666666666667,39.27988505747126,38.63333333333333,37.25,36.8,37.233333333333334,37.38709677419355,37.13333333333333,37.666666666666664,36.31666666666666,38.93333333333334,38.16666666666667,40.2,39.35,39.33333333333333,37.36666666666667,38.7,39.28333333333333,38.0,37.05,38.233333333333334,39.45,39.016666666666666,40.233333333333334,41.93333333333333,42.3,42.03333333333333
02-Oct-2019 11:53:00,44.86666666666667,38.833333333333336,38.96666666666667,39.06666666666667,39.793103448275865,39.13333333333333,37.5,37.3,37.733333333333334,37.774193548387096,37.266666666666666,38.166666666666664,36.63333333333333,39.86666666666667,38.333333333333336,40.4,39.7,39.666666666666664,37.733333333333334,39.2,39.56666666666667,38.0,37.1,38.46666666666667,39.9,39.03333333333333,40.46666666666667,42.43333333333333,42.6,42.53333333333333
02-Oct-2019 11:54:00,45.36666666666667,39.333333333333336,39.46666666666667,39.56666666666667,39.896551724137936,39.63333333333333,38.0,37.8,37.86666666666667,38.27043010752688,37.766666666666666,38.58333333333333,37.13333333333333,39.93333333333334,38.833333333333336,40.9,40.2,40.166666666666664,38.36666666666667,39.7,40.06666666666667,38.5,37.6,39.233333333333334,40.4,39.53333333333333,40.96666666666667,42.71666666666667,43.1,43.03333333333333
02-Oct-2019 11:55:00,45.86666666666667,39.833333333333336,39.96666666666667,40.06666666666667,40.0,40.13333333333333,38.5,38.3,38.0,38.766666666666666,38.266666666666666,39.0,37.63333333333333,40.0,39.333333333333336,41.4,40.7,40.666666666666664,39.0,40.2,40.56666666666667,39.0,38.1,40.0,40.9,40.03333333333333,41.46666666666667,43.0,43.6,43.53333333333333
02-Oct-2019 11:56:00,46.36666666666667,40.333333333333336,40.46666666666667,40.53333333333333,40.4,40.56666666666666,39.0,38.65,38.36666666666667,39.266666666666666,38.63333333333333,39.08333333333333,38.13333333333333,40.46666666666667,39.833333333333336,41.9,40.85,40.83333333333333,39.18333333333334,40.6,41.06666666666667,39.5,38.6,40.11666666666667,40.95,40.53333333333333,41.733333333333334,43.21666666666667,44.1,43.766666666666666
02-Oct-2019 11:57:00,46.86666666666667,40.833333333333336,40.96666666666667,41.0,40.8,41.0,39.5,39.0,38.733333333333334,39.766666666666666,39.0,39.166666666666664,38.63333333333333,40.93333333333333,40.333333333333336,42.4,41.0,41.0,39.36666666666667,41.0,41.56666666666667,40.0,39.1,40.233333333333334,41.0,41.03333333333333,42.0,43.43333333333333,44.6,44.0
02-Oct-2019 11:58:00,46.93333333333334,40.91666666666667,40.983333333333334,41.03333333333333,40.9,41.06666666666666,39.75,39.0,38.86666666666667,39.88333333333333,39.13333333333333,39.58333333333333,38.81666666666666,40.96666666666667,40.66666666666667,42.7,41.35,41.33333333333333,39.68333333333334,41.1,41.78333333333333,40.5,39.55,40.61666666666667,41.45,41.516666666666666,42.233333333333334,43.93333333333333,44.8,44.266666666666666
02-Oct-2019 11:59:00,47.0,41.0,41.0,41.06666666666667,41.0,41.13333333333333,40.0,39.0,39.0,40.0,39.266666666666666,40.0,39.0,41.0,41.0,43.0,41.7,41.666666666666664,40.0,41.2,42.0,41.0,40.0,41.0,41.9,42.0,42.46666666666667,44.43333333333333,45.0,44.53333333333333
02-Oct-2019 12:00:00,47.0,41.0,41.0,41.53333333333333,41.41666666666667,41.56666666666666,40.0,39.15,39.0,40.0,39.63333333333333,40.0,39.0,41.46666666666667,41.0,43.0,41.85,41.83333333333333,40.0,41.6,42.0,41.0,40.0,41.11666666666667,41.95,42.016666666666666,42.733333333333334,44.71666666666667,45.3,45.03333333333333
02-Oct-2019 12:01:00,47.0,41.0,41.0,42.0,41.833333333333336,42.0,40.0,39.3,39.0,40.0,40.0,40.0,39.0,41.93333333333333,41.0,43.0,42.0,42.0,40.0,42.0,42.0,41.0,40.0,41.233333333333334,42.0,42.03333333333333,43.0,45.0,45.6,45.53333333333333
02-Oct-2019 12:02:00,47.43333333333334,41.0,41.0,42.0,41.91666666666667,42.0,40.0,39.65,39.36666666666667,40.0,40.0,40.08333333333333,39.0,41.96666666666667,41.0,43.0,42.0,42.0,40.18333333333334,42.0,42.28333333333333,41.0,40.05,41.733333333333334,42.9,42.53333333333333,43.46666666666667,45.21666666666667,46.400000000000006,46.03333333333333
02-Oct-2019 12:03:00,47.86666666666667,41.0,41.0,42.0,42.0,42.0,40.0,40.0,39.733333333333334,40.0,40.0,40.166666666666664,39.0,42.0,41.0,43.0,42.0,42.0,40.36666666666667,42.0,42.56666666666667,41.0,40.1,42.233333333333334,43.8,43.03333333333333,43.93333333333333,45.43333333333333,47.2,46.53333333333333
02-Oct-2019 12:04:00,47.93333333333334,41.38333333333333,41.483333333333334,42.0,42.0,42.0,40.0,40.0,39.86666666666667,40.0,40.0,40.58333333333333,39.31666666666666,42.0,41.16666666666667,43.0,42.0,42.0,40.68333333333334,42.1,42.78333333333333,41.5,40.6,42.61666666666667,44.349999999999994,43.53333333333333,44.7,45.93333333333333,47.900000000000006,47.3
02-Oct-2019 12:05:00,48.0,41.766666666666666,41.96666666666667,42.0,42.0,42.0,40.0,40.0,40.0,40.0,40.0,41.0,39.63333333333333,42.0,41.333333333333336,43.0,42.0,42.0,41.0,42.2,43.0,42.0,41.1,43.0,44.9,44.03333333333333,45.46666666666667,46.43333333333333,48.6,48.06666666666667
02-Oct-2019 12:06:00,48.0,41.88333333333333,41.983333333333334,42.0,42.0,42.08333333333333,40.0,40.0,40.0,40.0,40.0,41.0,39.81666666666666,42.0,41.66666666666667,43.0,42.0,42.33333333333333,41.0,42.6,43.28333333333333,42.5,41.55,43.11666666666667,44.95,44.53333333333333,45.96666666666667,46.71666666666667,49.1,48.8
02-Oct-2019 12:07:00,48.0,42.0,42.0,42.0,42.0,42.166666666666664,40.0,40.0,40.0,40.0,40.0,41.0,40.0,42.0,42.0,43.0,42.0,42.666666666666664,41.0,43.0,43.56666666666667,43.0,42.0,43.233333333333334,45.0,45.03333333333333,46.46666666666667,47.0,49.6,49.53333333333333
02-Oct-2019 12:08:00,48.0,42.0,42.0,42.03333333333333,42.0,42.58333333333333,40.25,40.0,40.0,40.0,40.0,41.0,40.0,42.0,42.0,43.0,42.35,42.83333333333333,41.0,43.0,43.78333333333333,43.5,42.05,43.733333333333334,45.45,45.516666666666666,46.96666666666667,47.21666666666667,50.1,50.03333333333333
02-Oct-2019 12:09:00,48.0,42.0,42.0,42.06666666666667,42.0,43.0,40.5,40.0,40.0,40.0,40.0,41.0,40.0,42.0,42.0,43.0,42.7,43.0,41.0,43.0,44.0,44.0,42.1,44.233333333333334,45.9,46.0,47.46666666666667,47.43333333333333,50.6,50.53333333333333
02-Oct-2019 12:10:00,48.0,42.0,42.0,42.53333333333333,42.0,43.0,40.75,40.0,40.0,40.0,40.0,41.06666666666666,40.0,42.0,42.0,43.0,42.85,43.0,41.16666666666667,43.1,44.0,44.5,42.55,44.61666666666667,45.95,46.016666666666666,47.733333333333334,47.71666666666667,51.1,50.766666666666666
02-Oct-2019 12:11:00,48.0,42.0,42.0,43.0,42.0,43.0,41.0,40.0,40.0,40.0,40.0,41.13333333333333,40.0,42.0,42.0,43.0,43.0,43.0,41.333333333333336,43.2,44.0,45.0,43.0,45.0,46.0,46.03333333333333,48.0,48.0,51.6,51.0
02-Oct-2019 12:12:00,48.43333333333334,42.0,42.0,43.0,42.0,43.0,41.0,40.0,40.36666666666667,40.0,40.0,41.56666666666666,40.0,42.46666666666667,42.0,43.2,43.0,43.0,41.66666666666667,43.6,44.0,45.0,43.0,45.0,46.0,46.516666666666666,48.0,48.0,51.8,51.266666666666666
02-Oct-2019 12:13:00,48.86666666666667,42.0,42.0,43.0,42.0,43.0,41.0,40.0,40.733333333333334,40.0,40.0,42.0,40.0,42.93333333333333,42.0,43.4,43.0,43.0,42.0,44.0,44.0,45.0,43.0,45.0,46.0,47.0,48.0,48.0,52.0,51.53333333333333
02-Oct-2019 12:14:00,48.93333333333334,42.0,42.0,43.0,42.0,43.0,41.0,40.0,40.86666666666667,40.0,40.0,42.0,40.0,42.96666666666667,42.0,43.7,43.0,43.0,42.0,44.0,44.28333333333333,45.0,43.05,45.0,46.45,47.0,48.233333333333334,48.21666666666667,52.0,51.766666666666666
02-Oct-2019 12:15:00,49.0,42.0,42.0,43.0,42.0,43.0,41.0,40.0,41.0,40.0,40.0,42.0,40.0,43.0,42.0,44.0,43.0,43.0,42.0,44.0,44.56666666666667,45.0,43.1,45.0,46.9,47.0,48.46666666666667,48.43333333333333,52.0,52.0
02-Oct-2019 12:16:00,49.0,42.0,42.483333333333334,43.0,42.0,43.0,41.0,40.0,41.0,40.0,40.0,42.0,40.0,43.0,42.18333333333334,44.0,43.0,43.0,41.83333333333333,44.0,44.78333333333333,45.0,43.55,45.0,46.95,47.0,48.733333333333334,48.71666666666667,52.3,52.0
02-Oct-2019 12:17:00,49.0,42.0,42.96666666666667,43.0,42.0,43.0,41.0,40.0,41.0,40.0,40.0,42.0,40.0,43.0,42.36666666666667,44.0,43.0,43.0,41.666666666666664,44.0,45.0,45.0,44.0,45.0,47.0,47.0,49.0,49.0,52.6,52.0
02-Oct-2019 12:18:00,49.0,42.0,42.5,43.0,42.0,43.0,41.0,40.0,41.0,40.0,40.0,42.0,40.0,43.0,42.68333333333334,44.0,43.0,43.0,41.33333333333333,44.0,45.0,45.0,44.0,45.0,47.0,47.016666666666666,49.0,49.0,52.8,52.0
02-Oct-2019 12:19:00,49.0,42.0,42.03333333333333,43.0,42.0,43.0,41.0,40.0,41.0,40.0,40.0,42.0,40.0,43.0,43.0,44.0,43.0,43.0,41.0,44.0,45.0,45.0,44.0,45.0,47.0,47.03333333333333,49.0,49.0,53.0,52.0
02-Oct-2019 12:20:00,49.0,42.0,42.016666666666666,43.0,42.0,43.0,41.0,40.0,41.0,40.0,40.0,42.0,40.0,43.0,43.0,44.0,43.0,43.0,41.0,44.0,45.0,45.0,44.0,45.0,47.0,47.516666666666666,49.0,49.0,53.0,52.0
02-Oct-2019 12:21:00,49.0,42.0,42.0,43.0,42.0,43.0,41.0,40.0,41.0,40.0,40.0,42.0,40.0,43.0,43.0,44.0,43.0,43.0,41.0,44.0,45.0,45.0,44.0,45.0,47.0,48.0,49.0,49.0,53.0,52.0
02-Oct-2019 12:22:00,49.0,42.0,42.0,43.0,42.0,43.0,41.0,40.0,40.63333333333333,40.0,40.0,42.0,40.0,43.0,43.0,44.0,43.0,43.0,41.16666666666667,44.0,45.0,45.0,44.0,45.0,47.45,48.0,49.0,49.0,53.0,52.0
02-Oct-2019 12:23:00,49.0,42.0,42.0,43.0,42.0,43.0,41.0,40.0,40.266666666666666,40.0,40.0,42.0,40.0,43.0,43.0,44.0,43.0,43.0,41.333333333333336,44.0,45.0,45.0,44.0,45.0,47.9,48.0,49.0,49.0,53.0,52.0
02-Oct-2019 12:24:00,49.0,42.0,42.0,43.0,42.0,43.0,41.0,40.0,40.13333333333333,40.0,40.0,42.0,40.0,43.0,43.0,44.0,43.0,43.0,41.66666666666667,44.0,45.0,45.0,44.0,45.11666666666667,47.95,48.0,49.0,49.0,53.0,52.266666666666666
02-Oct-2019 12:25:00,49.0,42.0,42.0,43.0,42.0,43.0,41.0,40.0,40.0,40.0,40.0,42.0,40.0,43.0,43.0,44.0,43.0,43.0,42.0,44.0,45.0,45.0,44.0,45.233333333333334,48.0,48.0,49.0,49.0,53.0,52.53333333333333
02-Oct-2019 12:26:00,49.0,42.0,42.0,43.0,42.0,43.0,41.0,40.0,40.0,40.0,40.0,42.0,40.0,43.0,43.0,44.0,43.0,43.0,42.0,44.0,45.0,45.5,44.0,45.61666666666667,48.0,48.0,49.21666666666667,49.0,53.3,52.766666666666666
02-Oct-2019 12:27:00,49.0,42.0,42.0,43.0,42.0,43.0,41.0,40.0,40.0,40.0,40.0,42.0,40.0,43.0,43.0,44.0,43.0,43.0,42.0,44.0,45.0,46.0,44.0,46.0,48.0,48.0,49.43333333333333,49.0,53.6,53.0
02-Oct-2019 12:28:00,49.0,42.0,42.0,43.0,42.0,43.0,41.0,40.0,40.0,40.0,40.0,42.0,40.0,43.0,43.0,44.0,43.0,43.0,42.0,44.0,45.0,46.0,44.0,46.0,48.0,48.0,49.71666666666667,49.0,53.8,53.0
02-Oct-2019 12:29:00,49.0,42.0,42.0,43.0,42.0,43.0,41.0,40.0,40.0,40.0,40.0,42.0,40.0,43.0,43.0,44.0,43.0,43.0,42.0,44.0,45.0,46.0,44.0,46.0,48.0,48.0,50.0,49.0,54.0,53.0
02-Oct-2019 12:30:00,49.0,42.0,42.0,43.0,42.0,43.0,41.0,40.0,40.36666666666667,40.0,40.0,42.0,40.0,43.0,43.0,44.0,43.0,43.0,42.0,44.0,45.0,46.0,44.0,46.0,48.0,48.0,50.0,49.2,54.0,53.0
02-Oct-2019 12:31:00,49.0,42.0,42.0,43.0,42.0,43.0,41.0,40.0,40.733333333333334,40.0,40.0,42.0,40.0,43.0,43.0,44.0,43.0,43.0,42.0,44.0,45.0,46.0,44.0,46.0,48.0,48.0,50.0,49.4,54.0,53.0
02-Oct-2019 12:32:00,49.0,42.0,42.46666666666667,43.0,42.0,43.0,41.0,40.0,40.86666666666667,40.0,40.0,42.0,40.0,43.0,43.0,44.0,43.0,43.0,42.0,44.0,45.0,46.0,44.0,46.0,48.0,48.0,50.0,49.7,54.0,53.0
02-Oct-2019 12:33:00,49.0,42.0,42.93333333333333,43.0,42.0,43.0,41.0,40.0,41.0,40.0,40.0,42.0,40.0,43.0,43.0,44.0,43.0,43.0,42.0,44.0,45.0,46.0,44.0,46.0,48.0,48.0,50.0,50.0,54.0,53.0
02-Oct-2019 12:34:00,49.0,42.0,42.96666666666667,43.0,42.38333333333333,43.0,41.0,40.0,41.0,40.0,40.0,42.0,40.0,43.0,43.0,44.0,43.0,43.0,42.0,44.0,45.0,46.0,44.0,46.0,48.0,48.0,50.0,50.0,54.0,53.0
02-Oct-2019 12:35:00,49.0,42.0,43.0,43.0,42.766666666666666,43.0,41.0,40.0,41.0,40.0,40.0,42.0,40.0,43.0,43.0,44.0,43.0,43.0,42.0,44.0,45.0,46.0,44.0,46.0,48.0,48.0,50.0,50.0,54.0,53.0
02-Oct-2019 12:36:00,49.0,42.0,43.0,43.0,42.88333333333333,43.0,41.0,40.0,41.0,40.0,40.0,42.0,40.0,43.0,43.0,44.0,43.0,43.0,42.0,44.0,45.0,46.0,44.0,46.0,48.0,48.0,50.0,50.0,54.0,53.0
02-Oct-2019 12:37:00,49.0,42.0,43.0,43.0,43.0,43.0,41.0,40.0,41.0,40.0,40.0,42.0,40.0,43.0,43.0,44.0,43.0,43.0,42.0,44.0,45.0,46.0,44.0,46.0,48.0,48.0,50.0,50.0,54.0,53.0
02-Oct-2019 12:38:00,49.0,42.0,43.0,43.0,42.61666666666667,43.0,41.0,40.0,41.0,40.0,40.0,42.0,40.0,43.0,43.0,44.0,43.0,43.0,42.0,44.0,45.0,46.0,44.0,46.0,48.0,48.0,50.0,50.0,54.0,53.0
02-Oct-2019 12:39:00,49.0,42.0,43.0,43.0,42.233333333333334,43.0,41.0,40.0,41.0,40.0,40.0,42.0,40.0,43.0,43.0,44.0,43.0,43.0,42.0,44.0,45.0,46.0,44.0,46.0,48.0,48.0,50.0,50.0,54.0,53.0
02-Oct-2019 12:40:00,49.0,42.0,43.0,43.0,42.11666666666667,43.0,41.0,40.0,41.0,40.0,40.0,42.0,40.0,43.0,43.0,44.0,43.0,43.0,42.0,44.0,45.0,46.0,44.0,46.0,48.0,48.0,50.0,50.0,54.0,53.0
02-Oct-2019 12:41:00,49.0,42.0,43.0,43.0,42.0,43.0,41.0,40.0,41.0,40.0,40.0,42.0,40.0,43.0,43.0,44.0,43.0,43.0,42.0,44.0,45.0,46.0,44.0,46.0,48.0,48.0,50.0,50.0,54.0,53.0
02-Oct-2019 12:42:00,49.0,42.0,43.0,43.0,42.0,43.0,41.0,40.0,41.0,40.0,40.0,42.0,40.0,43.0,43.0,44.0,43.0,43.0,41.827586206896555,44.0,45.0,45.5,44.0,46.0,48.0,48.0,50.0,50.0,54.0,53.0
02-Oct-2019 12:43:00,49.0,42.0,43.0,43.0,42.0,43.0,41.0,40.0,41.0,40.0,40.0,42.0,40.0,43.0,43.0,44.0,43.0,43.0,41.6551724137931,44.0,45.0,45.0,44.0,46.0,48.0,48.0,50.0,50.0,54.0,53.0
02-Oct-2019 12:44:00,49.0,42.0,43.0,43.0,42.0,43.0,41.0,40.0,41.0,40.0,40.0,42.0,40.0,43.0,43.0,44.0,43.0,43.0,41.327586206896555,44.0,45.0,45.0,44.0,46.0,48.0,48.0,50.0,50.0,54.0,53.0
02-Oct-2019 12:45:00,49.0,42.0,43.0,43.0,42.0,43.0,41.0,40.0,41.0,40.0,40.0,42.0,40.0,43.0,43.0,44.0,43.0,43.0,41.0,44.0,45.0,45.0,44.0,46.0,48.0,48.0,50.0,50.0,54.0,53.0
02-Oct-2019 12:46:00,49.0,42.0,43.0,43.0,42.0,43.0,41.0,40.0,41.0,40.0,40.0,42.0,40.310344827586206,43.0,43.0,44.0,43.0,43.0,41.0,44.0,45.0,45.0,44.0,46.0,48.0,48.0,50.0,50.0,54.0,53.0
02-Oct-2019 12:47:00,49.0,42.0,43.0,43.0,42.0,43.0,41.0,40.0,41.0,40.0,40.0,42.0,40.62068965517241,43.0,43.0,44.0,43.0,43.0,41.0,44.0,45.0,45.0,44.0,46.0,48.0,48.0,50.0,50.0,54.0,53.0
02-Oct-2019 12:48:00,49.0,42.0,42.53333333333333,43.0,42.0,43.0,41.0,40.0,41.0,40.0,40.0,42.0,40.49367816091954,43.0,43.0,44.0,43.0,43.0,41.0,44.0,45.0,45.0,44.0,46.0,48.45,48.0,50.0,50.0,54.0,53.0
02-Oct-2019 12:49:00,49.0,42.0,42.06666666666667,43.0,42.0,43.0,41.0,40.0,41.0,40.0,40.0,42.0,40.36666666666667,43.0,43.0,44.0,43.0,43.0,41.0,44.0,45.0,45.0,44.0,46.0,48.9,48.0,50.0,50.0,54.0,53.0
02-Oct-2019 12:50:00,49.0,42.0,42.51609195402299,43.0,42.0,43.0,41.0,40.0,41.0,40.0,40.0,42.0,40.18333333333334,43.0,43.0,44.0,43.0,43.0,41.0,44.0,45.0,45.0,44.0,46.0,48.95,48.0,50.0,50.0,54.0,53.0
02-Oct-2019 12:51:00,49.0,42.0,42.96551724137931,43.0,42.0,43.0,41.0,40.0,41.0,40.0,40.0,42.0,40.0,43.0,43.0,44.0,43.0,43.0,41.0,44.0,45.0,45.0,44.0,46.0,49.0,48.0,50.0,50.0,54.0,53.0
02-Oct-2019 12:52:00,49.0,42.0,42.98275862068965,43.0,42.38333333333333,43.0,41.0,40.0,41.0,40.0,40.0,42.0,40.31666666666666,43.0,43.0,44.0,43.0,43.0,41.0,44.0,45.0,45.0,44.0,46.0,49.0,48.016666666666666,50.0,50.0,54.0,53.0
02-Oct-2019 12:53:00,49.0,42.0,43.0,43.0,42.766666666666666,43.0,41.0,40.0,41.0,40.0,40.0,42.0,40.63333333333333,43.0,43.0,44.0,43.0,43.0,41.0,44.0,45.0,45.0,44.0,46.0,49.0,48.03333333333333,50.0,50.0,54.0,53.0
02-Oct-2019 12:54:00,49.0,42.0,43.0,43.0,42.5,43.0,41.0,40.0,41.0,40.0,40.0,42.0,40.81666666666666,43.0,43.0,44.0,43.0,43.0,41.0,44.0,45.0,45.0,44.0,46.0,49.0,48.516666666666666,50.0,50.0,54.0,53.0
02-Oct-2019 12:55:00,49.0,42.0,43.0,43.0,42.233333333333334,43.0,41.0,40.0,41.0,40.0,40.0,42.0,41.0,43.0,43.0,44.0,43.0,43.0,41.0,44.0,45.0,45.0,44.0,46.0,49.0,49.0,50.0,50.0,54.0,53.0
02-Oct-2019 12:56:00,49.0,42.0,43.0,43.0,42.11666666666667,43.0,41.0,40.0,41.0,40.0,40.0,42.0,41.0,43.0,43.0,44.0,43.0,43.0,41.0,44.0,45.0,45.0,44.0,46.0,49.0,49.0,50.0,50.0,54.0,53.0
02-Oct-2019 12:57:00,49.0,42.0,43.0,43.0,42.0,43.0,41.0,40.0,41.0,40.0,40.0,42.0,41.0,43.0,43.0,44.0,43.0,43.0,41.0,44.0,45.0,45.0,44.0,46.0,49.0,49.0,50.0,50.0,54.0,53.0
02-Oct-2019 12:58:00,49.0,42.0,43.0,43.0,42.0,43.0,41.0,40.0,41.0,40.0,40.0,42.0,41.0,43.0,43.0,44.0,43.0,43.0,41.0,43.9,45.0,45.0,44.0,46.0,49.0,49.0,50.0,50.0,54.0,53.0
02-Oct-2019 12:59:00,49.0,42.0,43.0,43.0,42.0,43.0,41.0,40.0,41.0,40.0,40.0,42.0,41.0,43.0,43.0,44.0,43.0,43.0,41.0,43.8,45.0,45.0,44.0,46.0,49.0,49.0,50.0,50.0,54.0,53.0
02-Oct-2019 13:00:00,49.0,42.0,43.0,43.0,42.0,43.0,41.0,40.0,41.0,40.0,40.0,42.0,41.0,43.0,43.0,44.0,43.0,43.0,41.0,43.4,45.0,45.0,44.0,46.0,49.0,48.983333333333334,50.0,50.0,54.0,53.0
02-Oct-2019 13:01:00,49.0,42.0,43.0,43.0,42.0,43.0,41.0,40.0,41.0,40.0,40.0,42.0,41.0,43.0,43.0,44.0,43.0,43.0,41.0,43.0,45.0,45.0,44.0,46.0,49.0,48.96666666666667,50.0,50.0,54.0,53.0
02-Oct-2019 13:02:00,49.0,42.0,43.0,43.0,42.0,43.0,41.0,40.0,41.0,40.0,40.0,42.0,40.68333333333334,43.0,43.0,44.0,43.0,43.0,41.0,43.0,45.0,45.0,44.0,46.0,49.0,48.483333333333334,50.0,50.0,54.0,53.0
02-Oct-2019 13:03:00,49.0,42.0,43.0,43.0,42.0,43.0,41.0,40.0,41.0,40.0,40.0,42.0,40.36666666666667,43.0,43.0,44.0,43.0,43.0,41.0,43.0,45.0,45.0,44.0,46.0,49.0,48.0,50.0,50.0,54.0,53.0
02-Oct-2019 13:04:00,49.0,42.0,42.516666666666666,43.0,42.0,43.0,41.0,40.0,41.0,40.0,40.0,42.0,40.18333333333334,43.0,43.0,44.0,43.0,43.0,41.0,43.0,45.0,45.0,44.0,46.0,49.0,48.0,50.0,50.0,54.0,53.0
02-Oct-2019 13:05:00,49.0,42.0,42.03333333333333,43.0,42.0,43.0,41.0,40.0,41.0,40.0,40.0,42.0,40.0,43.0,43.0,44.0,43.0,43.0,41.0,43.0,45.0,45.0,44.0,46.0,49.0,48.0,50.0,50.0,54.0,53.0
02-Oct-2019 13:06:00,48.56666666666666,42.0,42.016666666666666,43.0,42.0,43.0,41.0,40.0,41.0,40.0,40.0,42.0,40.0,43.0,43.0,44.0,43.0,43.0,41.0,43.0,45.0,45.0,44.0,46.0,49.0,48.016666666666666,50.0,50.0,53.7,53.0
02-Oct-2019 13:07:00,48.13333333333333,42.0,42.0,43.0,42.0,43.0,41.0,40.0,41.0,40.0,40.0,42.0,40.0,43.0,43.0,44.0,43.0,43.0,41.0,43.0,45.0,45.0,44.0,46.0,49.0,48.03333333333333,50.0,50.0,53.4,53.0
02-Oct-2019 13:08:00,48.5,42.0,42.0,43.0,42.0,43.0,41.0,40.0,41.0,40.0,40.0,42.0,40.0,43.0,43.0,44.0,43.0,43.0,41.0,43.1,45.0,45.0,44.0,46.0,49.0,48.516666666666666,50.0,50.0,53.2,53.0
02-Oct-2019 13:09:00,48.86666666666667,42.0,42.0,43.0,42.0,43.0,41.0,40.0,41.0,40.0,40.0,42.0,40.0,43.0,43.0,44.0,43.0,43.0,41.0,43.2,45.0,45.0,44.0,46.0,49.0,49.0,50.0,50.0,53.0,53.0
02-Oct-2019 13:10:00,48.93333333333334,42.0,42.0,43.0,42.0,43.0,41.0,40.0,40.63333333333333,40.41666666666667,40.0,42.0,40.0,43.0,43.0,44.0,43.0,43.0,41.0,43.6,45.0,45.0,44.0,46.0,49.0,49.0,49.766666666666666,50.0,53.0,52.71666666666667
02-Oct-2019 13:11:00,49.0,42.0,42.0,43.0,42.0,43.0,41.0,40.0,40.266666666666666,40.833333333333336,40.0,42.0,40.0,43.0,43.0,44.0,43.0,43.0,41.0,44.0,45.0,45.0,44.0,46.0,49.0,49.0,49.53333333333333,50.0,53.0,52.43333333333333
02-Oct-2019 13:12:00,49.0,42.0,42.0,43.0,42.0,43.0,41.0,40.0,40.5,40.91666666666667,40.0,42.0,40.0,43.0,43.0,44.0,43.0,43.0,41.0,44.0,45.0,45.0,44.0,46.0,49.0,48.983333333333334,49.266666666666666,50.0,53.0,52.21666666666667
02-Oct-2019 13:13:00,49.0,42.0,42.0,43.0,42.0,43.0,41.0,40.0,40.733333333333334,41.0,40.0,42.0,40.0,43.0,43.0,44.0,43.0,43.0,41.0,44.0,45.0,45.0,44.0,46.0,49.0,48.96666666666667,49.0,50.0,53.0,52.0
02-Oct-2019 13:14:00,49.0,42.0,42.0,43.0,42.0,43.0,41.0,40.0,40.86666666666667,41.0,40.0,42.0,40.0,43.0,43.0,44.0,43.0,43.0,41.0,43.9,45.0,45.0,44.0,46.0,49.0,48.5,49.233333333333334,50.0,53.0,52.28333333333333
02-Oct-2019 13:15:00,49.0,42.0,42.0,43.0,42.0,43.0,41.0,40.0,41.0,41.0,40.0,42.0,40.0,43.0,43.0,44.0,43.0,43.0,41.0,43.8,45.0,45.0,44.0,46.0,49.0,48.03333333333333,49.46666666666667,50.0,53.0,52.56666666666667
02-Oct-2019 13:16:00,49.0,42.0,42.483333333333334,43.0,42.0,43.0,41.0,40.0,41.0,41.0,40.0,42.0,40.31666666666666,43.0,43.0,44.0,43.0,43.0,41.0,43.4,45.0,45.0,44.0,46.0,49.0,48.516666666666666,49.733333333333334,50.0,53.3,52.78333333333333
02-Oct-2019 13:17:00,49.0,42.0,42.96666666666667,43.0,42.0,43.0,41.0,40.0,41.0,41.0,40.0,42.0,40.63333333333333,43.0,43.0,44.0,43.0,43.0,41.0,43.0,45.0,45.0,44.0,46.0,49.0,49.0,50.0,50.0,53.6,53.0
02-Oct-2019 13:18:00,48.56666666666666,42.0,42.983333333333334,43.0,42.0,43.0,41.0,40.0,41.0,40.58333333333333,40.0,42.0,40.81666666666666,43.0,43.0,44.0,43.0,43.0,41.0,43.0,45.0,45.0,44.0,46.0,49.0,49.0,50.0,50.0,53.8,53.0
02-Oct-2019 13:19:00,48.13333333333333,42.0,43.0,43.0,42.0,43.0,41.0,40.0,41.0,40.166666666666664,40.0,42.0,41.0,43.0,43.0,44.0,43.0,43.0,41.0,43.0,45.0,45.0,44.0,46.0,49.0,49.0,50.0,50.0,54.0,53.0
02-Oct-2019 13:20:00,48.06666666666666,42.0,42.516666666666666,43.0,42.0,43.0,41.0,40.0,40.63333333333333,40.08333333333333,40.13333333333333,42.0,41.0,43.0,43.0,44.0,43.0,43.0,41.0,43.0,45.0,45.0,44.0,46.0,49.0,49.0,50.0,50.0,54.0,53.0
02-Oct-2019 13:21:00,48.0,42.0,42.03333333333333,43.0,42.0,43.0,41.0,40.0,40.266666666666666,40.0,40.266666666666666,42.0,41.0,43.0,43.0,44.0,43.0,43.0,41.0,43.0,45.0,45.0,44.0,46.0,49.0,49.0,50.0,50.0,54.0,53.0
02-Oct-2019 13:22:00,48.43333333333334,42.38333333333333,42.48440860215054,43.03333333333333,42.4,43.08333333333333,41.266666666666666,40.15,40.5,40.41666666666667,40.63333333333333,42.06666666666666,41.0,43.48275862068965,43.18333333333334,44.0,43.33333333333333,43.35,41.16666666666667,43.1,45.25,45.0,44.05,46.11666666666667,49.0,49.0,50.233333333333334,50.21666666666667,54.3,53.28333333333333
02-Oct-2019 13:23:00,48.86666666666667,42.766666666666666,42.935483870967744,43.06666666666667,42.8,43.166666666666664,41.53333333333333,40.3,40.733333333333334,40.833333333333336,41.0,42.13333333333333,41.0,43.96551724137931,43.36666666666667,44.0,43.666666666666664,43.7,41.333333333333336,43.2,45.5,45.0,44.1,46.233333333333334,49.0,49.0,50.46666666666667,50.43333333333333,54.6,53.56666666666667
02-Oct-2019 13:24:00,49.36666666666667,43.266666666666666,43.43440860215054,43.53333333333333,43.3,43.666666666666664,41.766666666666666,40.8,41.233333333333334,41.333333333333336,41.13333333333333,42.63333333333333,41.31666666666666,44.466091954022986,43.86666666666667,44.2,43.83333333333333,44.188709677419354,41.833333333333336,43.7,45.75,45.5,44.6,46.61666666666667,49.45,49.016666666666666,50.96666666666667,50.93333333333333,54.8,54.06666666666667
02-Oct-2019 13:25:00,49.86666666666667,43.766666666666666,43.93333333333333,44.0,43.8,44.166666666666664,42.0,41.3,41.733333333333334,41.833333333333336,41.266666666666666,43.13333333333333,41.63333333333333,44.96666666666667,44.36666666666667,44.4,44.0,44.67741935483871,42.333333333333336,44.2,46.0,46.0,45.1,47.0,49.9,49.03333333333333,51.46666666666667,51.43333333333333,55.0,54.56666666666667
02-Oct-2019 13:26:00,49.93333333333334,43.88333333333333,44.43333333333333,44.03333333333333,43.9,44.58333333333333,42.25806451612903,41.65,41.86666666666667,41.91666666666667,41.63333333333333,43.56666666666666,41.81666666666666,44.983333333333334,44.68333333333334,44.7,44.35,44.83870967741936,42.66666666666667,44.6,46.26785714285714,46.5,45.55,47.11666666666667,49.95,49.516666666666666,51.733333333333334,51.71666666666667,55.0,55.057526881720435
02-Oct-2019 13:27:00,50.0,44.0,44.93333333333333,44.06666666666667,44.0,45.0,42.516129032258064,42.0,42.0,42.0,42.0,44.0,42.0,45.0,45.0,45.0,44.7,45.0,43.0,45.0,46.535714285714285,47.0,46.0,47.233333333333334,50.0,50.0,52.0,52.0,55.0,55.54838709677419
02-Oct-2019 13:28:00,50.0,44.0,44.96666666666667,44.53333333333333,44.4,45.0,42.75806451612903,42.0,42.36666666666667,42.41666666666667,42.0,44.0,42.0,45.483333333333334,45.0,45.0,44.85,45.0,43.16666666666667,45.1,46.76785714285714,47.0,46.0,47.61666666666667,50.0,50.0,52.0,52.2,55.0,55.774193548387096
02-Oct-2019 13:29:00,50.0,44.0,45.0,45.0,44.8,45.0,43.0,42.0,42.733333333333334,42.833333333333336,42.0,44.0,42.0,45.96666666666667,45.0,45.0,45.0,45.0,43.333333333333336,45.2,47.0,47.0,46.0,48.0,50.0,50.0,52.0,52.4,55.0,56.0
02-Oct-2019 13:30:00,50.0,44.38333333333333,45.0,45.0,44.9,45.08333333333333,43.0,42.14516129032258,42.86666666666667,42.91666666666667,42.13793103448276,44.0,42.0,45.983333333333334,45.18333333333334,45.233333333333334,45.0,45.35,43.66666666666667,45.6,47.0,47.0,46.0,48.0,50.0,50.0,52.21666666666667,52.7,55.0,56.0
02-Oct-2019 13:31:00,50.0,44.766666666666666,45.0,45.0,45.0,45.166666666666664,43.0,42.29032258064516,43.0,43.0,42.275862068965516,44.0,42.0,46.0,45.36666666666667,45.46666666666667,45.0,45.7,44.0,46.0,47.0,47.0,46.0,48.0,50.0,50.0,52.43333333333333,53.0,55.0,56.0
02-Oct-2019 13:32:00,50.0,44.88333333333333,45.0,45.0,45.0,45.5,43.0,42.64516129032258,43.0,43.0,42.63793103448276,44.0,42.0,46.0,45.68333333333334,45.733333333333334,45.0,45.85,44.0,46.0,47.0,47.0,46.0,48.0,50.0,50.016666666666666,52.71666666666667,53.0,55.0,56.0
02-Oct-2019 13:33:00,50.0,45.0,45.0,45.0,45.0,45.833333333333336,43.0,43.0,43.0,43.0,43.0,44.0,42.0,46.0,46.0,46.0,45.0,46.0,44.0,46.0,47.0,47.0,46.0,48.0,50.0,50.03333333333333,53.0,53.0,55.0,56.0
02-Oct-2019 13:34:00,50.0,45.0,45.0,45.03333333333333,45.0,45.5,43.0,43.0,43.0,43.0,43.0,44.06666666666666,42.31666666666666,46.0,46.0,46.0,45.0,46.0,44.0,46.0,47.0,47.0,46.0,48.0,50.0,50.516666666666666,53.0,53.0,55.0,56.0
02-Oct-2019 13:35:00,50.0,45.0,45.0,45.06666666666667,45.0,45.166666666666664,43.0,43.0,43.0,43.0,43.0,44.13333333333333,42.63333333333333,46.0,46.0,46.0,45.0,46.0,44.0,46.0,47.0,47.0,46.0,48.0,50.0,51.0,53.0,53.0,55.0,56.0
02-Oct-2019 13:36:00,50.0,45.0,45.0,45.53333333333333,45.0,45.58333333333333,43.25,43.0,43.0,43.0,43.0,44.56666666666666,42.81666666666666,46.0,46.0,46.0,45.33333333333333,46.0,44.0,46.0,47.0,47.0,46.0,48.0,50.0,51.0,53.0,53.0,55.0,56.0
02-Oct-2019 13:37:00,50.0,45.0,45.0,46.0,45.0,46.0,43.5,43.0,43.0,43.0,43.0,45.0,43.0,46.0,46.0,46.0,45.666666666666664,46.0,44.0,46.0,47.0,47.0,46.0,48.0,50.0,51.0,53.0,53.0,55.0,56.0
02-Oct-2019 13:38:00,50.0,45.0,45.0,46.0,45.0,46.0,43.75,43.0,43.0,43.0,43.0,45.0,43.0,46.0,46.0,46.0,45.83333333333333,46.0,44.0,46.0,47.0,47.0,46.0,48.0,50.0,51.0,53.0,53.0,55.0,56.0
02-Oct-2019 13:39:00,50.0,45.0,45.0,46.0,45.0,46.0,44.0,43.0,43.0,43.0,43.0,45.0,43.0,46.0,46.0,46.0,46.0,46.0,44.0,46.0,47.0,47.0,46.0,48.0,50.0,51.0,53.0,53.0,55.0,56.0
02-Oct-2019 13:40:00,50.0,45.0,45.0,46.0,45.0,46.0,44.0,43.0,43.0,43.0,43.0,45.0,43.0,46.0,46.0,46.0,46.0,46.0,44.0,46.0,47.0,47.0,46.0,48.0,50.0,51.0,53.0,53.0,55.310344827586206,56.0
02-Oct-2019 13:41:00,50.0,45.0,45.0,46.0,45.0,46.0,44.0,43.0,43.0,43.0,43.0,45.0,43.0,46.0,46.0,46.0,46.0,46.0,44.0,46.0,47.0,47.0,46.0,48.0,50.0,51.0,53.0,53.0,55.62068965517241,56.0
02-Oct-2019 13:42:00,50.0,45.0,45.0,46.0,45.0,46.0,44.0,43.0,43.0,43.0,43.0,45.0,43.0,46.0,46.0,46.0,46.0,46.0,44.0,46.0,47.0,47.0,46.0,48.0,50.0,51.0,53.0,53.0,55.810344827586206,56.0
02-Oct-2019 13:43:00,50.0,45.0,45.0,46.0,45.0,46.0,44.0,43.0,43.0,43.0,43.0,45.0,43.0,46.0,46.0,46.0,46.0,46.0,44.0,46.0,47.0,47.0,46.0,48.0,50.0,51.0,53.0,53.0,56.0,56.0
02-Oct-2019 13:44:00,50.0,45.0,45.0,46.0,45.0,46.0,44.0,43.0,43.0,43.0,43.0,45.0,43.0,46.0,46.0,46.0,46.0,46.0,44.0,46.0,47.0,47.0,46.0,48.0,50.0,51.0,53.0,53.0,56.0,56.0
02-Oct-2019 13:45:00,50.0,45.0,45.0,46.0,45.0,46.0,44.0,43.0,43.0,43.0,43.0,45.0,43.0,46.0,46.0,46.0,46.0,46.0,44.0,46.0,47.0,47.0,46.0,48.0,50.0,51.0,53.0,53.0,56.0,56.0
02-Oct-2019 13:46:00,50.0,45.0,45.0,46.0,45.0,46.0,44.0,43.0,43.0,43.0,43.0,45.0,43.0,46.0,46.0,46.0,46.0,46.0,44.0,46.0,47.0,47.0,46.0,48.0,50.0,51.0,53.0,53.0,56.0,56.0
02-Oct-2019 13:47:00,50.0,45.0,45.0,46.0,45.0,46.0,44.0,43.0,43.0,43.0,43.0,45.0,43.0,46.0,46.0,46.0,46.0,46.0,44.0,46.0,47.0,47.0,46.0,48.0,50.0,51.0,53.0,53.0,56.0,56.0
02-Oct-2019 13:48:00,50.0,45.0,45.0,46.0,45.0,46.0,44.0,43.0,43.0,43.0,43.0,45.0,43.0,46.0,46.0,46.0,46.0,46.0,44.0,46.0,47.0,47.0,46.0,48.0,50.0,51.0,53.0,53.0,55.7,56.0
02-Oct-2019 13:49:00,50.0,45.0,45.0,46.0,45.0,46.0,44.0,43.0,43.0,43.0,43.0,45.0,43.0,46.0,46.0,46.0,46.0,46.0,44.0,46.0,47.0,47.0,46.0,48.0,50.0,51.0,53.0,53.0,55.4,56.0
02-Oct-2019 13:50:00,50.43333333333334,45.0,45.0,46.0,45.0,46.0,44.0,43.0,43.0,43.0,43.0,45.0,43.0,46.0,46.0,46.0,46.0,46.0,44.0,46.0,47.0,47.0,46.0,48.0,50.0,51.0,53.0,53.0,55.2,56.0
02-Oct-2019 13:51:00,50.86666666666667,45.0,45.0,46.0,45.0,46.0,44.0,43.0,43.0,43.0,43.0,45.0,43.0,46.0,46.0,46.0,46.0,46.0,44.0,46.0,47.0,47.0,46.0,48.0,50.0,51.0,53.0,53.0,55.0,56.0
02-Oct-2019 13:52:00,50.5,45.0,45.0,46.0,45.0,46.0,44.0,43.0,43.0,43.0,43.0,45.0,43.0,46.0,46.0,46.0,46.0,46.0,44.0,46.0,47.0,47.0,46.0,48.0,50.0,51.0,53.0,53.0,55.0,56.0
02-Oct-2019 13:53:00,50.13333333333333,45.0,45.0,46.0,45.0,46.0,44.0,43.0,43.0,43.0,43.0,45.0,43.0,46.0,46.0,46.0,46.0,46.0,44.0,46.0,47.0,47.0,46.0,48.0,50.0,51.0,53.0,53.0,55.0,56.0
02-Oct-2019 13:54:00,50.06666666666666,45.0,45.0,46.0,45.0,46.0,44.0,43.0,43.0,43.0,43.0,45.0,43.0,46.483333333333334,46.0,46.0,46.0,46.0,44.0,46.0,47.0,47.0,46.0,48.0,50.0,51.0,53.0,53.0,55.0,56.0
02-Oct-2019 13:55:00,50.0,45.0,45.0,46.0,45.0,46.0,44.0,43.0,43.0,43.0,43.0,45.0,43.0,46.96666666666667,46.0,46.0,46.0,46.0,44.0,46.0,47.0,47.0,46.0,48.0,50.0,51.0,53.0,53.0,55.0,56.0
02-Oct-2019 13:56:00,50.0,45.0,45.0,46.0,45.0,46.0,44.0,43.0,43.0,43.0,43.0,45.0,43.0,46.5,46.0,46.0,46.0,46.0,44.0,46.0,47.0,47.0,46.0,48.0,50.0,51.0,53.0,53.0,55.0,56.0
02-Oct-2019 13:57:00,50.0,45.0,45.0,46.0,45.0,46.0,44.0,43.0,43.0,43.0,43.0,45.0,43.0,46.03333333333333,46.0,46.0,46.0,46.0,44.0,46.0,47.0,47.0,46.0,48.0,50.0,51.0,53.0,53.0,55.0,56.0
02-Oct-2019 13:58:00,50.43333333333334,45.0,45.0,46.0,45.0,46.0,44.0,43.0,43.0,43.0,43.0,45.0,43.0,46.48440860215054,46.0,46.0,46.0,46.0,44.0,46.0,47.0,47.0,46.0,48.0,50.0,51.0,53.0,53.0,55.0,56.0
02-Oct-2019 13:59:00,50.86666666666667,45.0,45.0,46.0,45.0,46.0,44.0,43.0,43.0,43.0,43.0,45.0,43.0,46.935483870967744,46.0,46.0,46.0,46.0,44.0,46.0,47.0,47.0,46.0,48.0,50.0,51.0,53.0,53.0,55.0,56.0
02-Oct-2019 14:00:00,50.93333333333334,45.0,45.0,46.0,45.0,46.0,44.0,43.0,43.0,43.0,43.0,45.0,43.0,46.5010752688172,46.0,46.0,46.0,46.0,44.0,46.0,47.0,47.0,46.0,48.0,50.0,51.0,53.0,53.0,55.0,56.0
02-Oct-2019 14:01:00,51.0,45.0,45.0,46.0,45.0,46.0,44.0,43.0,43.0,43.0,43.0,45.0,43.0,46.06666666666667,46.0,46.0,46.0,46.0,44.0,46.0,47.0,47.0,46.0,48.0,50.0,51.0,53.0,53.0,55.0,56.0
02-Oct-2019 14:02:00,50.56666666666666,45.0,45.0,46.0,45.0,46.0,44.0,43.0,43.0,43.0,43.0,45.0,43.0,46.5,46.0,46.0,46.0,46.0,44.0,46.0,47.0,47.0,46.0,48.0,50.0,51.0,53.0,53.0,55.0,56.0
02-Oct-2019 14:03:00,50.13333333333333,45.0,45.0,46.0,45.0,46.0,44.0,43.0,43.0,43.0,43.0,45.0,43.0,46.93333333333333,46.0,46.0,46.0,46.0,44.0,46.0,47.0,47.0,46.0,48.0,50.0,51.0,53.0,53.0,55.0,56.0
02-Oct-2019 14:04:00,50.5,45.0,45.0,46.0,45.0,46.0,44.0,43.0,43.0,43.0,43.0,45.0,43.0,46.5,46.0,46.0,46.0,46.0,44.0,46.0,47.0,47.0,46.0,48.0,50.0,51.0,53.0,53.0,55.0,56.0
02-Oct-2019 14:05:00,50.86666666666667,45.0,45.0,46.0,45.0,46.0,44.0,43.0,43.0,43.0,43.0,45.0,43.0,46.06666666666667,46.0,46.0,46.0,46.0,44.0,46.0,47.0,47.0,46.0,48.0,50.0,51.0,53.0,53.0,55.0,56.0
02-Oct-2019 14:06:00,50.93333333333334,45.0,45.0,46.0,45.0,46.0,44.0,43.0,43.0,43.0,43.0,45.0,43.0,46.03333333333333,46.0,46.0,46.0,46.0,44.0,46.0,47.0,47.0,46.0,48.0,50.0,51.0,53.0,53.0,55.0,56.0
02-Oct-2019 14:07:00,51.0,45.0,45.0,46.0,45.0,46.0,44.0,43.0,43.0,43.0,43.0,45.0,43.0,46.0,46.0,46.0,46.0,46.0,44.0,46.0,47.0,47.0,46.0,48.0,50.0,51.0,53.0,53.0,55.0,56.0
02-Oct-2019 14:08:00,51.0,45.0,45.0,46.0,45.0,46.0,44.0,43.0,43.0,43.0,43.0,45.0,43.0,46.0,46.0,46.0,46.0,46.0,44.0,46.0,47.0,47.0,46.0,48.0,50.0,51.0,53.0,53.0,55.0,56.0
02-Oct-2019 14:09:00,51.0,45.0,45.0,46.0,45.0,46.0,44.0,43.0,43.0,43.0,43.0,45.0,43.0,46.0,46.0,46.0,46.0,46.0,44.0,46.0,47.0,47.0,46.0,48.0,50.0,51.0,53.0,53.0,55.0,56.0
02-Oct-2019 14:10:00,50.56666666666666,45.0,45.0,46.0,45.0,46.0,44.0,43.0,43.0,43.0,43.0,45.0,43.0,46.0,46.0,46.0,46.0,46.0,44.0,46.0,47.0,47.0,46.0,48.0,50.45,51.0,53.0,53.0,55.3,56.0
02-Oct-2019 14:11:00,50.13333333333333,45.0,45.0,46.0,45.0,46.0,44.0,43.0,43.0,43.0,43.0,45.0,43.0,46.0,46.0,46.0,46.0,46.0,44.0,46.0,47.0,47.0,46.0,48.0,50.9,51.0,53.0,53.0,55.6,56.0
02-Oct-2019 14:12:00,50.06666666666666,45.0,45.0,46.0,45.0,46.0,44.0,43.0,43.0,43.0,43.0,45.0,43.0,46.0,46.0,46.0,46.0,46.0,44.0,46.0,47.0,47.0,46.0,48.0,50.95,51.0,53.0,53.0,55.5,56.0
02-Oct-2019 14:13:00,50.0,45.0,45.0,46.0,45.0,46.0,44.0,43.0,43.0,43.0,43.0,45.0,43.0,46.0,46.0,46.0,46.0,46.0,44.0,46.0,47.0,47.0,46.0,48.0,51.0,51.0,53.0,53.0,55.4,56.0
02-Oct-2019 14:14:00,50.0,45.0,45.0,46.0,45.0,46.0,44.0,43.0,43.0,43.0,43.0,45.0,43.0,46.0,46.0,46.0,46.0,46.0,44.0,46.0,47.0,47.0,46.0,48.0,50.55,51.0,53.0,53.0,55.2,56.0
02-Oct-2019 14:15:00,50.0,45.0,45.0,46.0,45.0,46.0,44.0,43.0,43.0,43.0,43.0,45.0,43.0,46.0,46.0,46.0,46.0,46.0,44.0,46.0,47.0,47.0,46.0,48.0,50.1,51.0,53.0,53.0,55.0,56.0
02-Oct-2019 14:16:00,50.0,45.0,45.0,46.0,45.0,46.0,44.0,43.0,43.0,43.0,43.0,45.0,43.0,46.46666666666667,46.0,46.0,46.0,46.0,44.18333333333334,46.0,47.0,47.0,46.0,48.0,50.5,51.0,53.0,53.0,55.0,56.0
02-Oct-2019 14:17:00,50.0,45.0,45.0,46.0,45.0,46.0,44.0,43.0,43.0,43.0,43.0,45.0,43.0,46.93333333333333,46.0,46.0,46.0,46.0,44.36666666666667,46.0,47.0,47.0,46.0,48.0,50.9,51.0,53.0,53.0,55.0,56.0
02-Oct-2019 14:18:00,50.0,45.0,45.0,46.0,45.0,46.0,44.0,43.0,43.0,43.0,43.0,45.0,43.0,46.96666666666667,46.16666666666667,46.2,46.0,46.33333333333333,44.68333333333334,46.1,47.0,47.0,46.0,48.0,50.95,51.0,53.0,53.0,55.0,56.0
02-Oct-2019 14:19:00,50.0,45.0,45.0,46.0,45.0,46.0,44.0,43.0,43.0,43.0,43.0,45.0,43.0,47.0,46.333333333333336,46.4,46.0,46.666666666666664,45.0,46.2,47.0,47.0,46.0,48.0,51.0,51.0,53.0,53.0,55.0,56.0
02-Oct-2019 14:20:00,50.0,45.0,45.0,46.0,45.0,46.0,44.0,43.0,43.0,43.0,43.0,45.0,43.0,47.0,46.66666666666667,46.7,46.0,46.83333333333333,45.0,46.6,47.0,47.0,46.0,48.0,51.0,51.0,53.0,53.0,55.0,55.71666666666667
02-Oct-2019 14:21:00,50.0,45.0,45.0,46.0,45.0,46.0,44.0,43.0,43.0,43.0,43.0,45.0,43.0,47.0,47.0,47.0,46.0,47.0,45.0,47.0,47.0,47.0,46.0,48.0,51.0,51.0,53.0,53.0,55.0,55.43333333333333
02-Oct-2019 14:22:00,50.0,45.0,45.0,46.0,45.0,46.0,44.0,43.0,43.0,43.0,43.0,45.0,43.0,47.0,47.0,46.8,46.0,47.0,45.0,46.9,47.0,47.0,46.0,48.0,51.0,51.0,53.0,53.0,55.0,55.21666666666667
02-Oct-2019 14:23:00,50.0,45.0,45.0,46.0,45.0,46.0,44.0,43.0,43.0,43.0,43.0,45.0,43.0,47.0,47.0,46.6,46.0,47.0,45.0,46.8,47.0,47.0,46.0,48.0,51.0,51.0,53.0,53.0,55.0,55.0
02-Oct-2019 14:24:00,49.56666666666666,45.0,45.0,45.96666666666667,45.0,45.83333333333333,43.733333333333334,43.0,43.0,43.0,43.0,44.93333333333334,42.68333333333334,47.0,46.827586206896555,46.3,46.0,47.0,45.0,46.3,46.75,47.5,45.95,47.88333333333333,50.55,50.983333333333334,52.766666666666666,53.0,54.7,55.0
02-Oct-2019 14:25:00,49.13333333333333,45.0,45.0,45.93333333333333,45.0,45.666666666666664,43.46666666666667,43.0,43.0,43.0,43.0,44.86666666666667,42.36666666666667,47.0,46.6551724137931,46.0,46.0,47.0,45.0,45.8,46.5,48.0,45.9,47.766666666666666,50.1,50.96666666666667,52.53333333333333,53.0,54.4,55.0
02-Oct-2019 14:26:00,46.46666666666667,42.7,42.1,45.266666666666666,42.6,44.416666666666664,41.63333333333333,42.1,40.8,40.91666666666667,42.2,44.1,40.6,43.733333333333334,45.22758620689655,44.8,43.9,45.0,44.0,44.9,45.0,47.5,45.15,46.68333333333334,47.8,50.38333333333333,50.86666666666667,51.7,52.4,53.016666666666666
02-Oct-2019 14:27:00,43.8,40.4,39.2,44.6,40.2,43.166666666666664,39.8,41.2,38.6,38.833333333333336,41.4,43.333333333333336,38.833333333333336,40.46666666666667,43.8,43.6,41.8,43.0,43.0,44.0,43.5,47.0,44.4,45.6,45.5,49.8,49.2,50.4,50.4,51.03333333333333
02-Oct-2019 14:28:00,41.233333333333334,38.16666666666667,37.22903225806452,41.63333333333333,37.6,40.666666666666664,37.33333333333333,38.35,36.333333333333336,36.333333333333336,38.666666666666664,40.900000000000006,36.650000000000006,38.302298850574715,41.166666666666664,40.8,39.5,40.33333333333333,40.16666666666667,41.5,41.0,44.0,41.5,42.833333333333336,43.45,46.83333333333333,46.66666666666667,47.61666666666667,47.7,48.38333333333333
02-Oct-2019 14:29:00,38.666666666666664,35.93333333333334,35.25806451612903,38.666666666666664,35.0,38.166666666666664,34.86666666666667,35.5,34.06666666666667,33.833333333333336,35.93333333333333,38.46666666666667,34.46666666666667,36.13793103448276,38.53333333333333,38.0,37.2,37.666666666666664,37.333333333333336,39.0,38.5,41.0,38.6,40.06666666666667,41.4,43.86666666666667,44.13333333333333,44.833333333333336,45.0,45.733333333333334
02-Oct-2019 14:30:00,37.03333333333333,34.31666666666667,33.26236559139785,36.266666666666666,33.3,35.83333333333333,33.13333333333333,33.3,32.43333333333334,32.583333333333336,34.06666666666666,36.46666666666667,33.1,34.135632183908044,36.53333333333333,35.9,35.2,35.83333333333333,35.16666666666667,36.7,36.5,39.0,36.7,38.18333333333334,39.849999999999994,41.9,42.36666666666667,42.983333333333334,43.1,44.016666666666666
02-Oct-2019 14:31:00,35.4,32.7,31.266666666666666,33.86666666666667,31.6,33.5,31.4,31.1,30.8,31.333333333333332,32.2,34.46666666666667,31.733333333333334,32.13333333333333,34.53333333333333,33.8,33.2,34.0,33.0,34.4,34.5,37.0,34.8,36.3,38.3,39.93333333333333,40.6,41.13333333333333,41.2,42.3
02-Oct-2019 14:32:00,34.33333333333333,31.583333333333336,30.666666666666664,32.86666666666667,30.5,32.083333333333336,30.183870967741935,29.9,30.03333333333333,30.333333333333332,30.833333333333336,32.66666666666667,30.733333333333334,31.1,32.9,32.68571428571428,32.25,32.833333333333336,31.666666666666664,33.0,33.48214285714286,35.5,33.8,35.03333333333333,37.7,38.95,39.34838709677419,40.14731182795699,40.3,41.101612903225806
02-Oct-2019 14:33:00,33.266666666666666,30.46666666666667,30.066666666666666,31.866666666666667,29.4,30.666666666666668,28.967741935483872,28.7,29.266666666666666,29.333333333333332,29.466666666666665,30.866666666666667,29.733333333333334,30.066666666666666,31.266666666666666,31.571428571428573,31.3,31.666666666666668,30.333333333333332,31.6,32.464285714285715,34.0,32.8,33.766666666666666,37.1,37.96666666666667,38.096774193548384,39.16129032258065,39.4,39.903225806451616
02-Oct-2019 14:34:00,32.266666666666666,29.85,29.566666666666666,30.9,28.799999999999997,29.75,28.233870967741936,28.049999999999997,28.766666666666666,28.75,28.6,30.366666666666667,29.05,29.55,30.45,31.052380952380954,30.450000000000003,31.0,29.5,30.700000000000003,31.66547619047619,33.0,31.849999999999998,33.266666666666666,36.6,37.45,37.115053763440855,38.380645161290325,38.9,38.918279569892476
02-Oct-2019 14:35:00,31.266666666666666,29.233333333333334,29.066666666666666,29.933333333333334,28.2,28.833333333333332,27.5,27.4,28.266666666666666,28.166666666666668,27.733333333333334,29.866666666666667,28.366666666666667,29.033333333333335,29.633333333333333,30.533333333333335,29.6,30.333333333333332,28.666666666666668,29.8,30.866666666666667,32.0,30.9,32.766666666666666,36.1,36.93333333333333,36.13333333333333,37.6,38.4,37.93333333333333
02-Oct-2019 14:36:00,30.7,28.733333333333334,28.566666666666666,29.433333333333334,27.7,28.416666666666664,27.25,26.7,27.766666666666666,27.666666666666668,27.366666666666667,29.366666666666667,27.866666666666667,28.533333333333335,29.13924731182796,30.033333333333335,28.950000000000003,29.833333333333332,28.160919540229884,29.3,30.15,31.5,30.4,32.15,35.150000000000006,35.95,35.35,36.900000000000006,37.599999999999994,37.2
02-Oct-2019 14:37:00,30.133333333333333,28.233333333333334,28.066666666666666,28.933333333333334,27.2,28.0,27.0,26.0,27.266666666666666,27.166666666666668,27.0,28.866666666666667,27.366666666666667,28.033333333333335,28.64516129032258,29.533333333333335,28.3,29.333333333333332,27.655172413793103,28.8,29.433333333333334,31.0,29.9,31.533333333333335,34.2,34.96666666666667,34.56666666666667,36.2,36.8,36.46666666666667
02-Oct-2019 14:38:00,29.633333333333333,27.705952380952382,27.566666666666666,28.433333333333334,27.1,27.916666666666664,26.75,25.866666666666667,26.766666666666666,26.68010752688172,26.85,28.366666666666667,27.183333333333334,27.533333333333335,28.32258064516129,29.033333333333335,28.15,28.833333333333332,27.32758620689655,28.3,28.933333333333334,30.0,29.4,30.65,33.2,34.45,33.85,35.2,35.8,35.7
02-Oct-2019 14:39:00,29.133333333333333,27.178571428571427,27.066666666666666,27.933333333333334,27.0,27.833333333333332,26.5,25.733333333333334,26.266666666666666,26.193548387096776,26.7,27.866666666666667,27.0,27.033333333333335,28.0,28.533333333333335,28.0,28.333333333333332,27.0,27.8,28.433333333333334,29.0,28.9,29.766666666666666,32.2,33.93333333333333,33.13333333333333,34.2,34.8,34.93333333333333
02-Oct-2019 14:40:00,29.066666666666666,27.089285714285715,27.03333333333333,27.46666666666667,26.616666666666667,27.416666666666664,26.25,25.366666666666667,26.133333333333333,26.096774193548388,26.35,27.433333333333334,26.683333333333334,27.016666666666666,27.833333333333336,28.266666666666666,27.65,28.166666666666664,26.816666666666666,27.4,28.21666666666667,28.5,28.4,29.266666666666666,31.650000000000002,32.93333333333333,32.35,33.400000000000006,34.099999999999994,34.2
02-Oct-2019 14:41:00,29.0,27.0,27.0,27.0,26.233333333333334,27.0,26.0,25.0,26.0,26.0,26.0,27.0,26.366666666666667,27.0,27.666666666666668,28.0,27.3,28.0,26.633333333333333,27.0,28.0,28.0,27.9,28.766666666666666,31.1,31.933333333333334,31.566666666666666,32.6,33.4,33.46666666666667
02-Oct-2019 14:42:00,29.0,26.583333333333336,27.0,26.96666666666667,26.116666666666667,26.91935483870968,26.0,25.0,26.0,26.0,25.85483870967742,26.93103448275862,26.183333333333334,26.516666666666666,27.333333333333336,27.766666666666666,27.15,27.666666666666664,26.316666666666666,27.0,27.71666666666667,27.5,27.4,28.383333333333333,30.6,30.96666666666667,31.28333333333333,32.1,32.9,32.96666666666667
02-Oct-2019 14:43:00,29.0,26.166666666666668,27.0,26.933333333333334,26.0,26.838709677419356,26.0,25.0,26.0,26.0,25.70967741935484,26.862068965517242,26.0,26.033333333333335,27.0,27.533333333333335,27.0,27.333333333333332,26.0,27.0,27.433333333333334,27.0,26.9,28.0,30.1,30.0,31.0,31.6,32.4,32.46666666666667
02-Oct-2019 14:44:00,28.566666666666666,26.083333333333336,26.53333333333333,26.46666666666667,26.0,26.41935483870968,25.732142857142858,25.0,26.0,26.0,25.35483870967742,26.43103448275862,26.0,26.016666666666666,26.833333333333336,27.266666666666666,27.0,27.166666666666664,26.0,26.9,27.21666666666667,27.0,26.45,27.883333333333333,29.6,29.983333333333334,30.78333333333333,31.3,31.889655172413793,32.233333333333334
02-Oct-2019 14:45:00,28.133333333333333,26.0,26.066666666666666,26.0,26.0,26.0,25.464285714285715,25.0,26.0,26.0,25.0,26.0,26.0,26.0,26.666666666666668,27.0,27.0,27.0,26.0,26.8,27.0,27.0,26.0,27.766666666666666,29.1,29.966666666666665,30.566666666666666,31.0,31.379310344827587,32.0
02-Oct-2019 14:46:00,28.066666666666666,26.0,26.03333333333333,26.0,25.616666666666667,26.0,25.232142857142858,24.85,25.633333333333333,25.6,25.0,26.0,25.689655172413794,26.0,26.333333333333336,26.774193548387096,26.65,27.0,26.0,26.4,27.0,26.5,25.96666666666667,27.383333333333333,29.05,29.466666666666665,30.28333333333333,30.785714285714285,31.189655172413794,31.75
02-Oct-2019 14:47:00,28.0,26.0,26.0,26.0,25.233333333333334,26.0,25.0,24.7,25.266666666666666,25.2,25.0,26.0,25.379310344827587,26.0,26.0,26.548387096774192,26.3,27.0,26.0,26.0,27.0,26.0,25.933333333333334,27.0,29.0,28.966666666666665,30.0,30.571428571428573,31.0,31.5
02-Oct-2019 14:48:00,28.0,26.0,26.0,26.0,25.116666666666667,26.0,25.0,24.35,25.133333333333333,25.1,25.0,26.0,25.189655172413794,26.0,26.0,26.274193548387096,26.15,27.0,25.816666666666666,26.0,26.733333333333334,26.0,25.46666666666667,27.0,29.0,28.483333333333334,29.8,30.285714285714285,30.7,31.25
02-Oct-2019 14:49:00,28.0,26.0,26.0,26.0,25.0,26.0,25.0,24.0,25.0,25.0,25.0,26.0,25.0,26.0,26.0,26.0,26.0,27.0,25.633333333333333,26.0,26.466666666666665,26.0,25.0,27.0,29.0,28.0,29.6,30.0,30.4,31.0
02-Oct-2019 14:50:00,28.0,26.0,26.0,26.0,25.0,26.0,25.0,24.0,25.0,25.0,25.0,26.0,25.0,26.0,26.0,26.0,26.0,27.0,25.316666666666666,26.0,26.233333333333334,26.0,25.0,26.883333333333333,28.55,28.0,29.3,30.0,30.2,31.0
02-Oct-2019 14:51:00,28.0,26.0,26.0,26.0,25.0,26.0,25.0,24.0,25.0,25.0,25.0,26.0,25.0,26.0,26.0,26.0,26.0,27.0,25.0,26.0,26.0,26.0,25.0,26.766666666666666,28.1,28.0,29.0,30.0,30.0,31.0
02-Oct-2019 14:52:00,28.0,25.583333333333336,26.0,25.95,25.0,25.933333333333334,25.0,24.0,25.0,25.0,25.0,25.916666666666664,25.0,25.516666666666666,26.0,26.0,25.65,26.666666666666664,25.0,26.0,26.0,26.0,25.0,26.383333333333333,28.05,27.983333333333334,29.0,30.0,30.0,31.0
02-Oct-2019 14:53:00,28.0,25.166666666666668,26.0,25.9,25.0,25.866666666666667,25.0,24.0,25.0,25.0,25.0,25.833333333333332,25.0,25.033333333333335,26.0,26.0,25.3,26.333333333333332,25.0,26.0,26.0,26.0,25.0,26.0,28.0,27.966666666666665,29.0,30.0,30.0,31.0
02-Oct-2019 14:54:00,28.0,25.083333333333336,26.0,25.45,25.0,25.433333333333334,25.0,24.0,25.0,25.0,24.866666666666667,25.416666666666664,25.0,25.016666666666666,26.0,25.79032258064516,25.15,26.166666666666664,25.0,25.9,26.0,25.5,25.0,26.0,28.0,27.483333333333334,29.0,29.774193548387096,30.0,30.732142857142858
02-Oct-2019 14:55:00,28.0,25.0,26.0,25.0,25.0,25.0,25.0,24.0,25.0,25.0,24.733333333333334,25.0,25.0,25.0,26.0,25.580645161290324,25.0,26.0,25.0,25.8,26.0,25.0,25.0,26.0,28.0,27.0,29.0,29.548387096774192,30.0,30.464285714285715
02-Oct-2019 14:56:00,28.0,25.0,26.0,25.0,25.0,25.0,25.0,24.0,25.0,25.0,24.366666666666667,25.0,25.0,25.0,25.833333333333336,25.29032258064516,25.0,26.0,25.0,25.4,26.0,25.0,25.0,26.0,28.0,27.0,28.766666666666666,29.274193548387096,30.0,30.232142857142858
02-Oct-2019 14:57:00,28.0,25.0,26.0,25.0,25.0,25.0,25.0,24.0,25.0,25.0,24.0,25.0,25.0,25.0,25.666666666666668,25.0,25.0,26.0,25.0,25.0,26.0,25.0,25.0,26.0,28.0,27.0,28.533333333333335,29.0,30.0,30.0
02-Oct-2019 14:58:00,28.0,25.0,26.0,25.0,25.0,25.0,25.0,24.0,25.0,25.0,24.0,25.0,25.0,25.0,25.333333333333336,25.0,25.0,26.0,25.0,25.0,26.0,25.0,25.0,26.0,28.0,27.0,28.266666666666666,29.0,30.0,30.0
02-Oct-2019 14:59:00,28.0,25.0,26.0,25.0,25.0,25.0,25.0,24.0,25.0,25.0,24.0,25.0,25.0,25.0,25.0,25.0,25.0,26.0,25.0,25.0,26.0,25.0,25.0,26.0,28.0,27.0,28.0,29.0,30.0,30.0
