time,signal_default,signal_max_1,signal_max_2,signal_min
01-Oct-2019 08:00:00,35.5,90,90.0,10.0
01-Oct-2019 08:01:00,34.4,90,90.0,10.0
01-Oct-2019 08:02:00,34.9,90,90.0,10.0
01-Oct-2019 08:03:00,34.2,90,90.0,10.0
01-Oct-2019 08:04:00,35.2,90,90.0,10.0
01-Oct-2019 08:05:00,35.3,90,90.0,10.0
01-Oct-2019 08:06:00,34.4,90,90.0,10.0
01-Oct-2019 08:07:00,34.8,90,90.0,10.0
01-Oct-2019 08:08:00,34.3,90,90.0,10.0
01-Oct-2019 08:09:00,34.9,90,90.0,10.0
01-Oct-2019 08:10:00,35.5,90,90.0,10.0
01-Oct-2019 08:11:00,35.0,90,90.0,10.0
01-Oct-2019 08:12:00,34.4,90,90.0,10.0
01-Oct-2019 08:13:00,34.2,90,90.0,10.0
01-Oct-2019 08:14:00,35.1,90,90.0,10.0
01-Oct-2019 08:15:00,35.1,90,90.0,10.0
01-Oct-2019 08:16:00,35.8,90,90.0,10.0
01-Oct-2019 08:17:00,34.9,90,90.0,10.0
01-Oct-2019 08:18:00,35.6,90,90.0,10.0
01-Oct-2019 08:19:00,35.6,90,90.0,10.0
01-Oct-2019 08:20:00,35.7,90,90.0,10.0
01-Oct-2019 08:21:00,35.8,90,90.0,10.0
01-Oct-2019 08:22:00,36.0,90,90.0,10.0
01-Oct-2019 08:23:00,36.0,90,90.0,10.0
01-Oct-2019 08:24:00,36.1,90,90.0,10.0
01-Oct-2019 08:25:00,36.2,90,90.0,10.0
01-Oct-2019 08:26:00,35.8,90,90.0,10.0
01-Oct-2019 08:27:00,35.8,90,90.0,10.0
01-Oct-2019 08:28:00,35.8,90,90.0,10.0
01-Oct-2019 08:29:00,36.4,90,90.0,10.0
01-Oct-2019 08:30:00,36.0,90,90.0,10.0
01-Oct-2019 08:31:00,35.5,90,90.0,10.0
01-Oct-2019 08:32:00,35.4,90,90.0,10.0
01-Oct-2019 08:33:00,35.7,90,90.0,10.0
01-Oct-2019 08:34:00,36.2,90,90.0,10.0
01-Oct-2019 08:35:00,36.2,90,90.0,10.0
01-Oct-2019 08:36:00,35.7,90,90.0,10.0
01-Oct-2019 08:37:00,35.8,90,90.0,10.0
01-Oct-2019 08:38:00,35.8,90,90.0,10.0
01-Oct-2019 08:39:00,35.7,90,90.0,10.0
01-Oct-2019 08:40:00,35.6,90,90.0,10.0
01-Oct-2019 08:41:00,35.6,90,90.0,10.0
01-Oct-2019 08:42:00,36.1,90,90.0,10.0
01-Oct-2019 08:43:00,35.7,90,90.0,10.0
01-Oct-2019 08:44:00,35.7,90,90.0,10.0
01-Oct-2019 08:45:00,35.7,90,90.0,10.0
01-Oct-2019 08:46:00,35.7,90,90.0,10.0
01-Oct-2019 08:47:00,35.6,90,90.0,10.0
01-Oct-2019 08:48:00,35.7,90,90.0,10.0
01-Oct-2019 08:49:00,35.6,90,90.0,10.0
01-Oct-2019 08:50:00,34.9,90,90.0,10.0
01-Oct-2019 08:51:00,35.3,90,90.0,10.0
01-Oct-2019 08:52:00,35.1,90,90.0,10.0
01-Oct-2019 08:53:00,35.0,90,90.0,10.0
01-Oct-2019 08:54:00,35.0,90,90.0,10.0
01-Oct-2019 08:55:00,34.9,90,90.0,10.0
01-Oct-2019 08:56:00,35.3,90,90.0,10.0
01-Oct-2019 08:57:00,34.3,90,90.0,10.0
01-Oct-2019 08:58:00,34.1,90,90.0,10.0
01-Oct-2019 08:59:00,33.9,90,90.0,10.0
01-Oct-2019 09:00:00,34.4,90,90.0,10.0
01-Oct-2019 09:01:00,36.0,90,90.0,10.0
01-Oct-2019 09:02:00,38.7,90,90.0,10.0
01-Oct-2019 09:03:00,41.8,90,90.0,10.0
01-Oct-2019 09:04:00,45.0,90,90.0,10.0
01-Oct-2019 09:05:00,45.7,90,90.0,10.0
01-Oct-2019 09:06:00,44.4,90,90.0,10.0
01-Oct-2019 09:07:00,44.6,90,90.0,10.0
01-Oct-2019 09:08:00,44.5,90,90.0,10.0
01-Oct-2019 09:09:00,43.1,90,90.0,10.0
01-Oct-2019 09:10:00,43.5,90,90.0,10.0
01-Oct-2019 09:11:00,43.6,90,90.0,10.0
01-Oct-2019 09:12:00,43.1,90,90.0,10.0
01-Oct-2019 09:13:00,43.5,90,90.0,10.0
01-Oct-2019 09:14:00,43.5,90,90.0,10.0
01-Oct-2019 09:15:00,44.0,90,90.0,10.0
01-Oct-2019 09:16:00,43.5,90,90.0,10.0
01-Oct-2019 09:17:00,42.3,90,90.0,10.0
01-Oct-2019 09:18:00,42.5,90,90.0,10.0
01-Oct-2019 09:19:00,41.7,90,90.0,10.0
01-Oct-2019 09:20:00,42.9,90,90.0,10.0
01-Oct-2019 09:21:00,42.7,90,90.0,10.0
01-Oct-2019 09:22:00,42.8,90,90.0,10.0
01-Oct-2019 09:23:00,42.8,90,90.0,10.0
01-Oct-2019 09:24:00,42.9,90,90.0,10.0
01-Oct-2019 09:25:00,42.4,90,90.0,10.0
01-Oct-2019 09:26:00,42.7,90,90.0,10.0
01-Oct-2019 09:27:00,42.7,90,90.0,10.0
01-Oct-2019 09:28:00,42.8,90,90.0,10.0
01-Oct-2019 09:29:00,43.3,90,90.0,10.0
01-Oct-2019 09:30:00,44.0,90,90.0,10.0
01-Oct-2019 09:31:00,43.2,90,90.0,10.0
01-Oct-2019 09:32:00,43.1,90,90.0,10.0
01-Oct-2019 09:33:00,43.1,90,90.0,10.0
01-Oct-2019 09:34:00,41.6,90,90.0,10.0
01-Oct-2019 09:35:00,41.7,90,90.0,10.0
01-Oct-2019 09:36:00,43.2,90,90.0,10.0
01-Oct-2019 09:37:00,42.8,90,90.0,10.0
01-Oct-2019 09:38:00,43.4,90,90.0,10.0
01-Oct-2019 09:39:00,44.1,90,90.0,10.0
01-Oct-2019 09:40:00,43.3,90,90.0,10.0
01-Oct-2019 09:41:00,42.6,90,90.0,10.0
01-Oct-2019 09:42:00,42.7,90,90.0,10.0
01-Oct-2019 09:43:00,43.1,90,90.0,10.0
01-Oct-2019 09:44:00,43.2,90,90.0,10.0
01-Oct-2019 09:45:00,43.3,90,90.0,10.0
01-Oct-2019 09:46:00,43.3,90,90.0,10.0
01-Oct-2019 09:47:00,43.2,90,90.0,10.0
01-Oct-2019 09:48:00,42.6,90,90.0,10.0
01-Oct-2019 09:49:00,43.0,90,90.0,10.0
01-Oct-2019 09:50:00,43.6,90,90.0,10.0
01-Oct-2019 09:51:00,43.3,90,90.0,10.0
01-Oct-2019 09:52:00,43.7,90,90.0,10.0
01-Oct-2019 09:53:00,43.8,90,90.0,10.0
01-Oct-2019 09:54:00,43.3,90,90.0,10.0
01-Oct-2019 09:55:00,42.6,90,90.0,10.0
01-Oct-2019 09:56:00,43.5,90,90.0,10.0
01-Oct-2019 09:57:00,43.2,90,90.0,10.0
01-Oct-2019 09:58:00,43.1,90,90.0,10.0
01-Oct-2019 09:59:00,42.5,90,90.0,10.0
01-Oct-2019 10:00:00,42.8,90,90.0,10.0
01-Oct-2019 10:01:00,41.7,90,90.0,10.0
01-Oct-2019 10:02:00,42.6,90,90.0,10.0
01-Oct-2019 10:03:00,43.2,90,90.0,10.0
01-Oct-2019 10:04:00,42.2,90,90.0,10.0
01-Oct-2019 10:05:00,41.8,90,90.0,10.0
01-Oct-2019 10:06:00,42.6,90,90.0,10.0
01-Oct-2019 10:07:00,42.7,90,90.0,10.0
01-Oct-2019 10:08:00,42.3,90,90.0,10.0
01-Oct-2019 10:09:00,42.6,90,90.0,10.0
01-Oct-2019 10:10:00,42.0,90,90.0,10.0
01-Oct-2019 10:11:00,41.9,90,90.0,10.0
01-Oct-2019 10:12:00,42.8,90,90.0,10.0
01-Oct-2019 10:13:00,42.5,90,90.0,10.0
01-Oct-2019 10:14:00,42.5,90,90.0,10.0
01-Oct-2019 10:15:00,42.6,90,90.0,10.0
01-Oct-2019 10:16:00,42.7,90,90.0,10.0
01-Oct-2019 10:17:00,43.2,90,90.0,10.0
01-Oct-2019 10:18:00,41.6,90,90.0,10.0
01-Oct-2019 10:19:00,42.3,90,90.0,10.0
01-Oct-2019 10:20:00,42.3,90,90.0,10.0
01-Oct-2019 10:21:00,41.7,90,90.0,10.0
01-Oct-2019 10:22:00,40.7,90,90.0,10.0
01-Oct-2019 10:23:00,40.5,90,90.0,10.0
01-Oct-2019 10:24:00,42.4,90,90.0,10.0
01-Oct-2019 10:25:00,42.3,90,90.0,10.0
01-Oct-2019 10:26:00,42.1,90,90.0,10.0
01-Oct-2019 10:27:00,42.3,90,90.0,10.0
01-Oct-2019 10:28:00,42.9,90,90.0,10.0
01-Oct-2019 10:29:00,42.6,90,90.0,10.0
01-Oct-2019 10:30:00,41.6,90,90.0,10.0
01-Oct-2019 10:31:00,40.8,90,90.0,10.0
01-Oct-2019 10:32:00,41.5,90,90.0,10.0
01-Oct-2019 10:33:00,43.1,90,90.0,10.0
01-Oct-2019 10:34:00,43.3,90,90.0,10.0
01-Oct-2019 10:35:00,43.8,90,90.0,10.0
01-Oct-2019 10:36:00,41.7,90,90.0,10.0
01-Oct-2019 10:37:00,41.0,90,90.0,10.0
01-Oct-2019 10:38:00,42.3,90,90.0,10.0
01-Oct-2019 10:39:00,44.5,90,90.0,10.0
01-Oct-2019 10:40:00,44.3,90,90.0,10.0
01-Oct-2019 10:41:00,44.1,90,90.0,10.0
01-Oct-2019 10:42:00,44.3,90,90.0,10.0
01-Oct-2019 10:43:00,44.4,90,90.0,10.0
01-Oct-2019 10:44:00,43.9,90,90.0,10.0
01-Oct-2019 10:45:00,43.4,90,90.0,10.0
01-Oct-2019 10:46:00,43.3,90,90.0,10.0
01-Oct-2019 10:47:00,42.6,90,90.0,10.0
01-Oct-2019 10:48:00,43.3,90,90.0,10.0
01-Oct-2019 10:49:00,42.5,90,90.0,10.0
01-Oct-2019 10:50:00,41.6,90,90.0,10.0
01-Oct-2019 10:51:00,40.6,90,90.0,10.0
01-Oct-2019 10:52:00,39.5,90,90.0,10.0
01-Oct-2019 10:53:00,38.1,90,90.0,10.0
01-Oct-2019 10:54:00,37.8,90,90.0,10.0
01-Oct-2019 10:55:00,37.0,90,90.0,10.0
01-Oct-2019 10:56:00,36.9,90,90.0,10.0
01-Oct-2019 10:57:00,36.3,90,90.0,10.0
01-Oct-2019 10:58:00,35.2,90,90.0,10.0
01-Oct-2019 10:59:00,35.1,90,90.0,10.0
01-Oct-2019 11:00:00,34.6,90,90.0,10.0
01-Oct-2019 11:01:00,34.7,90,90.0,10.0
01-Oct-2019 11:02:00,34.2,90,90.0,10.0
01-Oct-2019 11:03:00,33.8,90,90.0,10.0
01-Oct-2019 11:04:00,33.4,90,90.0,10.0
01-Oct-2019 11:05:00,33.1,90,90.0,10.0
01-Oct-2019 11:06:00,35.0,90,90.0,10.0
01-Oct-2019 11:07:00,35.2,90,90.0,10.0
01-Oct-2019 11:08:00,34.3,90,90.0,10.0
01-Oct-2019 11:09:00,34.9,90,90.0,10.0
01-Oct-2019 11:10:00,34.6,90,90.0,10.0
01-Oct-2019 11:11:00,34.6,90,90.0,10.0
01-Oct-2019 11:12:00,33.5,90,90.0,10.0
01-Oct-2019 11:13:00,33.7,90,90.0,10.0
01-Oct-2019 11:14:00,33.3,90,90.0,10.0
01-Oct-2019 11:15:00,33.7,90,90.0,10.0
01-Oct-2019 11:16:00,31.9,90,90.0,10.0
01-Oct-2019 11:17:00,32.6,90,90.0,10.0
01-Oct-2019 11:18:00,32.4,90,90.0,10.0
01-Oct-2019 11:19:00,32.8,90,90.0,10.0
01-Oct-2019 11:20:00,33.3,90,90.0,10.0
01-Oct-2019 11:21:00,33.3,90,90.0,10.0
01-Oct-2019 11:22:00,32.8,90,90.0,10.0
01-Oct-2019 11:23:00,34.4,90,90.0,10.0
01-Oct-2019 11:24:00,34.7,90,90.0,10.0
01-Oct-2019 11:25:00,34.6,90,90.0,10.0
01-Oct-2019 11:26:00,35.1,90,90.0,10.0
01-Oct-2019 11:27:00,35.9,90,90.0,10.0
01-Oct-2019 11:28:00,35.1,90,90.0,10.0
01-Oct-2019 11:29:00,35.9,90,90.0,10.0
01-Oct-2019 11:30:00,36.3,90,90.0,10.0
01-Oct-2019 11:31:00,36.2,90,90.0,10.0
01-Oct-2019 11:32:00,37.1,90,90.0,10.0
01-Oct-2019 11:33:00,37.3,90,90.0,10.0
01-Oct-2019 11:34:00,37.7,90,90.0,10.0
01-Oct-2019 11:35:00,38.1,90,90.0,10.0
01-Oct-2019 11:36:00,38.5,90,90.0,10.0
01-Oct-2019 11:37:00,38.6,90,90.0,10.0
01-Oct-2019 11:38:00,38.8,90,90.0,10.0
01-Oct-2019 11:39:00,37.5,90,90.0,10.0
01-Oct-2019 11:40:00,38.0,90,90.0,10.0
01-Oct-2019 11:41:00,37.1,90,90.0,10.0
01-Oct-2019 11:42:00,37.9,90,90.0,10.0
01-Oct-2019 11:43:00,37.9,90,90.0,10.0
01-Oct-2019 11:44:00,37.9,90,90.0,10.0
01-Oct-2019 11:45:00,37.4,90,90.0,10.0
01-Oct-2019 11:46:00,38.8,90,90.0,10.0
01-Oct-2019 11:47:00,38.0,90,90.0,10.0
01-Oct-2019 11:48:00,37.8,90,90.0,10.0
01-Oct-2019 11:49:00,38.3,90,90.0,10.0
01-Oct-2019 11:50:00,38.0,90,90.0,10.0
01-Oct-2019 11:51:00,38.2,90,90.0,10.0
01-Oct-2019 11:52:00,38.8,90,90.0,10.0
01-Oct-2019 11:53:00,38.4,90,90.0,10.0
01-Oct-2019 11:54:00,38.5,90,90.0,10.0
01-Oct-2019 11:55:00,38.4,90,90.0,10.0
01-Oct-2019 11:56:00,39.8,90,90.0,10.0
01-Oct-2019 11:57:00,38.6,90,90.0,10.0
01-Oct-2019 11:58:00,39.3,90,90.0,10.0
01-Oct-2019 11:59:00,38.9,90,90.0,10.0
01-Oct-2019 12:00:00,38.9,90,90.0,10.0
01-Oct-2019 12:01:00,38.2,90,90.0,10.0
01-Oct-2019 12:02:00,38.7,90,90.0,10.0
01-Oct-2019 12:03:00,37.7,90,90.0,10.0
01-Oct-2019 12:04:00,38.7,90,90.0,10.0
01-Oct-2019 12:05:00,38.2,90,90.0,10.0
01-Oct-2019 12:06:00,38.6,90,90.0,10.0
01-Oct-2019 12:07:00,38.7,90,90.0,10.0
01-Oct-2019 12:08:00,39.2,90,90.0,10.0
01-Oct-2019 12:09:00,38.9,90,90.0,10.0
01-Oct-2019 12:10:00,38.3,90,90.0,10.0
01-Oct-2019 12:11:00,38.7,90,90.0,10.0
01-Oct-2019 12:12:00,38.6,90,90.0,10.0
01-Oct-2019 12:13:00,38.2,90,90.0,10.0
01-Oct-2019 12:14:00,39.1,90,90.0,10.0
01-Oct-2019 12:15:00,38.6,90,90.0,10.0
01-Oct-2019 12:16:00,38.3,90,90.0,10.0
01-Oct-2019 12:17:00,39.7,90,90.0,10.0
01-Oct-2019 12:18:00,38.8,90,90.0,10.0
01-Oct-2019 12:19:00,38.8,90,90.0,10.0
01-Oct-2019 12:20:00,39.3,90,90.0,10.0
01-Oct-2019 12:21:00,38.4,90,90.0,10.0
01-Oct-2019 12:22:00,37.8,90,90.0,10.0
01-Oct-2019 12:23:00,38.8,90,90.0,10.0
01-Oct-2019 12:24:00,38.9,90,90.0,10.0
01-Oct-2019 12:25:00,38.9,90,90.0,10.0
01-Oct-2019 12:26:00,38.0,90,90.0,10.0
01-Oct-2019 12:27:00,39.3,90,90.0,10.0
01-Oct-2019 12:28:00,38.4,90,90.0,10.0
01-Oct-2019 12:29:00,38.2,90,90.0,10.0
01-Oct-2019 12:30:00,39.1,90,90.0,10.0
01-Oct-2019 12:31:00,39.9,90,90.0,10.0
01-Oct-2019 12:32:00,39.7,90,90.0,10.0
01-Oct-2019 12:33:00,39.3,90,90.0,10.0
01-Oct-2019 12:34:00,38.1,90,90.0,10.0
01-Oct-2019 12:35:00,38.4,90,90.0,10.0
01-Oct-2019 12:36:00,38.8,90,90.0,10.0
01-Oct-2019 12:37:00,38.3,90,90.0,10.0
01-Oct-2019 12:38:00,38.8,90,90.0,10.0
01-Oct-2019 12:39:00,38.3,90,90.0,10.0
01-Oct-2019 12:40:00,38.8,90,90.0,10.0
01-Oct-2019 12:41:00,39.3,90,90.0,10.0
01-Oct-2019 12:42:00,38.4,90,90.0,10.0
01-Oct-2019 12:43:00,38.4,90,90.0,10.0
01-Oct-2019 12:44:00,39.4,90,90.0,10.0
01-Oct-2019 12:45:00,39.0,90,90.0,10.0
01-Oct-2019 12:46:00,38.5,90,90.0,10.0
01-Oct-2019 12:47:00,38.9,90,90.0,10.0
01-Oct-2019 12:48:00,38.4,90,90.0,10.0
01-Oct-2019 12:49:00,38.8,90,90.0,10.0
01-Oct-2019 12:50:00,38.2,90,90.0,10.0
01-Oct-2019 12:51:00,39.3,90,90.0,10.0
01-Oct-2019 12:52:00,38.9,90,90.0,10.0
01-Oct-2019 12:53:00,38.3,90,90.0,10.0
01-Oct-2019 12:54:00,38.3,90,90.0,10.0
01-Oct-2019 12:55:00,38.7,90,90.0,10.0
01-Oct-2019 12:56:00,38.8,90,90.0,10.0
01-Oct-2019 12:57:00,37.0,90,90.0,10.0
01-Oct-2019 12:58:00,36.4,90,90.0,10.0
01-Oct-2019 12:59:00,35.1,90,90.0,10.0
01-Oct-2019 13:00:00,34.2,90,90.0,10.0
01-Oct-2019 13:01:00,33.6,90,90.0,10.0
01-Oct-2019 13:02:00,35.3,90,90.0,10.0
01-Oct-2019 13:03:00,34.6,90,90.0,10.0
01-Oct-2019 13:04:00,33.8,90,90.0,10.0
01-Oct-2019 13:05:00,35.6,90,90.0,10.0
01-Oct-2019 13:06:00,34.2,90,90.0,10.0
01-Oct-2019 13:07:00,35.6,90,90.0,10.0
01-Oct-2019 13:08:00,34.7,90,90.0,10.0
01-Oct-2019 13:09:00,36.4,90,90.0,10.0
01-Oct-2019 13:10:00,35.6,90,90.0,10.0
01-Oct-2019 13:11:00,37.5,90,90.0,10.0
01-Oct-2019 13:12:00,37.0,90,90.0,10.0
01-Oct-2019 13:13:00,36.1,90,90.0,10.0
01-Oct-2019 13:14:00,36.7,90,90.0,10.0
01-Oct-2019 13:15:00,36.8,90,90.0,10.0
01-Oct-2019 13:16:00,36.3,90,90.0,10.0
01-Oct-2019 13:17:00,35.7,90,90.0,10.0
01-Oct-2019 13:18:00,37.0,90,90.0,10.0
01-Oct-2019 13:19:00,34.9,90,90.0,10.0
01-Oct-2019 13:20:00,35.1,90,90.0,10.0
01-Oct-2019 13:21:00,34.7,90,90.0,10.0
01-Oct-2019 13:22:00,34.6,90,90.0,10.0
01-Oct-2019 13:23:00,34.8,90,90.0,10.0
01-Oct-2019 13:24:00,33.6,90,90.0,10.0
01-Oct-2019 13:25:00,33.2,90,90.0,10.0
01-Oct-2019 13:26:00,32.4,90,90.0,10.0
01-Oct-2019 13:27:00,33.0,90,90.0,10.0
01-Oct-2019 13:28:00,31.9,90,90.0,10.0
01-Oct-2019 13:29:00,32.8,90,90.0,10.0
01-Oct-2019 13:30:00,34.0,90,90.0,10.0
01-Oct-2019 13:31:00,32.6,90,90.0,10.0
01-Oct-2019 13:32:00,33.5,90,90.0,10.0
01-Oct-2019 13:33:00,35.2,90,90.0,10.0
01-Oct-2019 13:34:00,37.1,90,90.0,10.0
01-Oct-2019 13:35:00,40.6,90,90.0,10.0
01-Oct-2019 13:36:00,42.7,90,90.0,10.0
01-Oct-2019 13:37:00,43.0,90,90.0,10.0
01-Oct-2019 13:38:00,42.7,90,90.0,10.0
01-Oct-2019 13:39:00,42.3,90,90.0,10.0
01-Oct-2019 13:40:00,42.1,90,90.0,10.0
01-Oct-2019 13:41:00,41.2,90,90.0,10.0
01-Oct-2019 13:42:00,41.0,90,90.0,10.0
01-Oct-2019 13:43:00,41.3,90,90.0,10.0
01-Oct-2019 13:44:00,41.3,90,90.0,10.0
01-Oct-2019 13:45:00,40.9,90,90.0,10.0
01-Oct-2019 13:46:00,40.1,90,90.0,10.0
01-Oct-2019 13:47:00,40.4,90,90.0,10.0
01-Oct-2019 13:48:00,40.8,90,90.0,10.0
01-Oct-2019 13:49:00,41.4,90,90.0,10.0
01-Oct-2019 13:50:00,40.9,90,90.0,10.0
01-Oct-2019 13:51:00,41.0,90,90.0,10.0
01-Oct-2019 13:52:00,41.0,90,90.0,10.0
01-Oct-2019 13:53:00,41.0,90,90.0,10.0
01-Oct-2019 13:54:00,41.2,90,90.0,10.0
01-Oct-2019 13:55:00,41.2,90,90.0,10.0
01-Oct-2019 13:56:00,41.1,90,90.0,10.0
01-Oct-2019 13:57:00,40.5,90,90.0,10.0
01-Oct-2019 13:58:00,40.4,90,90.0,10.0
01-Oct-2019 13:59:00,39.6,90,90.0,10.0
01-Oct-2019 14:00:00,39.9,90,90.0,10.0
01-Oct-2019 14:01:00,40.2,90,90.0,10.0
01-Oct-2019 14:02:00,40.1,90,90.0,10.0
01-Oct-2019 14:03:00,40.6,90,90.0,10.0
01-Oct-2019 14:04:00,40.1,90,90.0,10.0
01-Oct-2019 14:05:00,39.5,90,90.0,10.0
01-Oct-2019 14:06:00,39.9,90,90.0,10.0
01-Oct-2019 14:07:00,40.3,90,90.0,10.0
01-Oct-2019 14:08:00,40.6,90,90.0,10.0
01-Oct-2019 14:09:00,40.6,90,90.0,10.0
01-Oct-2019 14:10:00,41.3,90,90.0,10.0
01-Oct-2019 14:11:00,39.8,90,90.0,10.0
01-Oct-2019 14:12:00,39.2,90,90.0,10.0
01-Oct-2019 14:13:00,39.4,90,90.0,10.0
01-Oct-2019 14:14:00,40.7,90,90.0,10.0
01-Oct-2019 14:15:00,40.5,90,90.0,10.0
01-Oct-2019 14:16:00,39.7,90,90.0,10.0
01-Oct-2019 14:17:00,39.5,90,90.0,10.0
01-Oct-2019 14:18:00,40.3,90,90.0,10.0
01-Oct-2019 14:19:00,40.6,90,90.0,10.0
01-Oct-2019 14:20:00,40.7,90,90.0,10.0
01-Oct-2019 14:21:00,39.8,90,90.0,10.0
01-Oct-2019 14:22:00,40.2,90,90.0,10.0
01-Oct-2019 14:23:00,40.6,90,90.0,10.0
01-Oct-2019 14:24:00,40.7,90,90.0,10.0
01-Oct-2019 14:25:00,41.4,90,90.0,10.0
01-Oct-2019 14:26:00,41.0,90,90.0,10.0
01-Oct-2019 14:27:00,40.1,90,90.0,10.0
01-Oct-2019 14:28:00,40.3,90,90.0,10.0
01-Oct-2019 14:29:00,40.9,90,90.0,10.0
01-Oct-2019 14:30:00,40.0,90,90.0,10.0
01-Oct-2019 14:31:00,40.5,90,90.0,10.0
01-Oct-2019 14:32:00,40.6,90,90.0,10.0
01-Oct-2019 14:33:00,42.2,90,90.0,10.0
01-Oct-2019 14:34:00,40.4,90,90.0,10.0
01-Oct-2019 14:35:00,41.3,90,90.0,10.0
01-Oct-2019 14:36:00,41.4,90,90.0,10.0
01-Oct-2019 14:37:00,40.4,90,90.0,10.0
01-Oct-2019 14:38:00,40.3,90,90.0,10.0
01-Oct-2019 14:39:00,40.4,90,90.0,10.0
01-Oct-2019 14:40:00,40.3,90,90.0,10.0
01-Oct-2019 14:41:00,40.8,90,90.0,10.0
01-Oct-2019 14:42:00,41.1,90,90.0,10.0
01-Oct-2019 14:43:00,41.8,90,90.0,10.0
01-Oct-2019 14:44:00,40.6,90,90.0,10.0
01-Oct-2019 14:45:00,40.4,90,90.0,10.0
01-Oct-2019 14:46:00,39.6,90,90.0,10.0
01-Oct-2019 14:47:00,39.2,90,90.0,10.0
01-Oct-2019 14:48:00,40.2,90,90.0,10.0
01-Oct-2019 14:49:00,41.8,90,90.0,10.0
01-Oct-2019 14:50:00,41.4,90,90.0,10.0
01-Oct-2019 14:51:00,41.0,90,90.0,10.0
01-Oct-2019 14:52:00,40.2,90,90.0,10.0
01-Oct-2019 14:53:00,40.3,90,90.0,10.0
01-Oct-2019 14:54:00,42.0,90,90.0,10.0
01-Oct-2019 14:55:00,43.4,90,90.0,10.0
01-Oct-2019 14:56:00,40.6,90,90.0,10.0
01-Oct-2019 14:57:00,39.7,90,90.0,10.0
01-Oct-2019 14:58:00,40.5,90,90.0,10.0
01-Oct-2019 14:59:00,40.3,90,90.0,10.0
01-Oct-2019 15:00:00,40.2,90,90.0,10.0
01-Oct-2019 15:01:00,40.4,90,90.0,10.0
01-Oct-2019 15:02:00,42.1,90,90.0,10.0
01-Oct-2019 15:03:00,38.3,90,90.0,10.0
01-Oct-2019 15:04:00,38.7,90,90.0,10.0
01-Oct-2019 15:05:00,37.2,90,90.0,10.0
01-Oct-2019 15:06:00,36.5,90,90.0,10.0
01-Oct-2019 15:07:00,35.8,90,90.0,10.0
01-Oct-2019 15:08:00,36.2,90,90.0,10.0
01-Oct-2019 15:09:00,35.7,90,90.0,10.0
01-Oct-2019 15:10:00,36.4,90,90.0,10.0
01-Oct-2019 15:11:00,35.9,90,90.0,10.0
01-Oct-2019 15:12:00,35.8,90,90.0,10.0
01-Oct-2019 15:13:00,34.8,90,90.0,10.0
01-Oct-2019 15:14:00,34.5,90,90.0,10.0
01-Oct-2019 15:15:00,34.7,90,90.0,10.0
01-Oct-2019 15:16:00,34.7,90,90.0,10.0
01-Oct-2019 15:17:00,35.0,90,90.0,10.0
01-Oct-2019 15:18:00,34.9,90,90.0,10.0
01-Oct-2019 15:19:00,34.9,90,90.0,10.0
01-Oct-2019 15:20:00,34.9,90,90.0,10.0
01-Oct-2019 15:21:00,34.3,90,90.0,10.0
01-Oct-2019 15:22:00,33.2,90,90.0,10.0
01-Oct-2019 15:23:00,34.3,90,90.0,10.0
01-Oct-2019 15:24:00,32.9,90,90.0,10.0
01-Oct-2019 15:25:00,32.3,90,90.0,10.0
01-Oct-2019 15:26:00,32.8,90,90.0,10.0
01-Oct-2019 15:27:00,33.2,90,90.0,10.0
01-Oct-2019 15:28:00,33.7,90,90.0,10.0
01-Oct-2019 15:29:00,34.0,90,90.0,10.0
01-Oct-2019 15:30:00,34.0,90,90.0,10.0
01-Oct-2019 15:31:00,33.6,90,90.0,10.0
01-Oct-2019 15:32:00,33.5,90,90.0,10.0
01-Oct-2019 15:33:00,32.9,90,90.0,10.0
01-Oct-2019 15:34:00,33.2,90,90.0,10.0
01-Oct-2019 15:35:00,33.6,90,90.0,10.0
01-Oct-2019 15:36:00,32.1,90,90.0,10.0
01-Oct-2019 15:37:00,32.4,90,90.0,10.0
01-Oct-2019 15:38:00,31.6,90,90.0,10.0
01-Oct-2019 15:39:00,30.3,90,90.0,10.0
01-Oct-2019 15:40:00,31.5,90,90.0,10.0
01-Oct-2019 15:41:00,30.6,90,90.0,10.0
01-Oct-2019 15:42:00,31.1,90,90.0,10.0
01-Oct-2019 15:43:00,31.0,90,90.0,10.0
01-Oct-2019 15:44:00,32.0,90,90.0,10.0
01-Oct-2019 15:45:00,31.1,90,90.0,10.0
01-Oct-2019 15:46:00,32.5,90,90.0,10.0
01-Oct-2019 15:47:00,35.3,90,90.0,10.0
01-Oct-2019 15:48:00,38.1,90,90.0,10.0
01-Oct-2019 15:49:00,38.7,90,90.0,10.0
01-Oct-2019 15:50:00,39.9,90,90.0,10.0
01-Oct-2019 15:51:00,40.1,90,90.0,10.0
01-Oct-2019 15:52:00,39.2,90,90.0,10.0
01-Oct-2019 15:53:00,38.6,90,90.0,10.0
01-Oct-2019 15:54:00,38.7,90,90.0,10.0
01-Oct-2019 15:55:00,37.6,90,90.0,10.0
01-Oct-2019 15:56:00,37.8,90,90.0,10.0
01-Oct-2019 15:57:00,38.1,90,90.0,10.0
01-Oct-2019 15:58:00,38.1,90,90.0,10.0
01-Oct-2019 15:59:00,38.1,90,90.0,10.0
01-Oct-2019 16:00:00,38.7,90,90.0,10.0
01-Oct-2019 16:01:00,39.0,90,90.0,10.0
01-Oct-2019 16:02:00,39.0,90,90.0,10.0
01-Oct-2019 16:03:00,39.1,90,90.0,10.0
01-Oct-2019 16:04:00,39.3,90,90.0,10.0
01-Oct-2019 16:05:00,38.8,90,90.0,10.0
01-Oct-2019 16:06:00,38.4,90,90.0,10.0
01-Oct-2019 16:07:00,38.2,90,90.0,10.0
01-Oct-2019 16:08:00,37.8,90,90.0,10.0
01-Oct-2019 16:09:00,38.7,90,90.0,10.0
01-Oct-2019 16:10:00,39.1,90,90.0,10.0
01-Oct-2019 16:11:00,38.8,90,90.0,10.0
01-Oct-2019 16:12:00,38.2,90,90.0,10.0
01-Oct-2019 16:13:00,38.0,90,90.0,10.0
01-Oct-2019 16:14:00,39.0,90,90.0,10.0
01-Oct-2019 16:15:00,39.1,90,90.0,10.0
01-Oct-2019 16:16:00,38.7,90,90.0,10.0
01-Oct-2019 16:17:00,38.7,90,90.0,10.0
01-Oct-2019 16:18:00,38.6,90,90.0,10.0
01-Oct-2019 16:19:00,39.3,90,90.0,10.0
01-Oct-2019 16:20:00,38.7,90,90.0,10.0
01-Oct-2019 16:21:00,38.8,90,90.0,10.0
01-Oct-2019 16:22:00,38.2,90,90.0,10.0
01-Oct-2019 16:23:00,39.2,90,90.0,10.0
01-Oct-2019 16:24:00,38.4,90,90.0,10.0
01-Oct-2019 16:25:00,38.3,90,90.0,10.0
01-Oct-2019 16:26:00,39.2,90,90.0,10.0
01-Oct-2019 16:27:00,39.4,90,90.0,10.0
01-Oct-2019 16:28:00,38.9,90,90.0,10.0
01-Oct-2019 16:29:00,38.4,90,90.0,10.0
01-Oct-2019 16:30:00,37.6,90,90.0,10.0
01-Oct-2019 16:31:00,37.8,90,90.0,10.0
01-Oct-2019 16:32:00,37.6,90,90.0,10.0
01-Oct-2019 16:33:00,39.2,90,90.0,10.0
01-Oct-2019 16:34:00,38.8,90,90.0,10.0
01-Oct-2019 16:35:00,39.0,90,90.0,10.0
01-Oct-2019 16:36:00,38.0,90,90.0,10.0
01-Oct-2019 16:37:00,38.9,90,90.0,10.0
01-Oct-2019 16:38:00,39.0,90,90.0,10.0
01-Oct-2019 16:39:00,39.1,90,90.0,10.0
01-Oct-2019 16:40:00,38.6,90,90.0,10.0
01-Oct-2019 16:41:00,39.3,90,90.0,10.0
01-Oct-2019 16:42:00,38.9,90,90.0,10.0
01-Oct-2019 16:43:00,38.1,90,90.0,10.0
01-Oct-2019 16:44:00,37.9,90,90.0,10.0
01-Oct-2019 16:45:00,38.3,90,90.0,10.0
01-Oct-2019 16:46:00,38.4,90,90.0,10.0
01-Oct-2019 16:47:00,38.4,90,90.0,10.0
01-Oct-2019 16:48:00,38.9,90,90.0,10.0
01-Oct-2019 16:49:00,39.2,90,90.0,10.0
01-Oct-2019 16:50:00,38.8,90,90.0,10.0
01-Oct-2019 16:51:00,38.7,90,90.0,10.0
01-Oct-2019 16:52:00,39.0,90,90.0,10.0
01-Oct-2019 16:53:00,38.6,90,90.0,10.0
01-Oct-2019 16:54:00,37.6,90,90.0,10.0
01-Oct-2019 16:55:00,37.1,90,90.0,10.0
01-Oct-2019 16:56:00,37.1,90,90.0,10.0
01-Oct-2019 16:57:00,36.8,90,90.0,10.0
01-Oct-2019 16:58:00,37.9,90,90.0,10.0
01-Oct-2019 16:59:00,40.4,90,90.0,10.0
01-Oct-2019 17:00:00,40.9,90,90.0,10.0
01-Oct-2019 17:01:00,40.6,90,90.0,10.0
01-Oct-2019 17:02:00,39.8,90,90.0,10.0
01-Oct-2019 17:03:00,39.3,90,90.0,10.0
01-Oct-2019 17:04:00,38.1,90,90.0,10.0
01-Oct-2019 17:05:00,37.5,90,90.0,10.0
01-Oct-2019 17:06:00,36.3,90,90.0,10.0
01-Oct-2019 17:07:00,36.7,90,90.0,10.0
01-Oct-2019 17:08:00,36.2,90,90.0,10.0
01-Oct-2019 17:09:00,36.9,90,90.0,10.0
01-Oct-2019 17:10:00,37.4,90,90.0,10.0
01-Oct-2019 17:11:00,38.7,90,90.0,10.0
01-Oct-2019 17:12:00,39.2,90,90.0,10.0
01-Oct-2019 17:13:00,40.0,90,90.0,10.0
01-Oct-2019 17:14:00,39.4,90,90.0,10.0
01-Oct-2019 17:15:00,39.0,90,90.0,10.0
01-Oct-2019 17:16:00,38.4,90,90.0,10.0
01-Oct-2019 17:17:00,38.2,90,90.0,10.0
01-Oct-2019 17:18:00,38.6,90,90.0,10.0
01-Oct-2019 17:19:00,38.0,90,90.0,10.0
01-Oct-2019 17:20:00,37.8,90,90.0,10.0
01-Oct-2019 17:21:00,37.0,90,90.0,10.0
01-Oct-2019 17:22:00,36.5,90,90.0,10.0
01-Oct-2019 17:23:00,36.1,90,90.0,10.0
01-Oct-2019 17:24:00,36.9,90,90.0,10.0
01-Oct-2019 17:25:00,36.2,90,90.0,10.0
01-Oct-2019 17:26:00,35.0,90,90.0,10.0
01-Oct-2019 17:27:00,34.2,90,90.0,10.0
01-Oct-2019 17:28:00,32.5,90,90.0,10.0
01-Oct-2019 17:29:00,32.1,90,90.0,10.0
01-Oct-2019 17:30:00,31.9,90,90.0,10.0
01-Oct-2019 17:31:00,33.0,90,90.0,10.0
01-Oct-2019 17:32:00,34.7,90,90.0,10.0
01-Oct-2019 17:33:00,36.3,90,90.0,10.0
01-Oct-2019 17:34:00,37.2,90,90.0,10.0
01-Oct-2019 17:35:00,36.9,90,90.0,10.0
01-Oct-2019 17:36:00,36.4,90,90.0,10.0
01-Oct-2019 17:37:00,35.9,90,90.0,10.0
01-Oct-2019 17:38:00,35.3,90,90.0,10.0
01-Oct-2019 17:39:00,35.1,90,90.0,10.0
01-Oct-2019 17:40:00,35.1,90,90.0,10.0
01-Oct-2019 17:41:00,34.8,90,90.0,10.0
01-Oct-2019 17:42:00,35.1,90,90.0,10.0
01-Oct-2019 17:43:00,34.5,90,90.0,10.0
01-Oct-2019 17:44:00,34.2,90,90.0,10.0
01-Oct-2019 17:45:00,34.0,90,90.0,10.0
01-Oct-2019 17:46:00,34.3,90,90.0,10.0
01-Oct-2019 17:47:00,34.0,90,90.0,10.0
01-Oct-2019 17:48:00,34.0,90,90.0,10.0
01-Oct-2019 17:49:00,35.2,90,90.0,10.0
01-Oct-2019 17:50:00,34.9,90,90.0,10.0
01-Oct-2019 17:51:00,35.0,90,90.0,10.0
01-Oct-2019 17:52:00,35.1,90,90.0,10.0
01-Oct-2019 17:53:00,35.2,90,90.0,10.0
01-Oct-2019 17:54:00,35.4,90,90.0,10.0
01-Oct-2019 17:55:00,35.6,90,90.0,10.0
01-Oct-2019 17:56:00,35.6,90,90.0,10.0
01-Oct-2019 17:57:00,35.3,90,90.0,10.0
01-Oct-2019 17:58:00,35.9,90,90.0,10.0
01-Oct-2019 17:59:00,35.5,90,90.0,10.0
