time,Thermal power (out),Electrical power (in),Electrical IT power
2019-10-01 08:00:00,28233.334333333332,29921.0,27398.333333333332
2019-10-01 08:01:00,28066.667,30473.0,27279.0
2019-10-01 08:02:00,28200.001,30445.0,27409.666666666668
2019-10-01 08:03:00,28066.666666666668,30296.0,27545.0
2019-10-01 08:04:00,28133.334,30220.0,27419.0
2019-10-01 08:05:00,28266.667666666668,29665.0,27552.0
2019-10-01 08:06:00,28100.000333333333,30169.0,27634.333333333332
2019-10-01 08:07:00,28100.0,30118.0,27589.666666666668
2019-10-01 08:08:00,27966.666666666668,29598.0,27260.666666666668
2019-10-01 08:09:00,27766.667666666668,29818.0,27632.0
2019-10-01 08:10:00,27800.001,30291.0,27619.666666666668
2019-10-01 08:11:00,27966.666666666668,30744.0,27640.666666666668
2019-10-01 08:12:00,27933.333333333332,30638.0,27475.0
2019-10-01 08:13:00,27900.0,29274.0,27651.0
2019-10-01 08:14:00,27900.0,29008.0,27743.666666666668
2019-10-01 08:15:00,28066.666666666668,30772.0,27928.0
2019-10-01 08:16:00,28100.0,30593.0,27837.0
2019-10-01 08:17:00,28033.333333333332,30009.0,27635.333333333332
2019-10-01 08:18:00,28000.0,30989.0,27355.333333333332
2019-10-01 08:19:00,28000.0,29837.0,27539.666666666668
2019-10-01 08:20:00,28000.0,29387.0,27566.0
2019-10-01 08:21:00,28000.0,30752.0,27919.666666666668
2019-10-01 08:22:00,28366.667333333335,29406.0,27633.666666666668
2019-10-01 08:23:00,28366.667333333335,30335.0,27765.666666666668
2019-10-01 08:24:00,28100.0,29388.0,27704.333333333332
2019-10-01 08:25:00,28433.333666666666,30924.0,27772.333333333332
2019-10-01 08:26:00,28466.666666666668,31021.0,27801.333333333332
2019-10-01 08:27:00,28533.333333333332,30234.0,27548.333333333332
2019-10-01 08:28:00,28133.334,30811.0,27563.0
2019-10-01 08:29:00,28400.000666666667,30725.0,27744.0
2019-10-01 08:30:00,28366.667,31726.0,27389.0
2019-10-01 08:31:00,28233.334333333332,29976.0,27589.666666666668
2019-10-01 08:32:00,28266.667666666668,29563.0,27610.0
2019-10-01 08:33:00,28166.667333333335,30018.0,27664.0
2019-10-01 08:34:00,28266.667666666668,29894.0,27504.333333333332
2019-10-01 08:35:00,28033.333333333332,30330.0,27285.666666666668
2019-10-01 08:36:00,28200.001,30361.0,27705.333333333332
2019-10-01 08:37:00,28133.334,31495.0,27784.333333333332
2019-10-01 08:38:00,28233.334,31154.0,27710.0
2019-10-01 08:39:00,28100.000333333333,29619.0,27485.333333333332
2019-10-01 08:40:00,28200.001,30511.0,27635.666666666668
2019-10-01 08:41:00,28166.667333333335,30116.0,27804.0
2019-10-01 08:42:00,28166.667333333335,30195.0,27673.0
2019-10-01 08:43:00,27900.0,28629.0,27408.666666666668
2019-10-01 08:44:00,28166.667333333335,30007.0,27625.0
2019-10-01 08:45:00,28133.333666666666,29920.0,27524.0
2019-10-01 08:46:00,28200.001,30597.0,27462.0
2019-10-01 08:47:00,28200.001,31056.0,27641.333333333332
2019-10-01 08:48:00,28200.001,29200.0,27562.0
2019-10-01 08:49:00,28200.000666666667,29785.0,27526.0
2019-10-01 08:50:00,28233.334333333332,30459.0,27573.333333333332
2019-10-01 08:51:00,28200.001,31720.0,27628.333333333332
2019-10-01 08:52:00,28100.0,30190.0,27970.333333333332
2019-10-01 08:53:00,6266.666666666667,30384.0,27546.666666666668
2019-10-01 08:54:00,50699.99933333333,29454.0,27741.0
2019-10-01 08:55:00,46300.00066666667,30712.0,27536.0
2019-10-01 08:56:00,44366.668666666665,30151.0,27590.333333333332
2019-10-01 08:57:00,40166.666666666664,30388.0,27462.666666666668
2019-10-01 08:58:00,36333.333333333336,30470.0,27503.0
2019-10-01 08:59:00,33033.335333333336,30295.0,27445.0
2019-10-01 09:00:00,31133.333333333332,71571.0,36157.0
2019-10-01 09:01:00,30300.000333333333,72326.0,69033.66666666667
2019-10-01 09:02:00,30500.000666666667,72626.0,69577.33333333333
2019-10-01 09:03:00,32400.001,73089.0,69996.0
2019-10-01 09:04:00,36366.66766666667,72819.0,70150.33333333333
2019-10-01 09:05:00,38866.66733333333,73074.0,70006.66666666667
2019-10-01 09:06:00,43333.335,73390.0,70441.33333333333
2019-10-01 09:07:00,46133.335,73570.0,70842.0
2019-10-01 09:08:00,50133.33233333334,73559.0,70979.33333333333
2019-10-01 09:09:00,52533.33433333333,73410.0,70914.0
2019-10-01 09:10:00,55566.668,73706.0,70722.0
2019-10-01 09:11:00,57366.668666666665,74026.0,70995.0
2019-10-01 09:12:00,58500.001000000004,73996.0,70902.0
2019-10-01 09:13:00,59533.33266666667,73849.0,71008.66666666667
2019-10-01 09:14:00,60100.002,73463.0,71013.33333333333
2019-10-01 09:15:00,59666.66666666667,74097.0,71042.0
2019-10-01 09:16:00,60099.99966666667,73832.0,70936.66666666667
2019-10-01 09:17:00,61233.33466666667,73636.0,70849.33333333333
2019-10-01 09:18:00,61733.333666666666,73722.0,70992.33333333333
2019-10-01 09:19:00,62700.00066666667,73526.0,70795.0
2019-10-01 09:20:00,62800.00066666667,73733.0,70735.0
2019-10-01 09:21:00,63066.668,73806.0,70886.33333333333
2019-10-01 09:22:00,63566.66666666667,73793.0,70923.66666666667
2019-10-01 09:23:00,63500.0,73890.0,70950.0
2019-10-01 09:24:00,63566.667,73537.0,70861.0
2019-10-01 09:25:00,63866.67033333333,74089.0,70994.33333333333
2019-10-01 09:26:00,64366.666,73936.0,70968.0
2019-10-01 09:27:00,65066.668333333335,73817.0,70987.33333333333
2019-10-01 09:28:00,64500.00266666667,73926.0,70983.0
2019-10-01 09:29:00,64766.66766666667,73945.0,70774.66666666667
2019-10-01 09:30:00,65500.0,73950.0,70993.0
2019-10-01 09:31:00,65300.003333333334,73621.0,71020.66666666667
2019-10-01 09:32:00,65466.666999999994,73844.0,71026.66666666667
2019-10-01 09:33:00,65566.66833333333,74059.0,70896.33333333333
2019-10-01 09:34:00,65900.00200000001,74031.0,70838.0
2019-10-01 09:35:00,66333.33333333333,73755.0,70924.0
2019-10-01 09:36:00,66566.66833333333,73799.0,70534.66666666667
2019-10-01 09:37:00,66966.67,73777.0,70826.66666666667
2019-10-01 09:38:00,67066.66799999999,74049.0,70786.0
2019-10-01 09:39:00,67066.66833333333,73825.0,70924.33333333333
2019-10-01 09:40:00,67133.33633333333,74106.0,70860.66666666667
2019-10-01 09:41:00,67166.66633333333,74121.0,70907.33333333333
2019-10-01 09:42:00,67700.002,74105.0,71014.0
2019-10-01 09:43:00,67366.66866666666,74132.0,70961.66666666667
2019-10-01 09:44:00,68099.99799999999,74030.0,71121.0
2019-10-01 09:45:00,68233.332,73982.0,70897.0
2019-10-01 09:46:00,68199.99933333333,74028.0,70950.33333333333
2019-10-01 09:47:00,68300.003,73879.0,71162.0
2019-10-01 09:48:00,68199.99933333333,74004.0,70920.0
2019-10-01 09:49:00,68266.66466666666,73805.0,70895.33333333333
2019-10-01 09:50:00,67699.99933333333,73832.0,70811.66666666667
2019-10-01 09:51:00,67400.00433333333,74119.0,71132.66666666667
2019-10-01 09:52:00,67266.67033333333,73915.0,70934.66666666667
2019-10-01 09:53:00,68600.00366666667,73751.0,70687.0
2019-10-01 09:54:00,69300.00066666667,73717.0,70826.0
2019-10-01 09:55:00,68599.99799999999,74008.0,70787.66666666667
2019-10-01 09:56:00,68733.33533333334,74325.0,70984.66666666667
2019-10-01 09:57:00,68400.00133333333,73779.0,70984.33333333333
2019-10-01 09:58:00,68400.00200000001,73746.0,71124.0
2019-10-01 09:59:00,68933.33133333332,73748.0,71073.66666666667
2019-10-01 10:00:00,68000.00266666667,73935.0,71096.0
2019-10-01 10:01:00,69066.66866666668,74063.0,71003.66666666667
2019-10-01 10:02:00,69833.336,74116.0,71088.66666666667
2019-10-01 10:03:00,69900.00200000001,73898.0,70948.66666666667
2019-10-01 10:04:00,70733.33533333334,73885.0,70952.33333333333
2019-10-01 10:05:00,69133.33633333333,73962.0,70703.0
2019-10-01 10:06:00,68599.99799999999,73155.0,70973.66666666667
2019-10-01 10:07:00,68900.00133333333,74049.0,71186.0
2019-10-01 10:08:00,68433.33466666668,74122.0,71026.0
2019-10-01 10:09:00,68466.667,73789.0,70851.66666666667
2019-10-01 10:10:00,69499.99966666666,74134.0,70914.33333333333
2019-10-01 10:11:00,69966.66733333333,72809.0,70997.66666666667
2019-10-01 10:12:00,70700.002,74147.0,70753.33333333333
2019-10-01 10:13:00,70766.67066666667,74019.0,70684.33333333333
2019-10-01 10:14:00,69533.33266666667,73879.0,70823.66666666667
2019-10-01 10:15:00,69600.00366666667,73832.0,71031.66666666667
2019-10-01 10:16:00,68699.99933333333,75005.0,71020.66666666667
2019-10-01 10:17:00,68433.33466666668,74480.0,70791.33333333333
2019-10-01 10:18:00,69533.33266666667,73113.0,70895.0
2019-10-01 10:19:00,69966.66733333333,74430.0,71063.0
2019-10-01 10:20:00,70533.33566666667,74169.0,70850.33333333333
2019-10-01 10:21:00,71533.33833333333,72770.0,70613.66666666667
2019-10-01 10:22:00,70566.66866666668,74018.0,71051.66666666667
2019-10-01 10:23:00,69533.33566666667,72654.0,70969.33333333333
2019-10-01 10:24:00,68933.337,73289.0,70905.33333333333
2019-10-01 10:25:00,68800.003,73786.0,70744.33333333333
2019-10-01 10:26:00,69666.66966666667,73965.0,70795.66666666667
2019-10-01 10:27:00,70766.67033333333,73829.0,70781.33333333333
2019-10-01 10:28:00,71700.005,73574.0,70736.0
2019-10-01 10:29:00,71933.33433333333,73761.0,70680.33333333333
2019-10-01 10:30:00,71666.66666666667,73905.0,71022.66666666667
2019-10-01 10:31:00,70333.333,74001.0,70983.66666666667
2019-10-01 10:32:00,69600.001,73836.0,70720.0
2019-10-01 10:33:00,68866.666,74217.0,70802.33333333333
2019-10-01 10:34:00,68766.668,73844.0,70916.66666666667
2019-10-01 10:35:00,70500.00266666667,74125.0,70824.33333333333
2019-10-01 10:36:00,71099.99799999999,73955.0,70942.66666666667
2019-10-01 10:37:00,71033.33266666667,73437.0,70823.33333333333
2019-10-01 10:38:00,70533.33566666667,73856.0,71086.0
2019-10-01 10:39:00,68933.33133333332,73990.0,70769.33333333333
2019-10-01 10:40:00,69466.66733333333,73725.0,70962.0
2019-10-01 10:41:00,69333.336,74217.0,70756.0
2019-10-01 10:42:00,68566.66533333332,74066.0,71169.0
2019-10-01 10:43:00,70300.00333333334,73928.0,70783.33333333333
2019-10-01 10:44:00,70666.66633333333,74006.0,70768.66666666667
2019-10-01 10:45:00,71300.00066666667,74152.0,63880.333333333336
2019-10-01 10:46:00,71566.66533333332,31161.0,37512.333333333336
2019-10-01 10:47:00,69099.99799999999,30790.0,28081.666666666668
2019-10-01 10:48:00,66033.33266666667,30512.0,27946.666666666668
2019-10-01 10:49:00,60933.33466666666,30529.0,27706.666666666668
2019-10-01 10:50:00,57000.001000000004,31056.0,27824.0
2019-10-01 10:51:00,55300.00066666667,31746.0,28001.333333333332
2019-10-01 10:52:00,53900.00033333333,30217.0,27677.0
2019-10-01 10:53:00,50833.333333333336,30372.0,27341.666666666668
2019-10-01 10:54:00,49733.333666666666,31166.0,27857.333333333332
2019-10-01 10:55:00,45133.335,30523.0,27773.0
2019-10-01 10:56:00,43266.668666666665,30255.0,27383.666666666668
2019-10-01 10:57:00,42900.00033333333,30768.0,27363.666666666668
2019-10-01 10:58:00,42033.334,30830.0,27538.0
2019-10-01 10:59:00,41500.0,30719.0,27673.333333333332
2019-10-01 11:00:00,40966.668666666665,30347.0,27518.333333333332
2019-10-01 11:01:00,39799.998999999996,30408.0,27524.0
2019-10-01 11:02:00,38633.335,30570.0,27475.666666666668
2019-10-01 11:03:00,38000.00166666667,31915.0,27638.0
2019-10-01 11:04:00,37633.335,29871.0,27315.333333333332
2019-10-01 11:05:00,37466.668666666665,30477.0,27396.333333333332
2019-10-01 11:06:00,37366.66766666667,30857.0,27478.666666666668
2019-10-01 11:07:00,37099.99966666666,30426.0,27606.0
2019-10-01 11:08:00,36466.668666666665,30700.0,27614.0
2019-10-01 11:09:00,36166.66766666667,30015.0,27570.666666666668
2019-10-01 11:10:00,35866.666,30810.0,27699.0
2019-10-01 11:11:00,35333.335,31374.0,27661.0
2019-10-01 11:12:00,35300.002,30398.0,27789.0
2019-10-01 11:13:00,35400.002,30413.0,27452.0
2019-10-01 11:14:00,35366.66733333333,31162.0,27511.333333333332
2019-10-01 11:15:00,35300.00066666667,29965.0,27744.333333333332
2019-10-01 11:16:00,34800.002,30282.0,27369.333333333332
2019-10-01 11:17:00,34300.00066666667,30422.0,27407.0
2019-10-01 11:18:00,34166.66766666667,31119.0,27602.0
2019-10-01 11:19:00,33900.002,30027.0,27537.0
2019-10-01 11:20:00,34033.335333333336,30341.0,29763.333333333332
2019-10-01 11:21:00,33466.66566666666,72105.0,60047.0
2019-10-01 11:22:00,33700.001,72719.0,70091.33333333333
2019-10-01 11:23:00,36233.33466666667,73119.0,70332.0
2019-10-01 11:24:00,38500.00133333333,74647.0,70855.66666666667
2019-10-01 11:25:00,41566.66666666667,75659.0,71114.0
2019-10-01 11:26:00,46400.0,73946.0,71108.66666666667
2019-10-01 11:27:00,49666.66666666667,74081.0,71071.33333333333
2019-10-01 11:28:00,52333.335,73884.0,71233.66666666667
2019-10-01 11:29:00,56666.66666666667,74060.0,71293.33333333333
2019-10-01 11:30:00,57700.001,74439.0,71254.0
2019-10-01 11:31:00,59366.668666666665,74312.0,71350.33333333333
2019-10-01 11:32:00,61933.33466666667,75626.0,71416.33333333333
2019-10-01 11:33:00,63700.00066666667,74366.0,71320.0
2019-10-01 11:34:00,64466.67,74024.0,71470.33333333333
2019-10-01 11:35:00,64000.0,72857.0,71468.66666666667
2019-10-01 11:36:00,64433.33733333333,75095.0,71307.66666666667
2019-10-01 11:37:00,64700.00233333333,73520.0,71152.33333333333
2019-10-01 11:38:00,65200.005,74251.0,71472.66666666667
2019-10-01 11:39:00,65366.668666666665,73715.0,71604.66666666667
2019-10-01 11:40:00,66000.0,74006.0,71329.33333333333
2019-10-01 11:41:00,65966.66733333333,74016.0,71432.0
2019-10-01 11:42:00,66400.00133333333,74830.0,71490.0
2019-10-01 11:43:00,66366.66866666666,74884.0,71506.0
2019-10-01 11:44:00,66199.99933333333,72903.0,71418.66666666667
2019-10-01 11:45:00,66900.00433333333,73956.0,71434.0
2019-10-01 11:46:00,67200.005,74404.0,71533.66666666667
2019-10-01 11:47:00,67166.66933333334,73977.0,71529.33333333333
2019-10-01 11:48:00,68400.00166666666,74654.0,71500.66666666667
2019-10-01 11:49:00,68600.001,76094.0,71460.66666666667
2019-10-01 11:50:00,68499.99966666666,74166.0,71649.66666666667
2019-10-01 11:51:00,68800.003,74171.0,71606.33333333333
2019-10-01 11:52:00,68300.00333333334,74154.0,71511.33333333333
2019-10-01 11:53:00,68933.33133333332,73933.0,71606.33333333333
2019-10-01 11:54:00,68533.33266666667,74137.0,71433.0
2019-10-01 11:55:00,67800.003,74252.0,71507.0
2019-10-01 11:56:00,69266.66766666666,74707.0,71331.33333333333
2019-10-01 11:57:00,70099.99799999999,74399.0,71387.33333333333
2019-10-01 11:58:00,70200.00233333334,74344.0,71405.0
2019-10-01 11:59:00,71033.33266666667,74212.0,71406.33333333333
2019-10-01 12:00:00,70500.0,74572.0,71495.33333333333
2019-10-01 12:01:00,69466.66733333333,73287.0,71409.33333333333
2019-10-01 12:02:00,69200.005,73093.0,71510.33333333333
2019-10-01 12:03:00,68533.33566666667,75447.0,71696.66666666667
2019-10-01 12:04:00,69100.00133333333,75264.0,71444.0
2019-10-01 12:05:00,70200.00233333334,73022.0,71409.33333333333
2019-10-01 12:06:00,70633.33666666667,74357.0,71615.0
2019-10-01 12:07:00,71366.666,74928.0,71592.0
2019-10-01 12:08:00,71800.00066666667,74071.0,71421.0
2019-10-01 12:09:00,70399.99866666667,74972.0,71530.33333333333
2019-10-01 12:10:00,69500.0,75048.0,71584.33333333333
2019-10-01 12:11:00,69333.336,74451.0,71233.66666666667
2019-10-01 12:12:00,69433.33133333332,75309.0,71091.33333333333
2019-10-01 12:13:00,70733.33533333334,73500.0,71315.0
2019-10-01 12:14:00,70633.33666666667,73494.0,71393.0
2019-10-01 12:15:00,71133.33366666666,73807.0,71292.0
2019-10-01 12:16:00,71900.00166666666,73128.0,71298.33333333333
2019-10-01 12:17:00,71166.66966666667,74460.0,71329.33333333333
2019-10-01 12:18:00,70933.337,73895.0,71399.33333333333
2019-10-01 12:19:00,70833.33633333334,73254.0,71457.66666666667
2019-10-01 12:20:00,71533.33833333333,74141.0,71730.66666666667
2019-10-01 12:21:00,71733.33766666667,74512.0,71477.66666666667
2019-10-01 12:22:00,71800.003,75164.0,71367.0
2019-10-01 12:23:00,72133.33666666667,73326.0,71467.0
2019-10-01 12:24:00,72400.00200000001,73198.0,71453.33333333333
2019-10-01 12:25:00,72333.33633333334,74850.0,71400.0
2019-10-01 12:26:00,70733.335,73240.0,71394.33333333333
2019-10-01 12:27:00,70233.33533333334,73931.0,71378.33333333333
2019-10-01 12:28:00,69966.66733333333,74961.0,71264.66666666667
2019-10-01 12:29:00,70266.66766666666,74406.0,71495.66666666667
2019-10-01 12:30:00,71333.33633333334,73924.0,71508.33333333333
2019-10-01 12:31:00,71800.003,73462.0,71462.66666666667
2019-10-01 12:32:00,71933.33466666668,73546.0,71435.66666666667
2019-10-01 12:33:00,72600.00366666667,74517.0,71248.33333333333
2019-10-01 12:34:00,72333.333,74240.0,71456.66666666667
2019-10-01 12:35:00,71300.00333333334,73968.0,71342.0
2019-10-01 12:36:00,70500.0,72990.0,71247.33333333333
2019-10-01 12:37:00,70300.00066666667,72639.0,71416.33333333333
2019-10-01 12:38:00,71400.00166666666,74254.0,71504.33333333333
2019-10-01 12:39:00,71800.003,73173.0,71526.0
2019-10-01 12:40:00,72500.00266666667,75351.0,71397.33333333333
2019-10-01 12:41:00,72866.66866666666,74668.0,71434.66666666667
2019-10-01 12:42:00,73000.0,74869.0,71397.66666666667
2019-10-01 12:43:00,71133.33666666667,75204.0,71435.66666666667
2019-10-01 12:44:00,70533.33833333333,73189.0,71468.0
2019-10-01 12:45:00,70500.00300000001,73107.0,71450.0
2019-10-01 12:46:00,71699.99933333333,73300.0,71421.66666666667
2019-10-01 12:47:00,72400.00200000001,74332.0,71311.0
2019-10-01 12:48:00,72533.33833333333,74900.0,71533.0
2019-10-01 12:49:00,72800.003,74703.0,71476.33333333333
2019-10-01 12:50:00,72633.334,73920.0,71381.66666666667
2019-10-01 12:51:00,71366.67166666668,74652.0,71348.33333333333
2019-10-01 12:52:00,70766.66466666666,74482.0,71330.66666666667
2019-10-01 12:53:00,71300.00066666667,74220.0,71375.33333333333
2019-10-01 12:54:00,72066.66533333332,74765.0,71357.66666666667
2019-10-01 12:55:00,71933.337,75358.0,71347.66666666667
2019-10-01 12:56:00,72133.33666666667,74909.0,66303.66666666667
2019-10-01 12:57:00,71933.33733333334,30290.0,32382.0
2019-10-01 12:58:00,69833.33333333333,30334.0,28463.333333333332
2019-10-01 12:59:00,67366.66866666666,29238.0,28024.666666666668
2019-10-01 13:00:00,61400.002,31503.0,27464.0
2019-10-01 13:01:00,57200.001000000004,31114.0,27636.0
2019-10-01 13:02:00,55433.33466666666,30536.0,27854.333333333332
2019-10-01 13:03:00,53333.335,29389.0,27732.333333333332
2019-10-01 13:04:00,50500.0,30484.0,27490.333333333332
2019-10-01 13:05:00,48600.002,30341.0,27596.0
2019-10-01 13:06:00,45700.001,29244.0,27727.333333333332
2019-10-01 13:07:00,43633.33233333334,31678.0,27885.333333333332
2019-10-01 13:08:00,42833.33466666666,30532.0,27692.0
2019-10-01 13:09:00,41900.0,29911.0,27692.666666666668
2019-10-01 13:10:00,40700.001000000004,30881.0,27767.666666666668
2019-10-01 13:11:00,39099.99966666666,30700.0,27807.666666666668
2019-10-01 13:12:00,38566.667,30452.0,27699.0
2019-10-01 13:13:00,38500.001,30366.0,27397.666666666668
2019-10-01 13:14:00,38099.99966666666,31771.0,27847.333333333332
2019-10-01 13:15:00,37833.335,30628.0,27530.666666666668
2019-10-01 13:16:00,37600.002,29974.0,27317.333333333332
2019-10-01 13:17:00,37200.002,30063.0,27489.666666666668
2019-10-01 13:18:00,36700.001000000004,29222.0,27831.666666666668
2019-10-01 13:19:00,36900.00033333334,30184.0,27751.333333333332
2019-10-01 13:20:00,36500.00166666667,30245.0,27528.333333333332
2019-10-01 13:21:00,36233.33333333333,29772.0,27845.666666666668
2019-10-01 13:22:00,36166.66766666667,31531.0,28124.666666666668
2019-10-01 13:23:00,35966.66733333333,30348.0,27745.333333333332
2019-10-01 13:24:00,35433.33466666667,31140.0,27713.666666666668
2019-10-01 13:25:00,36000.0,30815.0,27548.333333333332
2019-10-01 13:26:00,36000.001,31222.0,27723.333333333332
2019-10-01 13:27:00,35400.00133333333,29042.0,27354.0
2019-10-01 13:28:00,34766.668666666665,30350.0,27544.666666666668
2019-10-01 13:29:00,34900.002,30027.0,27697.333333333332
2019-10-01 13:30:00,34533.33433333333,29639.0,27859.666666666668
2019-10-01 13:31:00,34299.998999999996,30399.0,27823.666666666668
2019-10-01 13:32:00,33900.0,30012.0,34664.333333333336
2019-10-01 13:33:00,33900.002,72116.0,62480.666666666664
2019-10-01 13:34:00,35466.668333333335,72414.0,65582.0
2019-10-01 13:35:00,38033.334,73688.0,70570.66666666667
2019-10-01 13:36:00,41066.668,72916.0,70647.33333333333
2019-10-01 13:37:00,44166.668,75060.0,70700.0
2019-10-01 13:38:00,47433.33466666667,74857.0,71139.0
2019-10-01 13:39:00,50766.666333333334,74834.0,70965.66666666667
2019-10-01 13:40:00,54500.0,74834.0,70930.33333333333
2019-10-01 13:41:00,57100.00133333333,73835.0,71089.0
2019-10-01 13:42:00,58500.00166666666,75296.0,71163.66666666667
2019-10-01 13:43:00,61566.66666666667,74430.0,71152.0
2019-10-01 13:44:00,63600.00133333333,74380.0,70947.66666666667
2019-10-01 13:45:00,64233.337666666666,74258.0,71065.0
2019-10-01 13:46:00,63900.00166666666,74082.0,71223.33333333333
2019-10-01 13:47:00,64266.670666666665,74172.0,71364.0
2019-10-01 13:48:00,64733.33466666666,74336.0,71352.0
2019-10-01 13:49:00,64999.99966666666,74095.0,71154.33333333333
2019-10-01 13:50:00,65766.66766666666,74100.0,70988.33333333333
2019-10-01 13:51:00,66266.66766666666,74011.0,70861.0
2019-10-01 13:52:00,66100.001,74382.0,71159.33333333333
2019-10-01 13:53:00,66000.0,74228.0,71215.0
2019-10-01 13:54:00,66566.66833333333,74269.0,71083.33333333333
2019-10-01 13:55:00,66466.667,74264.0,71047.33333333333
2019-10-01 13:56:00,66566.66533333332,74242.0,71393.33333333333
2019-10-01 13:57:00,67200.005,74266.0,71241.33333333333
2019-10-01 13:58:00,66766.66466666666,74554.0,71300.0
2019-10-01 13:59:00,68266.66466666666,74300.0,71468.33333333333
2019-10-01 14:00:00,68833.336,74145.0,71401.66666666667
2019-10-01 14:01:00,68966.66733333333,74149.0,71298.66666666667
2019-10-01 14:02:00,69000.00266666667,74466.0,71401.66666666667
2019-10-01 14:03:00,68699.99933333333,74180.0,71345.0
2019-10-01 14:04:00,68600.001,74274.0,71428.0
2019-10-01 14:05:00,68433.33466666668,74362.0,71469.33333333333
2019-10-01 14:06:00,68200.005,74471.0,71373.0
2019-10-01 14:07:00,68433.33133333332,74031.0,71396.66666666667
2019-10-01 14:08:00,69533.33266666667,74508.0,71277.33333333333
2019-10-01 14:09:00,69900.00200000001,74204.0,71296.0
2019-10-01 14:10:00,70100.004,74471.0,71427.33333333333
2019-10-01 14:11:00,70866.66900000001,74359.0,71477.33333333333
2019-10-01 14:12:00,69899.99866666667,74563.0,71422.66666666667
2019-10-01 14:13:00,69400.00200000001,74075.0,71433.0
2019-10-01 14:14:00,68866.666,74349.0,71327.66666666667
2019-10-01 14:15:00,68533.33566666667,74610.0,71389.33333333333
2019-10-01 14:16:00,69600.00366666667,74598.0,71337.0
2019-10-01 14:17:00,70500.0,74476.0,71444.66666666667
2019-10-01 14:18:00,70999.99966666666,74717.0,71605.0
2019-10-01 14:19:00,71500.0,74393.0,71567.66666666667
2019-10-01 14:20:00,71500.00300000001,74593.0,71246.66666666667
2019-10-01 14:21:00,69766.66466666666,74436.0,71386.0
2019-10-01 14:22:00,69466.66733333333,74617.0,71335.66666666667
2019-10-01 14:23:00,69999.99966666666,74234.0,71498.0
2019-10-01 14:24:00,71033.33266666667,74152.0,71343.33333333333
2019-10-01 14:25:00,71600.00366666667,74476.0,71382.33333333333
2019-10-01 14:26:00,71400.00166666666,74576.0,71686.0
2019-10-01 14:27:00,72099.99799999999,74462.0,71473.0
2019-10-01 14:28:00,72266.67066666667,74434.0,71297.0
2019-10-01 14:29:00,71300.00333333334,74451.0,71263.33333333333
2019-10-01 14:30:00,70366.67166666668,74390.0,71456.0
2019-10-01 14:31:00,70233.332,74383.0,71392.0
2019-10-01 14:32:00,70533.33833333333,74416.0,71206.66666666667
2019-10-01 14:33:00,71033.33266666667,74366.0,71213.0
2019-10-01 14:34:00,71699.99933333333,74369.0,71439.0
2019-10-01 14:35:00,71633.33666666667,74381.0,71356.33333333333
2019-10-01 14:36:00,72333.33633333334,74451.0,71569.0
2019-10-01 14:37:00,71500.00266666667,74183.0,71302.33333333333
2019-10-01 14:38:00,70566.66866666668,74387.0,71481.66666666667
2019-10-01 14:39:00,70199.99933333333,74287.0,71500.0
2019-10-01 14:40:00,69666.66633333333,74662.0,71348.0
2019-10-01 14:41:00,71300.00333333334,74094.0,71231.33333333333
2019-10-01 14:42:00,71933.33433333333,74732.0,71390.0
2019-10-01 14:43:00,71999.99966666666,74696.0,71538.66666666667
2019-10-01 14:44:00,72200.005,74546.0,71630.66666666667
2019-10-01 14:45:00,72199.99933333333,73030.0,71364.33333333333
2019-10-01 14:46:00,70600.001,75538.0,71629.66666666667
2019-10-01 14:47:00,70500.0,74224.0,71456.0
2019-10-01 14:48:00,70500.0,74586.0,71333.0
2019-10-01 14:49:00,71833.33333333333,75052.0,71295.66666666667
2019-10-01 14:50:00,71900.00166666666,74970.0,71394.66666666667
2019-10-01 14:51:00,71833.336,75361.0,71448.33333333333
2019-10-01 14:52:00,72600.004,73860.0,71496.0
2019-10-01 14:53:00,72900.00166666666,74875.0,71274.66666666667
2019-10-01 14:54:00,71333.333,74292.0,71486.66666666667
2019-10-01 14:55:00,70633.33666666667,74845.0,71140.66666666667
2019-10-01 14:56:00,70666.66933333334,74453.0,71259.0
2019-10-01 14:57:00,70899.99866666667,73151.0,71223.0
2019-10-01 14:58:00,72033.33833333333,74804.0,71565.0
2019-10-01 14:59:00,72333.33633333334,74839.0,71502.66666666667
2019-10-01 15:00:00,72600.004,75061.0,71340.66666666667
2019-10-01 15:01:00,73099.99799999999,73525.0,71198.0
2019-10-01 15:02:00,72466.67,31278.0,47050.0
2019-10-01 15:03:00,69966.667,30762.0,28154.0
2019-10-01 15:04:00,67099.99799999999,31167.0,27628.0
2019-10-01 15:05:00,64899.99866666667,30613.0,27593.0
2019-10-01 15:06:00,62166.66666666667,30842.0,27826.666666666668
2019-10-01 15:07:00,58766.666333333334,30974.0,27925.666666666668
2019-10-01 15:08:00,57600.002,30687.0,27561.666666666668
2019-10-01 15:09:00,52833.333333333336,30859.0,27393.666666666668
2019-10-01 15:10:00,50099.99966666667,29574.0,27566.666666666668
2019-10-01 15:11:00,48166.666666666664,30574.0,27545.333333333332
2019-10-01 15:12:00,44733.333333333336,29940.0,27014.666666666668
2019-10-01 15:13:00,43200.002,30544.0,27419.333333333332
2019-10-01 15:14:00,42466.66566666667,29295.0,27833.0
2019-10-01 15:15:00,41900.0,29651.0,27453.333333333332
2019-10-01 15:16:00,41500.0,30964.0,27598.0
2019-10-01 15:17:00,40766.668666666665,30986.0,27863.333333333332
2019-10-01 15:18:00,40133.335333333336,29637.0,27447.666666666668
2019-10-01 15:19:00,39700.002,31591.0,27537.0
2019-10-01 15:20:00,39533.334,31224.0,27605.666666666668
2019-10-01 15:21:00,40733.33333333333,29759.0,27496.666666666668
2019-10-01 15:22:00,40666.66766666667,31074.0,27492.666666666668
2019-10-01 15:23:00,38433.333,30177.0,27507.333333333332
2019-10-01 15:24:00,36500.001,30747.0,27384.666666666668
2019-10-01 15:25:00,35733.333666666666,30464.0,27036.333333333332
2019-10-01 15:26:00,35300.00066666667,30476.0,27413.333333333332
2019-10-01 15:27:00,34900.0,31106.0,27512.0
2019-10-01 15:28:00,34599.99966666666,31748.0,27515.0
2019-10-01 15:29:00,34466.66733333333,29703.0,27246.666666666668
2019-10-01 15:30:00,34400.00033333334,30684.0,27720.333333333332
2019-10-01 15:31:00,33966.668666666665,30536.0,27890.333333333332
2019-10-01 15:32:00,34166.668000000005,30799.0,27339.0
2019-10-01 15:33:00,33966.668666666665,31608.0,27295.0
2019-10-01 15:34:00,33833.33333333333,32101.0,27709.666666666668
2019-10-01 15:35:00,33533.334,30738.0,27858.0
2019-10-01 15:36:00,33433.333,30661.0,27157.666666666668
2019-10-01 15:37:00,33366.666,30636.0,27434.0
2019-10-01 15:38:00,33299.998999999996,30356.0,28143.666666666668
2019-10-01 15:39:00,33166.668000000005,29691.0,27600.333333333332
2019-10-01 15:40:00,32933.33466666667,29645.0,27299.666666666668
2019-10-01 15:41:00,32666.668,31740.0,27285.666666666668
2019-10-01 15:42:00,32666.668,30228.0,27264.0
2019-10-01 15:43:00,32766.668,30359.0,27228.666666666668
2019-10-01 15:44:00,32600.002,29763.0,26993.0
2019-10-01 15:45:00,32633.334,70952.0,50892.333333333336
2019-10-01 15:46:00,32700.001,72111.0,69425.33333333333
2019-10-01 15:47:00,34166.66766666667,74299.0,69845.33333333333
2019-10-01 15:48:00,38633.33233333333,73927.0,70260.0
2019-10-01 15:49:00,43000.00166666667,71831.0,70244.66666666667
2019-10-01 15:50:00,45500.00133333333,73029.0,70345.0
2019-10-01 15:51:00,49766.668666666665,73205.0,70639.0
2019-10-01 15:52:00,53433.333,71878.0,70621.0
2019-10-01 15:53:00,56666.668333333335,73055.0,70451.33333333333
2019-10-01 15:54:00,59000.00166666666,73491.0,70692.0
2019-10-01 15:55:00,59966.668666666665,74859.0,70854.0
2019-10-01 15:56:00,59200.00066666667,74842.0,70653.33333333333
2019-10-01 15:57:00,58866.666000000005,72848.0,70638.0
2019-10-01 15:58:00,59066.668,74837.0,70865.66666666667
2019-10-01 15:59:00,60900.00133333333,74591.0,70921.66666666667
2019-10-01 16:00:00,62500.00133333333,72986.0,70717.66666666667
2019-10-01 16:01:00,63266.668,73893.0,70822.66666666667
2019-10-01 16:02:00,63733.333333333336,74144.0,71078.33333333333
2019-10-01 16:03:00,64200.002,74810.0,70808.33333333333
2019-10-01 16:04:00,63800.00066666667,73897.0,70595.33333333333
2019-10-01 16:05:00,64300.003,73979.0,71026.66666666667
2019-10-01 16:06:00,64200.005,73790.0,71202.33333333333
2019-10-01 16:07:00,64933.33466666667,73798.0,70972.0
2019-10-01 16:08:00,65233.337666666666,74030.0,71017.0
2019-10-01 16:09:00,65700.005,74291.0,70999.66666666667
2019-10-01 16:10:00,65766.66766666666,74051.0,70578.0
2019-10-01 16:11:00,66566.66533333332,73862.0,70895.66666666667
2019-10-01 16:12:00,66600.001,74045.0,71069.33333333333
2019-10-01 16:13:00,66133.334,73641.0,71106.33333333333
2019-10-01 16:14:00,66333.33333333333,73852.0,70828.33333333333
2019-10-01 16:15:00,66466.667,74287.0,71134.66666666667
2019-10-01 16:16:00,67099.99799999999,74120.0,71208.0
2019-10-01 16:17:00,67966.66966666667,73550.0,70654.0
2019-10-01 16:18:00,68233.33466666666,74425.0,70904.0
2019-10-01 16:19:00,67833.336,73991.0,71235.66666666667
2019-10-01 16:20:00,67933.337,73752.0,71092.0
2019-10-01 16:21:00,67599.99799999999,74031.0,70921.66666666667
2019-10-01 16:22:00,68066.671,74266.0,71170.0
2019-10-01 16:23:00,68200.005,74162.0,71272.0
2019-10-01 16:24:00,67800.00033333333,73884.0,70880.0
2019-10-01 16:25:00,68100.00133333333,74142.0,70727.0
2019-10-01 16:26:00,69600.00366666667,74296.0,71202.0
2019-10-01 16:27:00,69900.00200000001,73740.0,71397.33333333333
2019-10-01 16:28:00,69833.336,73929.0,70716.33333333333
2019-10-01 16:29:00,69400.00200000001,74123.0,70885.66666666667
2019-10-01 16:30:00,69133.334,74267.0,71011.66666666667
2019-10-01 16:31:00,68666.66966666667,74103.0,70853.0
2019-10-01 16:32:00,68433.33466666668,74012.0,70846.33333333333
2019-10-01 16:33:00,67833.333,74045.0,71109.66666666667
2019-10-01 16:34:00,68666.66933333334,73849.0,71112.66666666667
2019-10-01 16:35:00,69999.99966666666,73826.0,71013.66666666667
2019-10-01 16:36:00,70366.666,74240.0,70929.66666666667
2019-10-01 16:37:00,71099.99799999999,74001.0,70976.66666666667
2019-10-01 16:38:00,70733.335,74147.0,71039.0
2019-10-01 16:39:00,69400.00433333333,73699.0,70965.0
2019-10-01 16:40:00,69000.00300000001,74359.0,71313.33333333333
2019-10-01 16:41:00,68733.335,73738.0,70960.66666666667
2019-10-01 16:42:00,69600.001,74089.0,71002.0
2019-10-01 16:43:00,70600.004,72906.0,71185.33333333333
2019-10-01 16:44:00,70733.33533333334,73843.0,71184.66666666667
2019-10-01 16:45:00,71066.671,74653.0,71003.33333333333
2019-10-01 16:46:00,71700.005,74611.0,71322.0
2019-10-01 16:47:00,70300.00033333333,73798.0,71051.66666666667
2019-10-01 16:48:00,69600.001,73575.0,71006.66666666667
2019-10-01 16:49:00,69300.00333333334,74150.0,71036.0
2019-10-01 16:50:00,69233.33533333334,73470.0,71293.33333333333
2019-10-01 16:51:00,70933.33733333334,75044.0,71254.0
2019-10-01 16:52:00,71100.00133333333,74401.0,71089.0
2019-10-01 16:53:00,71966.667,72814.0,71214.0
2019-10-01 16:54:00,72000.0,72839.0,71398.66666666667
2019-10-01 16:55:00,71300.00066666667,73503.0,71154.66666666667
2019-10-01 16:56:00,70066.66866666668,74288.0,71220.0
2019-10-01 16:57:00,69900.00200000001,73984.0,71357.66666666667
2019-10-01 16:58:00,68900.00200000001,73922.0,71346.66666666667
2019-10-01 16:59:00,70733.33766666667,74609.0,71233.0
2019-10-01 17:00:00,72099.99799999999,73872.0,71056.66666666667
2019-10-01 17:01:00,72600.00366666667,75586.0,71198.66666666667
2019-10-01 17:02:00,73466.667,73974.0,71157.0
2019-10-01 17:03:00,72866.66866666666,74370.0,71120.66666666667
2019-10-01 17:04:00,71800.00333333334,73708.0,71035.33333333333
2019-10-01 17:05:00,71999.99966666666,74714.0,71049.66666666667
2019-10-01 17:06:00,72400.00200000001,74088.0,70879.66666666667
2019-10-01 17:07:00,72766.67033333333,72223.0,70927.66666666667
2019-10-01 17:08:00,72500.00300000001,74475.0,70828.0
2019-10-01 17:09:00,72200.005,73769.0,70939.66666666667
2019-10-01 17:10:00,72900.00166666666,73978.0,71111.66666666667
2019-10-01 17:11:00,72900.00166666666,73941.0,71067.0
2019-10-01 17:12:00,72500.00266666667,74014.0,71008.66666666667
2019-10-01 17:13:00,70866.66900000001,75297.0,70731.66666666667
2019-10-01 17:14:00,70066.66866666668,73392.0,71225.33333333333
2019-10-01 17:15:00,69566.66533333332,73572.0,71078.0
2019-10-01 17:16:00,70600.004,72682.0,70849.33333333333
2019-10-01 17:17:00,70866.66900000001,74466.0,70953.66666666667
2019-10-01 17:18:00,71500.00266666667,30033.0,51303.666666666664
2019-10-01 17:19:00,71100.00133333333,30904.0,27953.0
2019-10-01 17:20:00,68766.66466666666,31340.0,27806.666666666668
2019-10-01 17:21:00,61466.66733333333,30639.0,27497.0
2019-10-01 17:22:00,58700.002,31295.0,27899.0
2019-10-01 17:23:00,55500.00133333333,30947.0,27415.666666666668
2019-10-01 17:24:00,53866.66766666666,30911.0,27628.666666666668
2019-10-01 17:25:00,50700.001000000004,30681.0,27998.0
2019-10-01 17:26:00,49500.0,30859.0,28088.333333333332
2019-10-01 17:27:00,48099.99966666667,30747.0,27305.0
2019-10-01 17:28:00,44866.66733333333,31053.0,27555.0
2019-10-01 17:29:00,43299.999,30581.0,27694.333333333332
2019-10-01 17:30:00,42500.00166666666,30018.0,27625.0
2019-10-01 17:31:00,42000.0,30421.0,27271.333333333332
2019-10-01 17:32:00,41433.333,31170.0,27787.333333333332
2019-10-01 17:33:00,40300.00066666667,28818.0,27970.666666666668
2019-10-01 17:34:00,40166.668000000005,30017.0,27800.0
2019-10-01 17:35:00,39866.666,31227.0,27360.0
2019-10-01 17:36:00,39666.66766666667,31492.0,27468.666666666668
2019-10-01 17:37:00,39400.0,29746.0,27572.0
2019-10-01 17:38:00,38666.666666666664,30672.0,27901.666666666668
2019-10-01 17:39:00,37900.00033333334,30512.0,26986.0
2019-10-01 17:40:00,37700.001000000004,30153.0,27767.0
2019-10-01 17:41:00,37133.334,31378.0,27657.333333333332
2019-10-01 17:42:00,36766.666333333334,30013.0,27512.0
2019-10-01 17:43:00,36700.001000000004,30572.0,26964.333333333332
2019-10-01 17:44:00,36333.33333333333,31531.0,27734.666666666668
2019-10-01 17:45:00,35966.66566666666,30041.0,27523.0
2019-10-01 17:46:00,35300.002,30351.0,27743.0
2019-10-01 17:47:00,35166.668000000005,31181.0,27436.666666666668
2019-10-01 17:48:00,34733.33333333333,30384.0,27803.333333333332
2019-10-01 17:49:00,34800.002,30331.0,27604.333333333332
2019-10-01 17:50:00,34600.002,30524.0,27466.333333333332
2019-10-01 17:51:00,34233.333666666666,30878.0,27147.0
2019-10-01 17:52:00,13033.333999999999,30330.0,27545.666666666668
2019-10-01 17:53:00,19700.0,30212.0,27644.0
2019-10-01 17:54:00,22600.0,29630.0,27301.0
2019-10-01 17:55:00,23733.333333333332,31113.0,27124.0
2019-10-01 17:56:00,24900.001,29929.0,27388.333333333332
2019-10-01 17:57:00,27266.667666666668,29508.0,27650.0
2019-10-01 17:58:00,28000.000333333333,31535.0,27441.0
2019-10-01 17:59:00,28600.0,30839.0,27426.0
