time,CRAC01_T_in,CRAC01_T_out,CRAC02_T_in,CRAC02_T_out,CRAC03_T_in,CRAC03_T_out,CRAC04_T_in,CRAC04_T_out,P02R01_T_in_b,P02R01_T_in_m,P02R01_T_in_t,P02R01_T_out_b,P02R01_T_out_m,P02R01_T_out_t,P02R02_T_in_b,P02R02_T_in_m,P02R02_T_in_t,P02R02_T_out_b,P02R02_T_out_m,P02R02_T_out_t,P02R03_T_in_b,P02R03_T_in_m,P02R03_T_in_t,P02R03_T_out_b,P02R03_T_out_m,P02R03_T_out_t,P02R04_T_in_b,P02R04_T_in_m,P02R04_T_in_t,P02R04_T_out_b,P02R04_T_out_m,P02R04_T_out_t,P02R05_T_in_b,P02R05_T_in_m,P02R05_T_in_t,P02R05_T_out_b,P02R05_T_out_m,P02R05_T_out_t,P02R06_T_in_b,P02R06_T_in_m,P02R06_T_in_t,P02R06_T_out_b,P02R06_T_out_m,P02R06_T_out_t,P02R07_T_in_b,P02R07_T_in_m,P02R07_T_in_t,P02R07_T_out_b,P02R07_T_out_m,P02R07_T_out_t,P02R08_T_in_b,P02R08_T_in_m,P02R08_T_in_t,P02R08_T_out_b,P02R08_T_out_m,P02R08_T_out_t,P02R09_T_in_b,P02R09_T_in_m,P02R09_T_in_t,P02R09_T_out_b,P02R09_T_out_m,P02R09_T_out_t,P02R10_T_in_b,P02R10_T_in_m,P02R10_T_in_t,P02R10_T_out_b,P02R10_T_out_m,P02R10_T_out_t
1516694400,30.2832,18.9782,30.2397,19.1154,30.2148,19.5913,30.2621,19.4634,30.1208,30.1204,29.928,38.0928,40.536,39.6285,29.9839,30.0844,29.775,44.1197,47.5198,46.2159,30.0782,30.1066,29.7378,40.6046,43.8848,42.8783,30.04,30.0936,29.7034,38.0142,40.4698,39.6007,30.1081,30.0913,29.7519,37.9869,40.4561,39.6067,29.9898,30.0854,29.7748,34.2688,38.1504,37.4671,29.9463,30.0823,29.6757,36.109,41.8424,40.8676,29.9762,30.0928,29.8196,34.2433,38.1312,37.393,29.8691,30.0796,29.5281,39.2443,46.5572,45.5376,29.9418,30.0589,29.814,34.1712,38.1061,37.5681
1516694460,34.9143,19.1856,33.9647,19.4809,34.2012,19.0886,34.2745,18.8287,19.6139,24.8282,31.741,36.011,39.4383,45.9727,20.6197,19.6272,28.1709,41.5533,40.906,47.389,21.0303,20.3635,27.1428,42.9363,41.4791,46.9492,20.6106,19.8969,25.3282,34.5438,32.6865,37.2053,20.9067,22.1168,28.5937,31.471,31.1394,36.9864,21.3282,22.1342,30.1497,32.6413,33.0952,39.9068,20.9265,20.0841,29.0098,31.2195,29.9738,37.2494,21.7862,20.5655,27.159,33.6306,33.3543,36.5625,22.8359,20.35,26.7877,34.1957,33.9948,37.0791,22.3476,21.6228,29.1015,32.9736,35.1138,37.9389
1516694520,37.0095,20.0195,35.4825,20.3348,35.7675,19.9192,36.5208,19.6482,20.1218,22.8322,34.5314,37.3272,38.1772,49.3502,20.8642,20.0673,28.6491,42.8673,42.3063,48.6951,21.5549,20.5875,27.7973,44.4668,42.7278,48.5169,21.1438,20.469,25.1401,35.8135,33.8388,37.6302,21.3431,22.893,29.3907,32.4886,32.2779,38.2277,21.7351,22.1554,31.0051,33.6072,33.7075,40.8959,21.2894,20.1847,30.207,32.2389,30.5515,38.6802,22.148,20.569,28.1683,34.6189,34.0132,37.7183,23.3475,20.2946,26.7935,35.6037,34.6374,37.3032,23.102,21.161,29.5817,34.3447,35.4783,37.8064
1516694580,36.8979,20.0153,35.5313,20.3307,35.7661,19.899,36.437,19.631,20.1159,22.7443,34.0293,37.3117,38.12,48.7895,20.8876,20.0641,29.1678,42.874,42.309,49.2648,21.6106,20.5835,27.5306,44.5723,42.7083,48.3042,21.1357,20.4641,25.157,35.7838,33.8025,37.6347,21.308,22.7735,29.3776,32.4576,32.169,38.174,21.7145,22.1189,31.1825,33.6061,33.6878,41.1897,21.3112,20.1757,30.1701,32.2667,30.5396,38.7456,22.0306,20.5186,28.1002,34.541,34.159,37.814,23.1587,20.2164,27.2121,35.4133,34.5908,37.3451,23.0102,21.0742,29.0035,34.1803,35.4917,37.8675
1516694640,36.9378,20.1706,35.4259,20.4196,35.7645,19.9071,36.3628,19.6496,20.2569,22.7772,34.2543,37.4026,38.1397,49.1025,20.9983,20.2032,29.1343,42.9515,42.3981,49.1322,21.4757,20.6753,27.2848,44.4601,42.787,48.1205,21.2196,20.5612,24.9146,35.8425,33.9277,37.3895,21.4032,22.8397,29.729,32.5474,32.2603,38.4783,21.7493,22.0731,30.8392,33.639,33.6452,40.7349,21.3203,20.1576,29.7681,32.2079,30.5146,38.2425,22.0103,20.6369,27.8157,34.5462,34.1607,37.5589,23.3375,20.298,27.2082,35.5517,34.6683,37.3824,23.1362,21.2259,29.1651,34.3109,35.2903,37.8658
1516694700,36.938,20.1718,35.2987,20.5207,35.8518,19.995,36.2731,19.7144,20.2763,22.7342,34.2639,37.4453,38.1352,49.3799,21.0904,20.2046,28.692,43.0983,42.4442,48.6841,21.5473,20.7444,27.1917,44.579,42.8494,47.9174,21.2908,20.6601,24.7332,35.8552,33.9822,37.2487,21.3914,22.7373,29.2851,32.4885,32.0729,37.9762,21.8523,22.3337,31.233,33.7145,33.8847,41.1996,21.4061,20.258,29.7752,32.32,30.604,38.2503,22.2558,20.6468,28.3469,34.6959,34.0074,37.8327,23.2409,20.381,27.208,35.4358,34.5229,37.2674,23.0776,21.0828,29.1974,34.6571,35.2962,37.6698
1516694760,36.9387,20.3227,35.2366,20.6165,35.8273,19.991,36.415,19.7296,20.3929,22.923,34.3948,37.5224,38.2806,49.2407,21.2164,20.3369,28.6773,43.0502,42.5528,48.4893,21.6464,20.8282,27.1987,44.6166,42.9477,47.9844,21.3976,20.763,24.1079,35.988,34.0958,36.7906,21.5019,22.7867,29.1463,32.5762,32.1569,37.8462,21.8404,22.0981,30.9886,33.757,33.6889,40.9942,21.4232,20.224,29.8821,32.3402,30.5676,38.4474,22.1923,20.6119,27.5855,34.7725,34.2075,37.7094,23.44,20.2835,27.1069,35.5885,34.6797,37.4085,23.0337,20.9696,28.9622,34.4884,35.5907,37.9243
1516694820,36.8588,20.4215,35.2455,20.7609,35.9622,20.0471,36.4424,19.8483,20.5019,22.901,33.8778,37.6647,38.2705,48.8894,21.3321,20.4322,28.0909,43.2354,42.6558,48.0435,21.7486,20.9449,26.7019,44.739,43.0492,47.45,21.5228,20.9178,23.9092,36.057,34.2142,36.5986,21.6205,22.865,29.091,32.6906,32.2306,37.7364,21.8691,22.4228,31.261,33.7384,33.9365,41.1027,21.4121,20.3076,30.0959,32.2937,30.6607,38.439,22.3178,20.7469,27.9742,34.8104,34.103,37.9291,23.1928,20.4441,27.4874,35.6289,34.8477,37.5364,23.1196,21.2833,29.2281,34.5845,35.5731,37.9258
1516694880,37.1318,20.5285,35.3611,20.9121,36.0052,20.1173,36.5101,19.9549,20.6106,23.0196,34.4902,37.6576,38.3915,49.4737,21.517,20.5497,28.5997,43.41,42.7987,48.5576,21.7642,21.0938,27.3071,44.7425,43.191,47.9535,21.6849,21.0761,23.7716,36.2264,34.3683,36.5306,21.7475,23.1755,29.1802,32.8255,32.4504,37.7889,21.9285,22.2909,31.2698,33.7969,33.8334,41.0916,21.5149,20.4277,30.2359,32.4265,30.7447,38.8677,22.1661,20.8139,28.2961,34.6818,34.3166,38.09,23.363,20.5284,26.9942,35.6994,34.8737,37.4171,23.2802,21.4031,29.0644,34.5991,35.6648,37.8504
1516694940,37.0838,20.6297,35.1814,21.0668,35.9655,20.176,36.508,19.9475,20.7141,23.0929,34.0983,37.8602,38.4635,49.1219,21.577,20.6382,28.3071,43.4066,42.8365,48.3517,21.9383,21.1871,26.9137,44.92,43.3067,47.6744,21.8208,21.2323,24.0627,36.3178,34.4724,36.7337,21.8096,22.9123,29.334,32.8141,32.2415,37.937,21.9919,22.2703,31.0627,33.8375,33.8275,40.8833,21.5968,20.3975,29.8519,32.4888,30.7055,38.1751,22.2791,20.7591,28.1148,34.738,34.3752,37.8986,23.5142,20.5024,27.072,35.7395,34.8414,37.43,23.2877,21.1376,29.7272,34.7458,35.7313,37.9581
1516695000,36.9319,20.722,35.1257,21.2129,35.9266,20.2696,36.4229,20.0173,20.8012,23.0514,34.5276,37.8914,38.4131,49.3791,21.6825,20.7361,27.9289,43.6569,42.911,47.9553,22.1596,21.2847,26.9089,45.1244,43.3894,47.6193,21.9735,21.3795,23.8391,36.4187,34.6268,36.5513,21.9682,22.9297,29.1431,32.9443,32.3033,37.6388,22.1099,22.1243,30.6544,33.9609,33.7243,40.5337,21.6587,20.3073,29.5421,32.5363,30.6055,37.9393,22.3495,20.7141,27.5513,34.7727,34.3123,37.6452,23.6639,20.5091,26.9168,35.8844,34.9586,37.401,23.2383,21.1372,29.3592,34.6223,35.6967,37.7504
1516695060,37.0632,20.8271,35.2863,21.2189,35.9761,20.3861,36.6133,20.0378,20.9236,23.1589,34.3136,38.0295,38.5152,49.2978,21.7871,20.84,27.6739,43.7412,43.0673,47.7464,22.205,21.349,27.07,45.1663,43.4638,47.7062,21.9872,21.3892,23.9611,36.4807,34.6668,36.7147,21.9976,23.1026,29.0469,32.9958,32.4446,37.6561,22.1854,22.2182,30.9725,34.0144,33.8012,40.6925,21.7704,20.4394,29.6077,32.6413,30.7588,37.8968,22.5972,20.8913,28.0528,34.9804,34.1735,37.6863,23.5282,20.6449,27.1379,35.8668,35.1017,37.6886,23.4951,21.3908,29.441,34.9452,35.9837,38.0839
1516695120,37.0545,20.8291,35.3803,21.2167,35.9459,20.388,36.5356,20.0313,20.9263,23.1386,33.8448,38.0254,38.5376,48.8733,21.8228,20.8441,27.2079,43.6792,43.0159,47.4785,22.1157,21.3415,27.0843,45.1075,43.4479,47.6815,22.0021,21.3914,23.9289,36.5162,34.6671,36.669,22.0376,23.3076,29.1564,33.0836,32.6251,37.7606,22.1718,22.1341,31.056,34.0321,33.7489,40.9403,21.7978,20.5185,29.6534,32.6919,30.8054,38.1544,22.4509,20.866,27.7984,34.842,34.4595,37.8219,23.7784,20.5875,26.8272,35.959,35.0447,37.4307,23.3373,21.1868,28.9161,34.9087,36.0099,37.9613
1516695180,37.2011,20.8338,35.3646,21.2203,36.0968,20.3874,36.6642,20.0643,20.9328,23.1714,34.0609,38.0489,38.5431,49.1453,21.8263,20.8587,28.2399,43.8742,43.0685,48.2651,22.1688,21.3579,27.3117,45.1761,43.4775,47.9983,21.9932,21.3891,24.2669,36.4924,34.6601,36.9908,22.0341,22.9488,29.7222,33.0207,32.34,38.3287,22.1887,22.4005,31.1525,34.0152,33.9375,41.0238,21.806,20.5944,29.9873,32.6815,30.8904,38.3879,22.4111,20.9311,28.437,34.889,34.5281,38.1201,23.7865,20.7419,27.7147,35.9597,34.986,37.6802,23.4668,21.4189,29.6254,35.0291,35.8606,37.99
1516695240,37.1701,20.8329,35.2562,21.3155,36.0659,20.3966,36.5843,20.1267,20.913,23.1917,34.2687,37.9943,38.5615,49.3584,21.8365,20.8512,27.662,43.7484,43.0399,47.7093,22.2737,21.422,27.0465,45.1952,43.5238,47.7826,22.0782,21.4937,23.9851,36.58,34.7863,36.78,22.0954,22.9316,29.6129,33.1069,32.3627,38.1762,22.212,22.5203,31.3317,34.0668,34.0595,41.1449,21.7985,20.5476,29.5789,32.6564,30.8984,38.1277,22.5791,20.9246,28.2307,35.0315,34.5165,38.0113,23.593,20.6593,27.0714,35.8742,35.0168,37.546,23.4075,21.3153,29.1637,34.8494,35.7769,38.0356
1516695300,37.1107,20.8407,35.3782,21.3192,36.1489,20.3951,36.6368,20.0837,20.937,23.2104,34.8135,38.103,38.6088,49.6161,21.8275,20.8505,27.6883,43.7417,43.0648,47.8562,22.2451,21.4199,27.3146,45.2287,43.5179,47.8912,22.0883,21.4982,23.8995,36.6044,34.7855,36.7121,22.1055,23.1097,29.4821,33.1354,32.5164,38.0729,22.2013,22.4003,31.5886,34.0399,33.9548,41.3959,21.7988,20.648,30.4656,32.6945,30.9612,38.7893,22.6282,20.9363,28.012,35.0796,34.3585,37.8451,23.2498,20.6032,27.0841,35.9077,35.1666,37.6407,23.5372,21.2867,29.4504,34.8706,36.0041,38.2554
1516695360,37.0182,20.9035,35.3043,21.3169,36.0695,20.4514,36.5664,20.057,20.9666,23.2039,33.7766,38.0075,38.5604,48.8563,21.9014,20.9093,27.4286,43.6885,43.1172,47.5422,22.2136,21.4457,26.8337,45.1842,43.536,47.4989,22.0857,21.4967,24.1539,36.5463,34.7433,36.8581,22.0762,22.9187,29.7555,33.0847,32.3542,38.3267,22.2424,22.1959,31.3189,34.066,33.7669,41.1274,21.8715,20.4655,29.5509,32.725,30.7648,37.9412,22.5587,20.8453,27.7957,34.9931,34.3688,37.8448,23.5978,20.5398,27.3789,35.9025,35.0406,37.5708,23.4459,21.2052,29.6157,34.8848,35.9374,38.1031
1516695420,36.9741,20.8923,35.2626,21.4174,35.9553,20.4467,36.4773,20.0748,21.0077,23.0847,33.6712,38.0891,38.4431,48.8736,21.9113,20.9123,26.8565,43.7835,43.085,47.1095,22.3807,21.4806,26.8314,45.2682,43.5704,47.459,22.1807,21.6023,23.8292,36.6537,34.849,36.5895,22.1787,23.1451,29.5746,33.1932,32.5478,38.1401,22.2192,22.1426,31.2065,34.046,33.7177,40.9752,21.8575,20.4672,29.4131,32.6992,30.7303,37.795,22.5346,20.9048,27.7693,34.98,34.7007,37.6807,23.6116,20.6326,26.8956,35.9894,35.071,37.4815,23.3487,21.1876,28.3209,34.9761,35.9064,37.876
1516695480,36.9795,20.8974,35.3706,21.4221,36.1314,20.4859,36.3972,20.2205,20.9925,23.1188,33.8867,38.0208,38.4648,49.0397,21.9334,20.9124,27.0447,43.7381,43.0985,47.308,22.3665,21.5061,26.8314,45.2892,43.6097,47.5261,22.183,21.6054,23.9123,36.6686,34.87,36.6854,22.1863,23.245,29.2839,33.2038,32.597,37.9315,22.2861,22.4576,31.2415,34.1327,34.0127,40.9962,21.8862,20.5832,29.8519,32.741,30.8838,38.1466,22.6307,21.0175,27.7286,35.0492,34.4821,37.9144,23.618,20.7138,27.0643,35.9065,34.9886,37.4906,23.3962,21.2676,29.2056,34.7189,35.6965,37.8391
1516695540,36.8433,20.9913,35.156,21.4191,36.1025,20.4468,36.4122,20.1396,21.104,23.1916,34.5031,38.2271,38.5531,49.4105,22.1071,20.9963,26.2376,43.957,43.1299,46.6984,22.306,21.5065,26.5679,45.2647,43.6072,47.1951,22.1699,21.6053,23.7794,36.6249,34.869,36.5555,22.1479,22.826,29.425,33.1247,32.2649,37.9119,22.2268,22.2492,31.1433,34.0544,33.8149,40.9334,21.8597,20.4792,29.2895,32.7118,30.7641,37.6864,22.7082,20.8901,27.7769,35.0047,34.5941,37.8319,23.3092,20.6413,26.8161,35.8564,34.9785,37.3761,23.2132,21.3237,28.9185,34.9378,35.73,37.8129
1516695600,36.9762,21.1196,35.2446,21.4225,35.9556,20.4287,36.4404,20.1752,21.2254,23.1464,34.1638,38.282,38.5185,49.07,22.195,21.1317,26.3313,43.8746,43.2972,46.7166,22.3335,21.5186,26.4622,45.2909,43.6375,47.1568,22.1964,21.6071,24.0145,36.6737,34.8648,36.7774,22.2458,23.1355,29.5501,33.2319,32.5471,38.0981,22.2407,22.0774,31.2806,34.0872,33.6902,40.9116,21.8399,20.493,29.3477,32.682,30.744,37.7757,22.5101,20.9134,27.71,34.9399,34.5355,37.7453,23.643,20.6901,27.021,35.9367,35.0791,37.5175,23.2988,21.2923,29.487,35.153,35.9332,37.9942
1516695660,36.9858,21.1322,35.1607,21.4154,36.0347,20.4427,36.5437,20.1996,21.2143,23.2172,34.528,38.2772,38.5698,49.3701,22.1064,21.1395,26.2764,43.8305,43.2781,46.6386,22.3725,21.5244,26.389,45.3912,43.639,47.0826,22.1874,21.6037,23.5033,36.6783,34.8939,36.3804,22.1719,23.1527,29.25,33.1723,32.5253,37.8123,22.2645,22.2458,30.7971,34.124,33.8451,40.6426,21.8815,20.4612,29.4286,32.7143,30.7619,37.784,22.5589,20.9223,28.1704,34.9806,34.8187,37.972,23.743,20.6485,27.3122,35.9796,35.1139,37.5641,23.3306,21.1887,29.1162,35.0638,35.803,37.9204
1516695720,36.8595,21.1267,35.1811,21.4111,36.1968,20.4713,36.5306,20.2054,21.2205,23.3343,34.6666,38.279,38.6856,49.3662,22.0367,21.1303,26.2132,43.7204,43.3064,46.5776,22.3891,21.509,26.2007,45.3727,43.622,46.8641,22.1667,21.6036,23.5741,36.6106,34.8562,36.3776,22.1327,23.0057,29.4479,33.1312,32.3993,37.9233,22.307,22.4261,31.4201,34.1282,33.9572,41.1216,21.8705,20.6119,30.0088,32.7196,30.8626,38.4823,22.7177,20.9309,28.1709,35.0422,34.8813,38.017,23.5506,20.5516,27.1932,35.9396,35.0325,37.555,23.3637,21.1117,29.461,34.8343,36.0772,38.1647
1516695780,36.7236,21.2174,35.1619,21.417,35.9592,20.463,36.3589,20.1831,21.2999,23.0106,33.5858,38.373,38.3638,48.5876,22.1263,21.2295,25.6549,43.8438,43.4122,46.1562,22.3997,21.5665,26.2261,45.4363,43.6672,46.809,22.1997,21.6048,23.5287,36.6722,34.8436,36.382,22.1792,23.1349,29.1912,33.1783,32.4926,37.7809,22.2714,22.3149,31.2201,34.1134,33.8775,41.1276,21.8951,20.5169,29.4976,32.7218,30.7691,37.8259,22.8776,20.9394,27.6163,35.1841,34.8152,37.7918,23.3154,20.6271,26.8545,35.9215,34.9335,37.4003,23.2295,21.1319,28.4196,35.1658,35.6427,37.6382
1516695840,36.3794,21.3579,35.0406,21.4217,36.0667,20.3884,36.3499,20.1747,21.4662,23.0062,33.3452,38.4546,38.3256,48.4978,22.2089,21.3683,24.0129,43.8084,43.4835,45.0435,22.6557,21.5551,25.7213,45.6732,43.6805,46.3135,22.2039,21.6115,23.8264,36.6347,34.8439,36.5654,22.2301,22.9035,29.521,33.1902,32.325,38.0279,22.2355,22.3005,31.1742,34.0521,33.8543,40.9787,21.8309,20.5198,29.6028,32.649,30.7867,38.069,22.6784,20.8648,27.9638,35.0612,34.6625,37.9516,23.5659,20.5564,26.8334,36.0535,35.0686,37.4457,23.348,21.0782,29.032,35.1818,35.7543,37.8389
1516695900,36.3396,21.5071,35.0924,21.4161,35.9876,20.3715,36.3642,20.1734,21.5884,23.1135,33.4353,38.6162,38.4372,48.5162,22.2777,21.5227,23.8418,44.1874,43.6799,44.9944,22.7595,21.6282,25.4564,45.7523,43.7268,46.0459,22.2127,21.6131,23.5918,36.659,34.8459,36.4181,22.1985,22.941,29.1103,33.1957,32.3636,37.7083,22.2163,22.198,30.9358,34.0574,33.778,40.678,21.8237,20.3847,29.2111,32.649,30.6726,37.5812,22.5229,20.8245,27.6347,35.0439,34.3087,37.5437,23.632,20.6037,26.8867,36.064,35.1151,37.426,23.3167,21.1214,28.5184,34.8831,36.0354,37.7338
1516695960,36.3332,21.6092,35.055,21.4218,36.0071,20.3751,36.3111,20.157,21.7215,23.0682,33.2264,38.6927,38.3468,48.3601,22.4605,21.6221,23.7047,44.2035,43.7319,44.8885,22.5199,21.6427,25.8404,45.6035,43.764,46.325,22.2211,21.6102,23.7519,36.642,34.83,36.5052,22.1998,22.867,29.6016,33.2024,32.3371,38.1716,22.2291,22.3715,30.995,34.0662,33.9176,40.7455,21.8135,20.4058,29.4749,32.6945,30.7037,37.831,22.5046,20.8588,27.7393,34.9624,34.8481,37.8601,23.4534,20.5508,26.9868,36.1,35.0403,37.3602,23.3083,21.1012,29.1808,35.2698,35.8075,37.7486
1516696020,36.4206,21.6145,35.1607,21.3174,36.0751,20.3787,36.3708,20.1605,21.6953,23.0967,33.3476,38.6741,38.3984,48.3986,22.358,21.6302,23.9311,43.9769,43.7109,45.0399,22.3965,21.6227,25.6913,45.4912,43.7211,46.1778,22.13,21.5071,23.7338,36.6125,34.7748,36.4954,22.1316,22.9455,29.2421,33.1522,32.3652,37.8109,22.2556,22.4116,31.5298,34.0949,33.9551,41.2567,21.8219,20.445,29.1109,32.6852,30.7297,37.6201,22.7686,20.8264,27.9622,35.1481,34.895,37.958,23.3952,20.5339,27.1198,35.9319,35.0283,37.5018,23.2469,21.1592,28.8369,35.065,35.9731,37.7462
1516696080,36.502,21.7149,34.9743,21.4135,36.1169,20.3801,36.3903,20.1611,21.7987,23.1199,33.5456,38.8524,38.4551,48.6408,22.5323,21.7308,23.7015,44.3544,43.8515,45.0013,22.5124,21.6981,25.466,45.6166,43.8061,46.0324,22.2148,21.6033,23.4628,36.677,34.8431,36.3334,22.1767,22.8775,29.0552,33.1754,32.296,37.5901,22.2161,22.3342,31.2926,34.0703,33.8974,41.2118,21.8428,20.4201,29.6821,32.6751,30.6885,38.0901,22.517,20.7892,27.9647,35.0762,34.5942,37.972,23.3899,20.6116,27.1425,36.1338,35.438,37.747,23.3332,21.2608,28.9351,35.1646,36.3115,38.0955
1516696140,36.3947,21.7188,35.0512,21.4213,36.1181,20.347,36.4262,20.181,21.8094,23.1811,33.3302,38.8494,38.491,48.3852,22.5099,21.7366,24.0136,44.2685,43.8598,45.193,22.5441,21.7204,25.161,45.5777,43.8465,45.8771,22.2193,21.6118,23.8294,36.6399,34.8399,36.587,22.1838,22.7567,29.4273,33.1446,32.2462,38.0578,22.2258,22.1317,30.9967,34.0603,33.7049,40.6515,21.8128,20.3398,29.327,32.6284,30.5982,37.4896,22.6247,20.7456,27.6172,35.0584,34.2747,37.548,23.5439,20.4941,26.8663,36.0401,35.2122,37.5644,23.3304,21.1704,28.459,35.1372,36.0906,37.8252
1516696200,36.3819,21.7193,34.9961,21.417,36.0955,20.3625,36.3384,20.1601,21.81,23.1551,33.5914,38.7497,38.4617,48.6224,22.466,21.7293,23.8803,44.042,43.8975,45.0404,22.4646,21.7142,25.2725,45.5075,43.8076,45.854,22.2315,21.6075,23.6081,36.6919,34.8548,36.4132,22.1715,22.9058,29.1225,33.1834,32.3434,37.6674,22.2733,22.2922,31.0099,34.1004,33.8217,40.7046,21.8303,20.4115,29.3685,32.6745,30.6674,37.6193,22.5488,20.7793,27.8524,34.9327,34.5968,37.7479,23.5477,20.5154,27.0838,36.0787,35.1712,37.5388,23.2362,21.0754,28.9023,35.111,36.1995,37.8644
1516696260,36.4332,21.7147,35.0658,21.4154,35.8894,20.437,36.2109,20.1382,21.7948,23.0478,33.1463,38.7706,38.3228,48.2403,22.5989,21.7405,24.0137,44.3731,43.8746,45.1317,22.4028,21.7041,25.2458,45.3802,43.8233,45.89,22.2192,21.6111,23.6477,36.6812,34.8787,36.5025,22.2001,22.9224,28.8181,33.2083,32.3744,37.5307,22.262,22.2742,30.8469,34.1118,33.8756,40.6215,21.8531,20.4307,28.9943,32.6696,30.716,37.413,22.6989,20.8141,27.0983,35.2624,34.6403,37.4088,23.2547,20.5005,26.5091,35.9807,35.1996,37.3394,23.1475,20.9358,28.7162,35.1894,35.8011,37.6695
1516696320,36.4316,21.7172,35.0616,21.4249,36.0344,20.4498,36.411,20.2767,21.8441,23.1268,33.6839,38.813,38.4494,48.7729,22.5369,21.7447,23.8426,44.1751,43.8555,45.0287,22.5843,21.671,25.8946,45.6272,43.7972,46.3672,22.2374,21.6119,23.8058,36.676,34.8304,36.5654,22.256,22.9941,29.2621,33.2575,32.3993,37.8932,22.292,22.2855,31.099,34.0884,33.8415,40.7872,21.8855,20.4684,29.5343,32.7219,30.7432,37.9116,22.8149,20.8807,27.4225,35.1216,34.8292,37.7984,23.4979,20.5928,27.0829,36.1191,35.2646,37.5737,23.2915,21.1099,28.3283,35.2722,36.2145,37.9186
1516696380,36.514,21.8176,35.1154,21.4173,36.1098,20.4611,36.4411,20.2999,21.9108,23.237,33.8839,38.9026,38.5225,48.9429,22.6101,21.8365,24.0943,44.3638,43.971,45.132,22.5558,21.7151,25.3117,45.6254,43.8315,45.896,22.24,21.6118,23.5667,36.698,34.8514,36.4074,22.19,22.8156,29.3334,33.2279,32.3006,37.9529,22.312,22.3532,31.6883,34.1392,33.8991,41.3992,21.8919,20.587,29.7867,32.7262,30.8852,38.1337,22.5999,20.9354,27.9974,35.1612,34.9571,38.0121,23.8557,20.6827,26.9459,36.2678,35.2041,37.5537,23.434,21.2529,28.5506,35.2771,36.2275,37.8887
1516696440,36.532,21.8177,35.0911,21.4222,36.0844,20.4449,36.4402,20.2659,21.9064,23.2087,33.5126,38.9088,38.5275,48.5619,22.6466,21.8449,24.1309,44.3817,43.974,45.288,22.5272,21.7472,25.4644,45.5802,43.8666,46.0837,22.2296,21.6116,23.5246,36.6806,34.855,36.3318,22.1975,22.8597,29.5179,33.2158,32.332,38.0605,22.2663,22.1128,31.3326,34.1069,33.7152,41.0672,21.9007,20.4776,28.866,32.7487,30.7223,37.464,22.58,20.8963,27.8206,34.9622,34.9187,37.8597,23.8257,20.638,27.3572,36.2642,35.382,37.7752,23.4878,21.2195,29.379,35.3258,36.4088,38.1549
1516696500,36.4505,21.8187,35.0821,21.5175,36.028,20.5432,36.5027,20.2759,21.9273,23.2685,34.017,38.9867,38.5821,48.9055,22.5904,21.8358,23.8712,44.1842,43.9411,45.0703,22.6267,21.7657,25.0298,45.6699,43.9108,45.7034,22.3273,21.7116,23.6485,36.7739,34.9484,36.4694,22.2833,22.883,29.2961,33.2779,32.3885,37.9247,22.3775,22.0648,30.9874,34.1954,33.6899,40.623,22.0112,20.5112,29.0845,32.8628,30.7723,37.4048,22.8346,20.899,27.632,35.1359,34.8554,37.6811,23.7111,20.6172,26.7112,36.2606,35.4249,37.6338,23.5417,21.1219,28.8346,35.3854,36.4418,38.1545
1516696560,36.4396,21.917,35.0186,21.522,36.1269,20.5064,36.357,20.2829,21.9928,23.2122,33.5171,38.9544,38.5195,48.5452,22.6657,21.9334,23.8857,44.3347,44.0659,45.1105,22.5367,21.8262,25.1557,45.6289,43.9278,45.7192,22.3165,21.7124,23.5121,36.7385,34.9511,36.3596,22.2613,22.9237,29.4452,33.3029,32.4148,37.9759,22.3707,22.3084,31.2536,34.212,33.8801,41.0094,21.968,20.5134,29.2489,32.7866,30.7906,37.6251,22.9282,20.8936,27.7664,35.2396,34.5312,37.7297,23.4201,20.6221,26.8738,36.1124,35.2449,37.6919,23.3891,21.2735,29.2601,35.1677,36.1222,38.0268
1516696620,36.2956,21.9181,35.0461,21.5221,36.0911,20.4951,36.3659,20.4006,22.0333,23.2143,33.69,38.9617,38.5011,48.7857,22.6613,21.9413,23.7373,44.3371,44.0501,45.0001,22.7879,21.8347,25.2754,45.8551,43.9604,45.809,22.319,21.7185,23.7742,36.7668,34.9623,36.5768,22.2651,22.79,29.4868,33.272,32.2946,38.1506,22.3424,22.2491,31.0901,34.1742,33.8385,40.7976,21.9584,20.4826,29.5601,32.7868,30.7623,37.7283,22.6463,20.8761,27.646,35.0548,34.6665,37.6822,23.8432,20.7322,26.7904,36.2808,35.3207,37.4853,23.5156,21.1236,28.1058,35.5046,36.0491,37.8261
1516696680,36.4087,21.9158,35.0265,21.5155,36.1353,20.5242,36.4569,20.3476,22.001,23.2974,33.1467,39.0234,38.5739,48.2958,22.6847,21.9354,23.5699,44.3292,44.0883,44.9596,22.7726,21.8309,24.8568,45.8178,43.941,45.4699,22.3261,21.7162,23.3226,36.7573,34.9369,36.2015,22.2792,22.9539,29.0323,33.3117,32.4437,37.6546,22.3775,22.5447,31.0194,34.2082,34.09,40.8503,21.9552,20.5458,29.4312,32.7718,30.7896,37.7051,22.7834,21.007,27.6682,35.2068,34.6382,37.7205,23.5751,20.7365,26.8015,36.2071,35.5403,37.7561,23.3927,21.3381,29.1254,35.3867,36.1109,38.0372
1516696740,36.2176,22.0117,34.9462,21.5169,36.145,20.5238,36.3281,20.3102,22.1132,23.2399,32.9701,39.0672,38.5225,48.2457,22.6988,22.032,23.4315,44.2629,44.1902,44.7937,22.7471,21.8482,24.6698,45.8504,43.9615,45.3414,22.3285,21.7179,23.49,36.7476,34.9236,36.2557,22.2504,22.8215,29.116,33.2615,32.3103,37.6793,22.3742,22.2481,31.269,34.1851,33.8196,41.113,21.9581,20.6196,29.7309,32.8076,30.8587,38.1864,22.7489,20.9999,27.8944,35.0547,34.649,37.7625,23.5984,20.6674,27.0444,36.215,35.2466,37.5822,23.4114,21.2026,28.8002,35.3993,36.0696,37.7971
1516696800,36.0297,22.1069,34.9359,21.5224,36.1563,20.5181,36.4569,20.3124,22.2052,23.282,33.4875,39.1657,38.5499,48.5067,22.7986,22.1284,23.0416,44.3831,44.226,44.6092,22.9917,21.9524,24.718,46.0383,44.0432,45.288,22.3331,21.7184,23.5359,36.7625,34.9278,36.3869,22.2503,22.6465,29.3168,33.2599,32.1775,37.8978,22.3609,22.5461,31.0643,34.184,34.0853,40.8977,21.982,20.5798,29.7333,32.7916,30.8411,38.1327,22.6595,20.9284,27.8866,35.0648,34.7497,37.8992,23.7683,20.6679,27.1171,36.3159,35.3744,37.6249,23.4278,21.2533,28.8427,35.3289,36.1369,37.823
1516696860,35.806,22.2017,34.7642,21.516,35.9974,20.5196,36.2898,20.2926,22.3178,23.31,32.7002,39.2385,38.5443,47.976,22.8048,22.212,22.8708,44.3827,44.3461,44.5297,23.1447,21.9647,23.8797,46.2354,44.0705,44.6615,22.3341,21.723,23.2727,36.767,34.9291,36.1727,22.3007,22.6972,29.2246,33.2959,32.2337,37.7834,22.3739,22.0997,31.2299,34.1723,33.7088,40.8854,21.96,20.5048,29.1192,32.8063,30.7594,37.5153,22.904,20.8729,27.348,35.1733,34.6864,37.5611,23.4174,20.5627,26.921,36.1303,35.3127,37.5968,23.2571,21.0039,28.4135,35.3558,36.1902,37.7267
1516696920,35.6465,22.2965,34.7288,21.5094,36.2098,20.5525,36.2874,20.3483,22.3739,23.3047,32.8135,39.278,38.5342,47.9246,22.7779,22.3167,22.8073,44.3663,44.4166,44.5337,23.395,22.0001,23.3361,46.3234,44.1354,44.1913,22.3472,21.7283,22.9983,36.7895,34.9143,35.9,22.2524,22.7635,28.9264,33.2862,32.2798,37.5283,22.4263,22.6564,31.2013,34.267,34.1923,40.9783,21.9863,20.6424,29.1701,32.8431,30.8683,37.7646,22.9455,21.0168,28.2393,35.2442,34.853,38.0777,23.3405,20.7085,26.7688,36.2409,35.3514,37.6787,23.236,21.3613,28.1179,35.5263,36.069,37.787
1516696980,35.2061,22.4354,34.702,21.4129,36.179,20.5329,36.2794,20.3082,22.5039,23.3196,32.8182,39.4268,38.447,47.8914,22.8864,22.4731,22.7529,44.373,44.4923,44.577,23.6334,22.1211,23.0006,46.4456,44.2419,44.0276,22.3129,21.6302,23.1961,36.7607,34.834,36.0423,22.1996,22.5257,29.062,33.2247,32.0554,37.6696,22.4365,22.3434,31.1341,34.2475,33.914,40.937,22.0153,20.5663,29.5767,32.8922,30.822,38.0678,23.3376,20.9043,27.8461,35.4097,35.1003,37.9081,22.9954,20.5944,27.5237,36.1508,35.2894,37.7381,23.211,21.2301,28.8926,35.7326,36.13,37.6816
1516697040,34.6313,22.6227,34.5819,21.4549,36.2443,20.4147,36.2035,20.2964,22.6636,23.3775,32.4695,39.5628,38.5068,47.4433,22.9878,22.6524,22.736,44.3752,44.7961,44.6007,23.5484,22.2994,22.7317,46.2918,44.4387,43.8633,22.4358,21.6818,23.0881,36.8927,34.9045,35.9588,22.2312,22.4287,28.851,33.2603,32.0072,37.4841,22.2871,22.2276,31.4185,34.0993,33.7922,41.1301,21.8963,20.4686,29.8313,32.7475,30.7051,38.137,22.8642,20.8537,27.4251,35.1613,34.7887,37.5628,23.2589,20.5818,27.2515,36.2325,35.4762,37.7253,23.307,21.2438,29.0596,35.4095,36.188,37.7405
1516697100,34.0043,22.8107,34.3887,21.3112,36.1628,20.3549,36.1859,20.1989,22.8411,23.4789,32.3962,39.7786,38.5438,47.1552,23.142,22.8634,22.8223,44.5811,44.878,44.8051,23.4545,22.384,22.8391,46.1854,44.5032,44.002,22.4856,21.5535,23.2626,36.9966,34.751,36.1012,22.1607,22.4848,29.063,33.1665,32.0169,37.5973,22.2613,22.361,30.9649,34.0904,33.9187,40.7248,21.8824,20.5329,29.6668,32.7393,30.8028,38.235,22.538,20.7714,27.611,34.9829,34.8837,37.936,23.7226,20.5825,27.3322,36.3906,35.4627,37.7809,23.3728,21.1374,29.0781,35.6762,36.3789,37.7577
1516697160,32.7981,23.043,34.1744,21.2949,36.0342,20.3588,36.1884,20.1313,23.0313,23.5346,31.9259,39.976,38.6412,46.4325,23.2563,23.0922,22.9934,44.6504,45.1194,45.0187,23.4917,22.5384,22.6966,46.0525,44.7183,44.0077,22.7971,21.5443,22.642,37.3887,34.7617,35.5905,22.1325,22.2788,28.9979,33.2036,31.857,37.4747,22.2168,21.9223,30.8328,34.0317,33.5401,40.3927,21.8391,20.287,28.2622,32.7124,30.5527,36.8542,22.9739,20.7673,27.611,35.1208,34.5684,37.8401,23.3181,20.485,27.2064,36.2327,35.4747,37.7431,23.181,21.1955,28.4682,35.4323,36.2625,37.7187
1516697220,31.8943,23.326,34.1568,21.2777,36.1212,20.3548,36.0927,20.0939,23.2497,23.6276,32.0431,40.129,38.7901,46.3519,23.4718,23.3617,23.2259,44.915,45.3899,45.2755,23.6215,22.805,22.8229,46.1808,44.9739,44.1653,23.4599,21.5466,22.4577,37.9237,34.7808,35.3712,22.153,22.218,28.7213,33.2381,31.8015,37.1672,22.2711,21.8642,31.0421,34.1173,33.5273,40.7611,21.8752,20.3074,28.6625,32.819,30.5833,37.1491,23.1509,20.6357,27.1293,35.3426,34.895,37.675,22.7415,20.374,26.5725,36.1019,35.4934,37.7686,22.9715,20.9506,28.5973,35.7063,36.405,37.6089
1516697280,31.7007,23.525,34.2409,21.1889,36.1605,20.252,36.1617,20.0742,23.4062,23.7375,31.2222,40.2371,38.9286,45.6493,23.6592,23.5735,23.4253,45.0042,45.6651,45.5316,23.7394,22.9726,22.9442,46.2596,45.1663,44.3001,23.5833,21.4807,22.4354,38.0247,34.7942,35.4162,22.143,22.1449,29.009,33.2533,31.7194,37.4307,22.2213,22.0152,30.6269,34.0427,33.618,40.2636,21.828,20.2513,28.9899,32.7445,30.5375,37.3553,23.3858,20.5669,27.6932,35.3981,34.6808,37.7328,22.7174,20.2865,26.9012,36.2143,35.5024,37.8267,22.9469,20.8525,28.5201,35.6106,36.631,37.7156
1516697340,31.8964,23.6328,34.3511,21.2804,36.3891,20.3617,36.2832,20.1122,23.5172,23.8118,31.2849,40.3836,39.0259,45.7225,23.7846,23.6779,23.5377,45.1398,45.7512,45.6299,23.842,23.0278,23.0401,46.4169,45.243,44.4125,23.5109,21.557,22.4629,38.0334,34.8178,35.3894,22.1714,22.36,28.5036,33.2535,31.8633,37.1019,22.2815,22.3926,31.4093,34.1033,33.9327,41.1673,21.8814,20.4236,29.6593,32.7763,30.713,37.8646,23.3041,20.7775,27.8294,35.4059,34.7661,37.9126,22.6324,20.4587,27.6571,36.2378,35.731,38.1848,22.9677,21.1432,28.9978,35.6093,36.732,37.9342
1516697400,31.953,23.6345,34.2987,21.2833,36.4937,20.3805,36.452,20.1159,23.5306,23.8418,31.5402,40.3829,39.024,45.9859,23.7836,23.6764,23.5413,44.9282,45.7727,45.6419,23.87,23.018,23.0364,46.4623,45.1982,44.399,23.5412,21.5628,22.4331,38.1012,34.8376,35.4468,22.2242,22.2729,28.7385,33.305,31.81,37.1725,22.3298,22.4203,31.0924,34.1515,33.9797,40.8571,21.9039,20.483,29.6334,32.847,30.7814,38.092,23.8547,20.8222,27.7163,35.7671,34.9654,38.1648,22.425,20.4452,27.3577,36.1433,35.6011,38.1245,22.9238,21.1954,29.0842,35.7287,36.5701,37.8981
1516697460,32.0251,23.6371,34.2797,21.2834,36.4563,20.3663,36.402,20.1021,23.5515,23.8365,31.7568,40.3763,39.0341,46.0931,23.7767,23.6889,23.5415,45.006,45.7158,45.6518,23.9159,23.0545,23.0142,46.4035,45.1977,44.4088,23.3486,21.5656,22.6255,37.9484,34.8562,35.5476,22.1701,22.2958,28.7652,33.251,31.8316,37.2483,22.3688,22.3259,31.2589,34.2005,33.9098,40.9373,21.9204,20.3924,29.3854,32.8484,30.7066,37.6864,23.7103,20.7474,27.6941,35.7159,34.9474,37.8949,22.6933,20.3873,27.5128,36.1952,35.6354,38.1461,22.9553,21.1033,29.0236,35.9648,36.7443,37.9797
1516697520,32.0295,23.636,34.3096,21.2817,36.2723,20.2418,36.2579,20.1876,23.5557,23.8614,31.6919,40.4375,39.0529,46.1063,23.7704,23.6823,23.5419,45.2622,45.6995,45.7176,23.8561,23.066,23.0225,46.3814,45.2592,44.3703,23.2445,21.5772,22.4232,37.776,34.8409,35.3698,22.1905,22.348,28.8578,33.2868,31.8892,37.3563,22.1965,22.1273,31.1936,34.0427,33.706,40.8436,21.7709,20.2606,29.1342,32.7132,30.566,37.45,23.3726,20.6032,27.1501,35.3741,34.821,37.533,22.8935,20.3831,26.7887,36.3663,35.8791,38.0373,22.977,20.9486,28.1528,35.5993,36.7537,37.8455
1516697580,31.893,23.7337,34.2422,21.3795,36.3242,20.2401,36.2242,20.2046,23.6377,23.8907,31.6955,40.4753,39.12,46.0873,23.8795,23.7796,23.6305,45.1358,45.7833,45.7114,23.907,23.1758,23.1127,46.4594,45.3593,44.4585,23.6591,21.6578,22.6613,38.2544,34.9369,35.5734,22.2115,22.338,28.5621,33.2812,31.8867,37.0666,22.2084,21.9871,31.3864,34.0585,33.6043,41.0205,21.7724,20.24,29.164,32.7408,30.5426,37.5949,23.3962,20.6526,27.3128,35.4207,34.8962,37.6678,22.7982,20.4453,26.8502,36.3529,35.66,37.9674,23.0819,20.9505,28.1427,35.8502,36.496,37.8457
