"Time";"Room setpoint";"Room Temp";"return";"return";"discharge"
"2019-10-02T09:00:17+02:00";23;null;null;null;null
"2019-10-02T09:00:18+02:00";null;23;24.1;24.4;16.8
"2019-10-02T09:00:47+02:00";23;null;null;null;null
"2019-10-02T09:00:48+02:00";null;23;24.1;24.4;16.8
"2019-10-02T09:01:17+02:00";23;null;null;null;null
"2019-10-02T09:01:18+02:00";null;23;24.1;24.4;16.8
"2019-10-02T09:01:47+02:00";23;null;null;null;null
"2019-10-02T09:01:48+02:00";null;23;24.1;24.4;16.8
"2019-10-02T09:02:17+02:00";23;null;null;null;null
"2019-10-02T09:02:18+02:00";null;22.9;24.1;24.4;16.8
"2019-10-02T09:02:47+02:00";23;null;null;null;null
"2019-10-02T09:02:48+02:00";null;22.9;24.1;24.4;16.8
"2019-10-02T09:03:17+02:00";23;null;null;null;null
"2019-10-02T09:03:18+02:00";null;23;24.1;24.4;16.8
"2019-10-02T09:03:47+02:00";23;null;null;null;null
"2019-10-02T09:03:48+02:00";null;22.9;24.2;24.5;16.8
"2019-10-02T09:04:17+02:00";23;null;null;null;null
"2019-10-02T09:04:18+02:00";null;23;24.2;24.4;16.8
"2019-10-02T09:04:47+02:00";23;null;null;null;null
"2019-10-02T09:04:48+02:00";null;23;24.1;24.4;16.8
"2019-10-02T09:05:17+02:00";23;null;null;null;null
"2019-10-02T09:05:18+02:00";null;23;24.1;24.4;16.8
"2019-10-02T09:05:47+02:00";23;null;null;null;null
"2019-10-02T09:05:48+02:00";null;23;24.2;24.5;16.8
"2019-10-02T09:06:17+02:00";23;null;null;null;null
"2019-10-02T09:06:18+02:00";null;23;24.1;24.4;16.8
"2019-10-02T09:06:47+02:00";23;null;null;null;null
"2019-10-02T09:06:48+02:00";null;22.9;24.2;24.4;16.8
"2019-10-02T09:07:17+02:00";23;null;null;null;null
"2019-10-02T09:07:18+02:00";null;23;24.1;24.4;16.8
"2019-10-02T09:07:47+02:00";23;null;null;null;null
"2019-10-02T09:07:48+02:00";null;23;24.1;24.4;16.8
"2019-10-02T09:08:17+02:00";23;null;null;null;null
"2019-10-02T09:08:18+02:00";null;22.9;24.2;24.5;16.7
"2019-10-02T09:08:47+02:00";23;null;null;null;null
"2019-10-02T09:08:48+02:00";null;22.9;24.2;24.5;16.8
"2019-10-02T09:09:17+02:00";23;null;null;null;null
"2019-10-02T09:09:18+02:00";null;22.9;24.2;24.5;16.7
"2019-10-02T09:09:47+02:00";23;null;null;null;null
"2019-10-02T09:09:48+02:00";null;23;24.2;24.5;16.7
"2019-10-02T09:10:17+02:00";23;null;null;null;null
"2019-10-02T09:10:18+02:00";null;23;24.2;24.5;16.7
"2019-10-02T09:10:47+02:00";23;null;null;null;null
"2019-10-02T09:10:48+02:00";null;23;24.1;24.4;16.7
"2019-10-02T09:11:17+02:00";23;null;null;null;null
"2019-10-02T09:11:18+02:00";null;23;24.2;24.4;16.8
"2019-10-02T09:11:47+02:00";23;null;null;null;null
"2019-10-02T09:11:48+02:00";null;23;24.2;24.5;16.7
"2019-10-02T09:12:17+02:00";23;null;null;null;null
"2019-10-02T09:12:18+02:00";null;23;24.2;24.5;16.7
"2019-10-02T09:12:47+02:00";23;null;null;null;null
"2019-10-02T09:12:48+02:00";null;23;24.2;24.5;16.8
"2019-10-02T09:13:17+02:00";23;null;null;null;null
"2019-10-02T09:13:18+02:00";null;23;24.2;24.5;16.8
"2019-10-02T09:13:47+02:00";23;null;null;null;null
"2019-10-02T09:13:48+02:00";null;23;24.2;24.5;16.8
"2019-10-02T09:14:17+02:00";23;null;null;null;null
"2019-10-02T09:14:18+02:00";null;23;24.2;24.5;16.8
"2019-10-02T09:14:47+02:00";23;null;null;null;null
"2019-10-02T09:14:48+02:00";null;23;24.2;24.5;16.8
"2019-10-02T09:15:17+02:00";23;null;null;null;null
"2019-10-02T09:15:18+02:00";null;23;24.2;24.5;16.8
"2019-10-02T09:15:47+02:00";23;null;null;null;null
"2019-10-02T09:15:48+02:00";null;23;24.2;24.5;16.8
"2019-10-02T09:16:17+02:00";23;null;null;null;null
"2019-10-02T09:16:18+02:00";null;23;24.2;24.5;16.8
"2019-10-02T09:16:47+02:00";23;null;null;null;null
"2019-10-02T09:16:48+02:00";null;23;24.2;24.5;16.8
"2019-10-02T09:17:17+02:00";23;null;null;null;null
"2019-10-02T09:17:18+02:00";null;23;24.2;24.5;16.8
"2019-10-02T09:17:47+02:00";23;null;null;null;null
"2019-10-02T09:17:48+02:00";null;23;24.2;24.4;16.8
"2019-10-02T09:18:17+02:00";23;null;null;null;null
"2019-10-02T09:18:18+02:00";null;23;24.2;24.4;16.8
"2019-10-02T09:18:47+02:00";23;null;null;null;null
"2019-10-02T09:18:48+02:00";null;23;24.2;24.4;16.8
"2019-10-02T09:19:17+02:00";23;null;null;null;null
"2019-10-02T09:19:18+02:00";null;23;24.2;24.5;16.8
"2019-10-02T09:19:47+02:00";23;null;null;null;null
"2019-10-02T09:19:48+02:00";null;23;24.2;24.4;16.8
"2019-10-02T09:20:17+02:00";23;null;null;null;null
"2019-10-02T09:20:18+02:00";null;22.9;24.2;24.4;16.7
"2019-10-02T09:20:47+02:00";23;null;null;null;null
"2019-10-02T09:20:48+02:00";null;22.9;24.2;24.4;16.8
"2019-10-02T09:21:17+02:00";23;null;null;null;null
"2019-10-02T09:21:18+02:00";null;23;24.1;24.4;16.8
"2019-10-02T09:21:47+02:00";23;null;null;null;null
"2019-10-02T09:21:48+02:00";null;22.9;24.2;24.4;16.8
"2019-10-02T09:22:17+02:00";23;null;null;null;null
"2019-10-02T09:22:18+02:00";null;23;24.2;24.4;16.8
"2019-10-02T09:22:47+02:00";23;null;null;null;null
"2019-10-02T09:22:48+02:00";null;23;24.1;24.4;16.7
"2019-10-02T09:23:17+02:00";23;null;null;null;null
"2019-10-02T09:23:18+02:00";null;22.9;24.2;24.4;16.7
"2019-10-02T09:23:47+02:00";23;null;null;null;null
"2019-10-02T09:23:48+02:00";null;23;24.2;24.4;16.8
"2019-10-02T09:24:17+02:00";23;null;null;null;null
"2019-10-02T09:24:18+02:00";null;23;24.3;24.5;16.7
"2019-10-02T09:24:47+02:00";23;null;null;null;null
"2019-10-02T09:24:48+02:00";null;23;24.2;24.5;16.7
"2019-10-02T09:25:17+02:00";23;null;null;null;null
"2019-10-02T09:25:18+02:00";null;23;24.3;24.5;16.7
"2019-10-02T09:25:47+02:00";23;null;null;null;null
"2019-10-02T09:25:48+02:00";null;23;24.3;24.5;16.7
"2019-10-02T09:26:17+02:00";23;null;null;null;null
"2019-10-02T09:26:18+02:00";null;23;24.3;24.5;16.7
"2019-10-02T09:26:47+02:00";23;null;null;null;null
"2019-10-02T09:26:48+02:00";null;23;24.2;24.5;16.7
"2019-10-02T09:27:17+02:00";23;null;null;null;null
"2019-10-02T09:27:18+02:00";null;23;24.2;24.5;16.7
"2019-10-02T09:27:47+02:00";23;null;null;null;null
"2019-10-02T09:27:48+02:00";null;23;24.2;24.5;16.7
"2019-10-02T09:28:17+02:00";23;null;null;null;null
"2019-10-02T09:28:18+02:00";null;23;24.2;24.5;16.7
"2019-10-02T09:28:47+02:00";23;null;null;null;null
"2019-10-02T09:28:48+02:00";null;23;24.2;24.5;16.7
"2019-10-02T09:29:17+02:00";23;null;null;null;null
"2019-10-02T09:29:18+02:00";null;23;24.2;24.5;16.7
"2019-10-02T09:29:47+02:00";23;null;null;null;null
"2019-10-02T09:29:48+02:00";null;23;24.2;24.4;16.7
"2019-10-02T09:30:17+02:00";23;null;null;null;null
"2019-10-02T09:30:18+02:00";null;23;24.2;24.4;16.7
"2019-10-02T09:30:47+02:00";23;null;null;null;null
"2019-10-02T09:30:48+02:00";null;23;24.2;24.5;16.8
"2019-10-02T09:31:17+02:00";23;null;null;null;null
"2019-10-02T09:31:18+02:00";null;23;24.2;24.5;16.7
"2019-10-02T09:31:47+02:00";23;null;null;null;null
"2019-10-02T09:31:48+02:00";null;23;24.3;24.5;16.7
"2019-10-02T09:32:17+02:00";23;null;null;null;null
"2019-10-02T09:32:18+02:00";null;23;24.3;24.5;16.7
"2019-10-02T09:32:47+02:00";23;null;null;null;null
"2019-10-02T09:32:48+02:00";null;23;24.3;24.5;16.7
"2019-10-02T09:33:17+02:00";23;null;null;null;null
"2019-10-02T09:33:18+02:00";null;23;24.2;24.5;16.7
"2019-10-02T09:33:47+02:00";23;null;null;null;null
"2019-10-02T09:33:48+02:00";null;23;24.3;24.5;16.7
"2019-10-02T09:34:17+02:00";23;null;null;null;null
"2019-10-02T09:34:18+02:00";null;23;24.3;24.5;16.8
"2019-10-02T09:34:47+02:00";23;null;null;null;null
"2019-10-02T09:34:48+02:00";null;23;24.3;24.5;16.8
"2019-10-02T09:35:17+02:00";23;null;null;null;null
"2019-10-02T09:35:18+02:00";null;23;24.3;24.5;16.8
"2019-10-02T09:35:47+02:00";23;null;null;null;null
"2019-10-02T09:35:48+02:00";null;23;24.2;24.5;16.8
"2019-10-02T09:36:17+02:00";23;null;null;null;null
"2019-10-02T09:36:18+02:00";null;23;24.2;24.5;17
"2019-10-02T09:36:47+02:00";23;null;null;null;null
"2019-10-02T09:36:48+02:00";null;23;24.2;24.5;17
"2019-10-02T09:37:17+02:00";23;null;null;null;null
"2019-10-02T09:37:18+02:00";null;23;24.2;24.5;16.8
"2019-10-02T09:37:47+02:00";23;null;null;null;null
"2019-10-02T09:37:48+02:00";null;23;24.2;24.4;16.7
"2019-10-02T09:38:17+02:00";23;null;null;null;null
"2019-10-02T09:38:18+02:00";null;23;24.1;24.4;16.7
"2019-10-02T09:38:47+02:00";23;null;null;null;null
"2019-10-02T09:38:49+02:00";null;23;24.1;24.4;16.5
"2019-10-02T09:39:17+02:00";23;null;null;null;null
"2019-10-02T09:39:18+02:00";null;23;24.1;24.4;16.3
"2019-10-02T09:39:47+02:00";23;null;null;null;null
"2019-10-02T09:39:48+02:00";null;22.9;24;24.3;16.1
"2019-10-02T09:40:17+02:00";23;null;null;null;null
"2019-10-02T09:40:18+02:00";null;22.9;24;24.3;16
"2019-10-02T09:40:47+02:00";23;null;null;null;null
"2019-10-02T09:40:48+02:00";null;22.9;24.1;24.3;15.9
"2019-10-02T09:41:17+02:00";23;null;null;null;null
"2019-10-02T09:41:18+02:00";null;22.9;24.5;24.7;15.8
"2019-10-02T09:41:47+02:00";23;null;null;null;null
"2019-10-02T09:41:48+02:00";null;23;24.9;25.1;15.7
"2019-10-02T09:42:17+02:00";23;null;null;null;null
"2019-10-02T09:42:18+02:00";null;23;25.3;25.5;15.7
"2019-10-02T09:42:47+02:00";23;null;null;null;null
"2019-10-02T09:42:48+02:00";null;23;25.7;25.9;15.6
"2019-10-02T09:43:17+02:00";23;null;null;null;null
"2019-10-02T09:43:18+02:00";null;23;26.1;26.2;15.7
"2019-10-02T09:43:47+02:00";23;null;null;null;null
"2019-10-02T09:43:48+02:00";null;23;26.4;26.6;15.7
"2019-10-02T09:44:17+02:00";23;null;null;null;null
"2019-10-02T09:44:18+02:00";null;23;26.6;26.9;15.7
"2019-10-02T09:44:47+02:00";23;null;null;null;null
"2019-10-02T09:44:48+02:00";null;23;26.9;27.1;15.8
"2019-10-02T09:45:17+02:00";23;null;null;null;null
"2019-10-02T09:45:18+02:00";null;23;27.2;27.3;15.9
"2019-10-02T09:45:47+02:00";23;null;null;null;null
"2019-10-02T09:45:48+02:00";null;23;27.4;27.5;16
"2019-10-02T09:46:17+02:00";23;null;null;null;null
"2019-10-02T09:46:18+02:00";null;23;27.5;27.6;16.1
"2019-10-02T09:46:47+02:00";23;null;null;null;null
"2019-10-02T09:46:48+02:00";null;23;27.7;27.8;16.2
"2019-10-02T09:47:17+02:00";23;null;null;null;null
"2019-10-02T09:47:18+02:00";null;23;27.8;27.9;16.2
"2019-10-02T09:47:47+02:00";23;null;null;null;null
"2019-10-02T09:47:48+02:00";null;23;28;28;16.3
"2019-10-02T09:48:17+02:00";23;null;null;null;null
"2019-10-02T09:48:18+02:00";null;23;28.1;28;16.4
"2019-10-02T09:48:47+02:00";23;null;null;null;null
"2019-10-02T09:48:48+02:00";null;23;28.1;28.1;16.5
"2019-10-02T09:49:17+02:00";23;null;null;null;null
"2019-10-02T09:49:18+02:00";null;23;28.2;28.2;16.5
"2019-10-02T09:49:47+02:00";23;null;null;null;null
"2019-10-02T09:49:48+02:00";null;23;28.3;28.3;16.6
"2019-10-02T09:50:17+02:00";23;null;null;null;null
"2019-10-02T09:50:18+02:00";null;23;28.4;28.3;16.6
"2019-10-02T09:50:47+02:00";23;null;null;null;null
"2019-10-02T09:50:48+02:00";null;23;28.5;28.4;16.6
"2019-10-02T09:51:17+02:00";23;null;null;null;null
"2019-10-02T09:51:18+02:00";null;23;28.5;28.5;16.7
"2019-10-02T09:51:47+02:00";23;null;null;null;null
"2019-10-02T09:51:48+02:00";null;23;28.6;28.5;16.7
"2019-10-02T09:52:17+02:00";23;null;null;null;null
"2019-10-02T09:52:18+02:00";null;23;28.7;28.6;16.7
"2019-10-02T09:52:47+02:00";23;null;null;null;null
"2019-10-02T09:52:48+02:00";null;23;28.7;28.7;16.7
"2019-10-02T09:53:17+02:00";23;null;null;null;null
"2019-10-02T09:53:18+02:00";null;23;28.7;28.7;16.7
"2019-10-02T09:53:47+02:00";23;null;null;null;null
"2019-10-02T09:53:48+02:00";null;23;28.8;28.7;16.7
"2019-10-02T09:54:17+02:00";23;null;null;null;null
"2019-10-02T09:54:18+02:00";null;23;28.8;28.8;16.7
"2019-10-02T09:54:47+02:00";23;null;null;null;null
"2019-10-02T09:54:48+02:00";null;23;28.9;28.9;16.6
"2019-10-02T09:55:17+02:00";23;null;null;null;null
"2019-10-02T09:55:18+02:00";null;23;28.9;28.9;16.6
"2019-10-02T09:55:47+02:00";23;null;null;null;null
"2019-10-02T09:55:48+02:00";null;23;28.9;28.9;16.6
"2019-10-02T09:56:17+02:00";23;null;null;null;null
"2019-10-02T09:56:18+02:00";null;23;28.9;28.9;16.6
"2019-10-02T09:56:47+02:00";23;null;null;null;null
"2019-10-02T09:56:48+02:00";null;23;28.9;29;16.6
"2019-10-02T09:57:17+02:00";23;null;null;null;null
"2019-10-02T09:57:18+02:00";null;23;28.9;29;16.6
"2019-10-02T09:57:47+02:00";23;null;null;null;null
"2019-10-02T09:57:48+02:00";null;23;28.9;29;16.5
"2019-10-02T09:58:17+02:00";23;null;null;null;null
"2019-10-02T09:58:18+02:00";null;23;28.9;29;16.6
"2019-10-02T09:58:47+02:00";23;null;null;null;null
"2019-10-02T09:58:48+02:00";null;23;29;29.1;16.5
"2019-10-02T09:59:17+02:00";23;null;null;null;null
"2019-10-02T09:59:18+02:00";null;23.1;28.9;29.1;16.5
"2019-10-02T09:59:47+02:00";23;null;null;null;null
"2019-10-02T09:59:48+02:00";null;23.1;28.9;29.1;16.6
"2019-10-02T10:00:17+02:00";23;null;null;null;null
"2019-10-02T10:00:18+02:00";null;23.1;28.9;29.1;16.6
"2019-10-02T10:00:47+02:00";23;null;null;null;null
"2019-10-02T10:00:48+02:00";null;23.1;28.9;29.1;16.6
"2019-10-02T10:01:17+02:00";23;null;null;null;null
"2019-10-02T10:01:18+02:00";null;23;28.9;29.2;16.6
"2019-10-02T10:01:47+02:00";23;null;null;null;null
"2019-10-02T10:01:48+02:00";null;23;28.8;29.1;16.6
"2019-10-02T10:02:17+02:00";23;null;null;null;null
"2019-10-02T10:02:18+02:00";null;23;28.9;29.2;16.6
"2019-10-02T10:02:47+02:00";23;null;null;null;null
"2019-10-02T10:02:48+02:00";null;23;28.8;29.2;16.6
"2019-10-02T10:03:17+02:00";23;null;null;null;null
"2019-10-02T10:03:18+02:00";null;23;28.8;29.2;16.6
"2019-10-02T10:03:47+02:00";23;null;null;null;null
"2019-10-02T10:03:48+02:00";null;23;28.8;29.2;16.6
"2019-10-02T10:04:17+02:00";23;null;null;null;null
"2019-10-02T10:04:18+02:00";null;23;28.8;29.2;16.6
"2019-10-02T10:04:47+02:00";23;null;null;null;null
"2019-10-02T10:04:48+02:00";null;23;28.8;29.2;16.6
"2019-10-02T10:05:17+02:00";23;null;null;null;null
"2019-10-02T10:05:18+02:00";null;23;28.8;29.2;16.6
"2019-10-02T10:05:47+02:00";23;null;null;null;null
"2019-10-02T10:05:48+02:00";null;23;28.8;29.2;16.6
"2019-10-02T10:06:17+02:00";23;null;null;null;null
"2019-10-02T10:06:18+02:00";null;22.9;28.8;29.2;16.6
"2019-10-02T10:06:47+02:00";23;null;null;null;null
"2019-10-02T10:06:48+02:00";null;22.9;28.8;29.2;16.6
"2019-10-02T10:07:17+02:00";23;null;null;null;null
"2019-10-02T10:07:18+02:00";null;22.9;28.8;29.2;16.6
"2019-10-02T10:07:47+02:00";23;null;null;null;null
"2019-10-02T10:07:48+02:00";null;22.9;28.8;29.2;16.6
"2019-10-02T10:08:17+02:00";23;null;null;null;null
"2019-10-02T10:08:18+02:00";null;23;28.9;29.2;16.6
"2019-10-02T10:08:47+02:00";23;null;null;null;null
"2019-10-02T10:08:48+02:00";null;22.9;28.9;29.2;16.6
"2019-10-02T10:09:17+02:00";23;null;null;null;null
"2019-10-02T10:09:18+02:00";null;23;28.9;29.2;16.6
"2019-10-02T10:09:47+02:00";23;null;null;null;null
"2019-10-02T10:09:48+02:00";null;23;28.9;29.3;16.6
"2019-10-02T10:10:17+02:00";23;null;null;null;null
"2019-10-02T10:10:18+02:00";null;23;28.9;29.3;16.6
"2019-10-02T10:10:47+02:00";23;null;null;null;null
"2019-10-02T10:10:48+02:00";null;23;28.9;29.3;16.6
"2019-10-02T10:11:17+02:00";23;null;null;null;null
"2019-10-02T10:11:18+02:00";null;23;28.9;29.3;16.6
"2019-10-02T10:11:47+02:00";23;null;null;null;null
"2019-10-02T10:11:48+02:00";null;22.9;28.8;29.2;16.6
"2019-10-02T10:12:17+02:00";23;null;null;null;null
"2019-10-02T10:12:18+02:00";null;22.9;28.8;29.3;16.6
"2019-10-02T10:12:47+02:00";23;null;null;null;null
"2019-10-02T10:12:48+02:00";null;22.9;28.8;29.2;16.6
"2019-10-02T10:13:17+02:00";23;null;null;null;null
"2019-10-02T10:13:18+02:00";null;22.9;28.8;29.2;16.6
"2019-10-02T10:13:47+02:00";23;null;null;null;null
"2019-10-02T10:13:48+02:00";null;22.9;28.8;29.2;16.6
"2019-10-02T10:14:17+02:00";23;null;null;null;null
"2019-10-02T10:14:18+02:00";null;22.9;28.9;29.2;16.6
"2019-10-02T10:14:47+02:00";23;null;null;null;null
"2019-10-02T10:14:48+02:00";null;22.9;28.8;29.2;16.5
"2019-10-02T10:15:17+02:00";23;null;null;null;null
"2019-10-02T10:15:18+02:00";null;22.9;28.9;29.2;16.5
"2019-10-02T10:15:47+02:00";23;null;null;null;null
"2019-10-02T10:15:48+02:00";null;22.9;28.9;29.3;16.5
"2019-10-02T10:16:17+02:00";23;null;null;null;null
"2019-10-02T10:16:18+02:00";null;22.9;28.9;29.3;16.5
"2019-10-02T10:16:47+02:00";23;null;null;null;null
"2019-10-02T10:16:48+02:00";null;22.9;28.9;29.2;16.5
"2019-10-02T10:17:17+02:00";23;null;null;null;null
"2019-10-02T10:17:18+02:00";null;22.9;28.9;29.2;16.5
"2019-10-02T10:17:47+02:00";23;null;null;null;null
"2019-10-02T10:17:48+02:00";null;22.9;28.9;29.3;16.5
"2019-10-02T10:18:17+02:00";23;null;null;null;null
"2019-10-02T10:18:18+02:00";null;22.9;29;29.3;16.5
"2019-10-02T10:18:47+02:00";23;null;null;null;null
"2019-10-02T10:18:48+02:00";null;22.9;29;29.3;16.5
"2019-10-02T10:19:17+02:00";23;null;null;null;null
"2019-10-02T10:19:18+02:00";null;22.9;29.1;29.3;16.5
"2019-10-02T10:19:47+02:00";23;null;null;null;null
"2019-10-02T10:19:48+02:00";null;22.9;29;29.3;16.5
"2019-10-02T10:20:17+02:00";23;null;null;null;null
"2019-10-02T10:20:18+02:00";null;22.9;29.1;29.4;16.4
"2019-10-02T10:20:47+02:00";23;null;null;null;null
"2019-10-02T10:20:48+02:00";null;22.9;29.1;29.4;16.4
"2019-10-02T10:21:17+02:00";23;null;null;null;null
"2019-10-02T10:21:18+02:00";null;22.9;29.1;29.4;16.4
"2019-10-02T10:21:47+02:00";23;null;null;null;null
"2019-10-02T10:21:48+02:00";null;22.9;29.1;29.4;16.4
"2019-10-02T10:22:17+02:00";23;null;null;null;null
"2019-10-02T10:22:18+02:00";null;22.9;29.2;29.4;16.4
"2019-10-02T10:22:47+02:00";23;null;null;null;null
"2019-10-02T10:22:48+02:00";null;22.9;29.2;29.4;16.4
"2019-10-02T10:23:17+02:00";23;null;null;null;null
"2019-10-02T10:23:18+02:00";null;22.9;29.2;29.4;16.4
"2019-10-02T10:23:47+02:00";23;null;null;null;null
"2019-10-02T10:23:48+02:00";null;22.9;29.2;29.4;16.4
"2019-10-02T10:24:17+02:00";23;null;null;null;null
"2019-10-02T10:24:18+02:00";null;22.8;29.2;29.4;16.4
"2019-10-02T10:24:47+02:00";23;null;null;null;null
"2019-10-02T10:24:48+02:00";null;22.8;29.3;29.4;16.4
"2019-10-02T10:25:17+02:00";23;null;null;null;null
"2019-10-02T10:25:18+02:00";null;22.9;29.3;29.5;16.4
"2019-10-02T10:25:47+02:00";23;null;null;null;null
"2019-10-02T10:25:48+02:00";null;22.8;29.4;29.5;16.3
"2019-10-02T10:26:17+02:00";23;null;null;null;null
"2019-10-02T10:26:18+02:00";null;22.9;29.4;29.5;16.3
"2019-10-02T10:26:47+02:00";23;null;null;null;null
"2019-10-02T10:26:48+02:00";null;22.9;29.4;29.5;16.3
"2019-10-02T10:27:17+02:00";23;null;null;null;null
"2019-10-02T10:27:18+02:00";null;23;29.5;29.5;16.3
"2019-10-02T10:27:47+02:00";23;null;null;null;null
"2019-10-02T10:27:48+02:00";null;23;29.5;29.6;16.4
"2019-10-02T10:28:17+02:00";23;null;null;null;null
"2019-10-02T10:28:18+02:00";null;23;29.5;29.6;16.4
"2019-10-02T10:28:47+02:00";23;null;null;null;null
"2019-10-02T10:28:48+02:00";null;23;29.5;29.6;16.4
"2019-10-02T10:29:17+02:00";23;null;null;null;null
"2019-10-02T10:29:18+02:00";null;23;29.5;29.6;16.4
"2019-10-02T10:29:47+02:00";23;null;null;null;null
"2019-10-02T10:29:48+02:00";null;23;29.5;29.6;16.4
"2019-10-02T10:30:17+02:00";23;null;null;null;null
"2019-10-02T10:30:18+02:00";null;23;29.5;29.6;16.4
"2019-10-02T10:30:47+02:00";23;null;null;null;null
"2019-10-02T10:30:48+02:00";null;23;29.5;29.6;16.4
"2019-10-02T10:31:17+02:00";23;null;null;null;null
"2019-10-02T10:31:18+02:00";null;23;29.5;29.6;16.4
"2019-10-02T10:31:47+02:00";23;null;null;null;null
"2019-10-02T10:31:48+02:00";null;23;29.4;29.6;16.5
"2019-10-02T10:32:17+02:00";23;null;null;null;null
"2019-10-02T10:32:18+02:00";null;23;29.5;29.6;16.4
"2019-10-02T10:32:47+02:00";23;null;null;null;null
"2019-10-02T10:32:48+02:00";null;23;29.5;29.6;16.5
"2019-10-02T10:33:17+02:00";23;null;null;null;null
"2019-10-02T10:33:18+02:00";null;23;29.5;29.6;16.5
"2019-10-02T10:33:47+02:00";23;null;null;null;null
"2019-10-02T10:33:48+02:00";null;23;29.5;29.6;16.5
"2019-10-02T10:34:17+02:00";23;null;null;null;null
"2019-10-02T10:34:18+02:00";null;23;29.5;29.6;16.5
"2019-10-02T10:34:47+02:00";23;null;null;null;null
"2019-10-02T10:34:48+02:00";null;23;29.4;29.6;16.5
"2019-10-02T10:35:17+02:00";23;null;null;null;null
"2019-10-02T10:35:18+02:00";null;23;29.4;29.6;16.5
"2019-10-02T10:35:47+02:00";23;null;null;null;null
"2019-10-02T10:35:48+02:00";null;23;29.5;29.6;16.5
"2019-10-02T10:36:17+02:00";23;null;null;null;null
"2019-10-02T10:36:18+02:00";null;23;29.5;29.6;16.5
"2019-10-02T10:36:47+02:00";23;null;null;null;null
"2019-10-02T10:36:48+02:00";null;23;29.4;29.6;16.5
"2019-10-02T10:37:17+02:00";23;null;null;null;null
"2019-10-02T10:37:18+02:00";null;23;29.4;29.6;16.5
"2019-10-02T10:37:47+02:00";23;null;null;null;null
"2019-10-02T10:37:48+02:00";null;23;29.4;29.6;16.5
"2019-10-02T10:38:17+02:00";23;null;null;null;null
"2019-10-02T10:38:18+02:00";null;23;29.4;29.6;16.5
"2019-10-02T10:38:47+02:00";23;null;null;null;null
"2019-10-02T10:38:48+02:00";null;23;29.4;29.6;16.6
"2019-10-02T10:39:17+02:00";23;null;null;null;null
"2019-10-02T10:39:18+02:00";null;23;29.3;29.6;16.6
"2019-10-02T10:39:47+02:00";23;null;null;null;null
"2019-10-02T10:39:48+02:00";null;23;29.4;29.6;16.6
"2019-10-02T10:40:17+02:00";23;null;null;null;null
"2019-10-02T10:40:18+02:00";null;23;29.4;29.6;16.6
"2019-10-02T10:40:47+02:00";23;null;null;null;null
"2019-10-02T10:40:48+02:00";null;23;29.3;29.6;16.6
"2019-10-02T10:41:17+02:00";23;null;null;null;null
"2019-10-02T10:41:18+02:00";null;23;29.3;29.6;16.6
"2019-10-02T10:41:47+02:00";23;null;null;null;null
"2019-10-02T10:41:48+02:00";null;23;29.2;29.6;16.6
"2019-10-02T10:42:17+02:00";23;null;null;null;null
"2019-10-02T10:42:18+02:00";null;23;29.3;29.6;16.7
"2019-10-02T10:42:47+02:00";23;null;null;null;null
"2019-10-02T10:42:48+02:00";null;23;29.3;29.7;16.7
"2019-10-02T10:43:17+02:00";23;null;null;null;null
"2019-10-02T10:43:18+02:00";null;23;29.3;29.7;16.7
"2019-10-02T10:43:47+02:00";23;null;null;null;null
"2019-10-02T10:43:48+02:00";null;23;29.3;29.8;16.7
"2019-10-02T10:44:17+02:00";23;null;null;null;null
"2019-10-02T10:44:18+02:00";null;23;29.3;29.8;16.7
"2019-10-02T10:44:47+02:00";23;null;null;null;null
"2019-10-02T10:44:48+02:00";null;23;29.3;29.7;16.8
"2019-10-02T10:45:17+02:00";23;null;null;null;null
"2019-10-02T10:45:18+02:00";null;23;29.2;29.7;16.8
"2019-10-02T10:45:47+02:00";23;null;null;null;null
"2019-10-02T10:45:48+02:00";null;23;29.2;29.7;16.8
"2019-10-02T10:46:17+02:00";23;null;null;null;null
"2019-10-02T10:46:18+02:00";null;23;29.3;29.9;16.8
"2019-10-02T10:46:47+02:00";23;null;null;null;null
"2019-10-02T10:46:48+02:00";null;23;29.5;30.1;16.8
"2019-10-02T10:47:17+02:00";23;null;null;null;null
"2019-10-02T10:47:18+02:00";null;23;29.8;30.4;16.8
"2019-10-02T10:47:47+02:00";23;null;null;null;null
"2019-10-02T10:47:48+02:00";null;23;30;30.6;16.8
"2019-10-02T10:48:17+02:00";23;null;null;null;null
"2019-10-02T10:48:18+02:00";null;23;30.1;30.7;16.8
"2019-10-02T10:48:47+02:00";23;null;null;null;null
"2019-10-02T10:48:48+02:00";null;23;30.2;30.7;16.8
"2019-10-02T10:49:17+02:00";23;null;null;null;null
"2019-10-02T10:49:18+02:00";null;23;30.3;30.9;16.9
"2019-10-02T10:49:47+02:00";23;null;null;null;null
"2019-10-02T10:49:48+02:00";null;22.9;30.5;31;16.9
"2019-10-02T10:50:17+02:00";23;null;null;null;null
"2019-10-02T10:50:18+02:00";null;23;30.6;31.2;16.9
"2019-10-02T10:50:47+02:00";23;null;null;null;null
"2019-10-02T10:50:48+02:00";null;23;30.7;31.2;16.8
"2019-10-02T10:51:17+02:00";23;null;null;null;null
"2019-10-02T10:51:18+02:00";null;23;30.8;31.2;16.8
"2019-10-02T10:51:47+02:00";23;null;null;null;null
"2019-10-02T10:51:48+02:00";null;23;30.8;31.2;16.8
"2019-10-02T10:52:17+02:00";23;null;null;null;null
"2019-10-02T10:52:18+02:00";null;23;30.9;31.3;16.8
"2019-10-02T10:52:47+02:00";23;null;null;null;null
"2019-10-02T10:52:48+02:00";null;23;30.9;31.3;16.8
"2019-10-02T10:53:17+02:00";23;null;null;null;null
"2019-10-02T10:53:18+02:00";null;23;31;31.5;16.9
"2019-10-02T10:53:47+02:00";23;null;null;null;null
"2019-10-02T10:53:48+02:00";null;23;31.2;31.7;16.9
"2019-10-02T10:54:17+02:00";23;null;null;null;null
"2019-10-02T10:54:18+02:00";null;23;31.2;31.8;16.9
"2019-10-02T10:54:47+02:00";23;null;null;null;null
"2019-10-02T10:54:48+02:00";null;23;31.2;31.7;16.9
"2019-10-02T10:55:17+02:00";23;null;null;null;null
"2019-10-02T10:55:18+02:00";null;23;31.3;31.8;16.9
"2019-10-02T10:55:47+02:00";23;null;null;null;null
"2019-10-02T10:55:48+02:00";null;22.9;31.3;31.9;17
"2019-10-02T10:56:17+02:00";23;null;null;null;null
"2019-10-02T10:56:18+02:00";null;23;31.3;31.9;17
"2019-10-02T10:56:47+02:00";23;null;null;null;null
"2019-10-02T10:56:48+02:00";null;23;31.3;31.8;17
"2019-10-02T10:57:17+02:00";23;null;null;null;null
"2019-10-02T10:57:18+02:00";null;23;31.3;31.8;17
"2019-10-02T10:57:47+02:00";23;null;null;null;null
"2019-10-02T10:57:48+02:00";null;23;31.4;31.8;17
"2019-10-02T10:58:17+02:00";23;null;null;null;null
"2019-10-02T10:58:18+02:00";null;23;31.5;32;17
"2019-10-02T10:58:47+02:00";23;null;null;null;null
"2019-10-02T10:58:48+02:00";null;23;31.5;32;17
"2019-10-02T10:59:17+02:00";23;null;null;null;null
"2019-10-02T10:59:18+02:00";null;23;31.5;32;17
"2019-10-02T10:59:47+02:00";23;null;null;null;null
"2019-10-02T10:59:48+02:00";null;23;31.5;32.1;17
"2019-10-02T11:00:17+02:00";23;null;null;null;null
"2019-10-02T11:00:18+02:00";null;23;31.5;32.1;17
"2019-10-02T11:00:47+02:00";23;null;null;null;null
"2019-10-02T11:00:48+02:00";null;23;31.5;32.1;17
"2019-10-02T11:01:17+02:00";23;null;null;null;null
"2019-10-02T11:01:18+02:00";null;23;31.5;32.2;17
"2019-10-02T11:01:47+02:00";23;null;null;null;null
"2019-10-02T11:01:48+02:00";null;22.9;31.6;32.2;17
"2019-10-02T11:02:17+02:00";23;null;null;null;null
"2019-10-02T11:02:18+02:00";null;22.9;31.6;32.1;17
"2019-10-02T11:02:47+02:00";23;null;null;null;null
"2019-10-02T11:02:48+02:00";null;22.9;31.7;32.1;16.9
"2019-10-02T11:03:17+02:00";23;null;null;null;null
"2019-10-02T11:03:18+02:00";null;22.9;31.7;32.1;16.9
"2019-10-02T11:03:47+02:00";23;null;null;null;null
"2019-10-02T11:03:48+02:00";null;22.9;31.7;32.1;16.9
"2019-10-02T11:04:17+02:00";23;null;null;null;null
"2019-10-02T11:04:18+02:00";null;22.9;31.7;32.1;16.9
"2019-10-02T11:04:47+02:00";23;null;null;null;null
"2019-10-02T11:04:48+02:00";null;23;31.7;32.2;16.9
"2019-10-02T11:05:17+02:00";23;null;null;null;null
"2019-10-02T11:05:18+02:00";null;23;31.7;32.2;16.9
"2019-10-02T11:05:47+02:00";23;null;null;null;null
"2019-10-02T11:05:48+02:00";null;23;31.7;32.2;16.9
"2019-10-02T11:06:17+02:00";23;null;null;null;null
"2019-10-02T11:06:18+02:00";null;23;31.7;32.2;16.9
"2019-10-02T11:06:47+02:00";23;null;null;null;null
"2019-10-02T11:06:48+02:00";null;23;31.8;32.3;16.9
"2019-10-02T11:07:17+02:00";23;null;null;null;null
"2019-10-02T11:07:18+02:00";null;23;31.7;32.2;16.9
"2019-10-02T11:07:47+02:00";23;null;null;null;null
"2019-10-02T11:07:48+02:00";null;23;31.8;32.2;16.9
"2019-10-02T11:08:17+02:00";23;null;null;null;null
"2019-10-02T11:08:18+02:00";null;23;31.8;32.3;16.9
"2019-10-02T11:08:47+02:00";23;null;null;null;null
"2019-10-02T11:08:48+02:00";null;23;31.8;32.3;16.9
"2019-10-02T11:09:17+02:00";23;null;null;null;null
"2019-10-02T11:09:18+02:00";null;23;31.8;32.3;16.9
"2019-10-02T11:09:47+02:00";23;null;null;null;null
"2019-10-02T11:09:48+02:00";null;23;31.8;32.3;16.9
"2019-10-02T11:10:17+02:00";23;null;null;null;null
"2019-10-02T11:10:18+02:00";null;23;31.8;32.3;16.9
"2019-10-02T11:10:47+02:00";23;null;null;null;null
"2019-10-02T11:10:48+02:00";null;23;31.8;32.3;17
"2019-10-02T11:11:17+02:00";23;null;null;null;null
"2019-10-02T11:11:18+02:00";null;23;31.8;32.3;17
"2019-10-02T11:11:47+02:00";23;null;null;null;null
"2019-10-02T11:11:48+02:00";null;22.9;31.8;32.4;17
"2019-10-02T11:12:17+02:00";23;null;null;null;null
"2019-10-02T11:12:18+02:00";null;23;31.9;32.4;17
"2019-10-02T11:12:47+02:00";23;null;null;null;null
"2019-10-02T11:12:48+02:00";null;23;31.9;32.4;17
"2019-10-02T11:13:17+02:00";23;null;null;null;null
"2019-10-02T11:13:18+02:00";null;23;31.9;32.3;16.9
"2019-10-02T11:13:47+02:00";23;null;null;null;null
"2019-10-02T11:13:48+02:00";null;23;31.9;32.3;16.9
"2019-10-02T11:14:17+02:00";23;null;null;null;null
"2019-10-02T11:14:18+02:00";null;23;31.9;32.4;16.9
"2019-10-02T11:14:47+02:00";23;null;null;null;null
"2019-10-02T11:14:48+02:00";null;22.9;31.9;32.4;16.9
"2019-10-02T11:15:17+02:00";23;null;null;null;null
"2019-10-02T11:15:18+02:00";null;23;31.9;32.4;16.9
"2019-10-02T11:15:47+02:00";23;null;null;null;null
"2019-10-02T11:15:48+02:00";null;23;31.8;32.3;16.9
"2019-10-02T11:16:17+02:00";23;null;null;null;null
"2019-10-02T11:16:18+02:00";null;23;31.9;32.4;16.9
"2019-10-02T11:16:47+02:00";23;null;null;null;null
"2019-10-02T11:16:48+02:00";null;23;31.9;32.4;16.9
"2019-10-02T11:17:17+02:00";23;null;null;null;null
"2019-10-02T11:17:18+02:00";null;23;31.9;32.4;16.9
"2019-10-02T11:17:47+02:00";23;null;null;null;null
"2019-10-02T11:17:48+02:00";null;22.9;31.8;32.4;16.9
"2019-10-02T11:18:17+02:00";23;null;null;null;null
"2019-10-02T11:18:18+02:00";null;23;31.9;32.3;16.9
"2019-10-02T11:18:47+02:00";23;null;null;null;null
"2019-10-02T11:18:48+02:00";null;23;31.9;32.4;16.9
"2019-10-02T11:19:17+02:00";23;null;null;null;null
"2019-10-02T11:19:18+02:00";null;22.9;31.9;32.5;16.9
"2019-10-02T11:19:47+02:00";23;null;null;null;null
"2019-10-02T11:19:48+02:00";null;23;32;32.5;17
"2019-10-02T11:20:17+02:00";23;null;null;null;null
"2019-10-02T11:20:18+02:00";null;23;32;32.6;17
"2019-10-02T11:20:47+02:00";23;null;null;null;null
"2019-10-02T11:20:48+02:00";null;23;32;32.5;17
"2019-10-02T11:21:17+02:00";23;null;null;null;null
"2019-10-02T11:21:18+02:00";null;22.9;32;32.5;17
"2019-10-02T11:21:47+02:00";23;null;null;null;null
"2019-10-02T11:21:48+02:00";null;22.9;32;32.5;17
"2019-10-02T11:22:17+02:00";23;null;null;null;null
"2019-10-02T11:22:18+02:00";null;22.9;32;32.4;17
"2019-10-02T11:22:47+02:00";23;null;null;null;null
"2019-10-02T11:22:48+02:00";null;23;32;32.4;17
"2019-10-02T11:23:17+02:00";23;null;null;null;null
"2019-10-02T11:23:18+02:00";null;23;32;32.4;17
"2019-10-02T11:23:47+02:00";23;null;null;null;null
"2019-10-02T11:23:48+02:00";null;23;32;32.4;17
"2019-10-02T11:24:17+02:00";23;null;null;null;null
"2019-10-02T11:24:18+02:00";null;22.9;32;32.5;17
"2019-10-02T11:24:47+02:00";23;null;null;null;null
"2019-10-02T11:24:48+02:00";null;23;32;32.5;17
"2019-10-02T11:25:17+02:00";23;null;null;null;null
"2019-10-02T11:25:18+02:00";null;22.9;32;32.5;17
"2019-10-02T11:25:47+02:00";23;null;null;null;null
"2019-10-02T11:25:48+02:00";null;22.9;32;32.5;17
"2019-10-02T11:26:17+02:00";23;null;null;null;null
"2019-10-02T11:26:18+02:00";null;22.9;32.1;32.5;17
"2019-10-02T11:26:47+02:00";23;null;null;null;null
"2019-10-02T11:26:48+02:00";null;22.9;32;32.6;17
"2019-10-02T11:27:17+02:00";23;null;null;null;null
"2019-10-02T11:27:18+02:00";null;22.9;32.1;32.5;17
"2019-10-02T11:27:47+02:00";23;null;null;null;null
"2019-10-02T11:27:48+02:00";null;22.9;32.1;32.5;17
"2019-10-02T11:28:17+02:00";23;null;null;null;null
"2019-10-02T11:28:18+02:00";null;22.9;32.1;32.5;17
"2019-10-02T11:28:47+02:00";23;null;null;null;null
"2019-10-02T11:28:48+02:00";null;22.9;32.1;32.4;17
"2019-10-02T11:29:17+02:00";23;null;null;null;null
"2019-10-02T11:29:18+02:00";null;23;32.1;32.5;17
"2019-10-02T11:29:47+02:00";23;null;null;null;null
"2019-10-02T11:29:48+02:00";null;23;32.1;32.5;17
"2019-10-02T11:30:17+02:00";23;null;null;null;null
"2019-10-02T11:30:18+02:00";null;23;32.1;32.5;17
"2019-10-02T11:30:47+02:00";23;null;null;null;null
"2019-10-02T11:30:48+02:00";null;23;32.1;32.6;16.9
"2019-10-02T11:31:17+02:00";23;null;null;null;null
"2019-10-02T11:31:18+02:00";null;23;32.1;32.5;16.9
"2019-10-02T11:31:47+02:00";23;null;null;null;null
"2019-10-02T11:31:48+02:00";null;22.9;32.1;32.5;16.9
"2019-10-02T11:32:17+02:00";23;null;null;null;null
"2019-10-02T11:32:18+02:00";null;22.9;32.1;32.6;16.8
"2019-10-02T11:32:47+02:00";23;null;null;null;null
"2019-10-02T11:32:48+02:00";null;23;32.1;32.5;16.8
"2019-10-02T11:33:17+02:00";23;null;null;null;null
"2019-10-02T11:33:18+02:00";null;23;32.1;32.5;16.8
"2019-10-02T11:33:47+02:00";23;null;null;null;null
"2019-10-02T11:33:48+02:00";null;23;32.1;32.5;16.8
"2019-10-02T11:34:17+02:00";23;null;null;null;null
"2019-10-02T11:34:18+02:00";null;23;32.1;32.5;16.8
"2019-10-02T11:34:47+02:00";23;null;null;null;null
"2019-10-02T11:34:48+02:00";null;23;32.1;32.5;16.8
"2019-10-02T11:35:17+02:00";23;null;null;null;null
"2019-10-02T11:35:18+02:00";null;23;32.1;32.5;16.8
"2019-10-02T11:35:47+02:00";23;null;null;null;null
"2019-10-02T11:35:48+02:00";null;23;32.1;32.5;16.9
"2019-10-02T11:36:17+02:00";23;null;null;null;null
"2019-10-02T11:36:18+02:00";null;23;32.1;32.5;16.9
"2019-10-02T11:36:47+02:00";23;null;null;null;null
"2019-10-02T11:36:48+02:00";null;23;32;32.5;16.9
"2019-10-02T11:37:17+02:00";23;null;null;null;null
"2019-10-02T11:37:18+02:00";null;22.9;32;32.5;16.9
"2019-10-02T11:37:47+02:00";23;null;null;null;null
"2019-10-02T11:37:48+02:00";null;22.9;32.1;32.6;16.9
"2019-10-02T11:38:17+02:00";23;null;null;null;null
"2019-10-02T11:38:18+02:00";null;22.9;32.1;32.4;16.9
"2019-10-02T11:38:47+02:00";23;null;null;null;null
"2019-10-02T11:38:48+02:00";null;22.9;32.1;32.5;16.9
"2019-10-02T11:39:17+02:00";23;null;null;null;null
"2019-10-02T11:39:18+02:00";null;22.9;32.1;32.5;16.9
"2019-10-02T11:39:47+02:00";23;null;null;null;null
"2019-10-02T11:39:48+02:00";null;23;32.1;32.6;16.9
"2019-10-02T11:40:17+02:00";23;null;null;null;null
"2019-10-02T11:40:18+02:00";null;23;32.1;32.5;16.9
"2019-10-02T11:40:47+02:00";23;null;null;null;null
"2019-10-02T11:40:48+02:00";null;23;32.1;32.5;16.9
"2019-10-02T11:41:17+02:00";23;null;null;null;null
"2019-10-02T11:41:18+02:00";null;23;32.1;32.5;16.9
"2019-10-02T11:41:47+02:00";23;null;null;null;null
"2019-10-02T11:41:48+02:00";null;23;32.1;32.5;16.9
"2019-10-02T11:42:17+02:00";23;null;null;null;null
"2019-10-02T11:42:18+02:00";null;23;32.1;32.6;17
"2019-10-02T11:42:47+02:00";23;null;null;null;null
"2019-10-02T11:42:48+02:00";null;23;32.1;32.6;17
"2019-10-02T11:43:17+02:00";23;null;null;null;null
"2019-10-02T11:43:18+02:00";null;23;32.1;32.5;17
"2019-10-02T11:43:47+02:00";23;null;null;null;null
"2019-10-02T11:43:48+02:00";null;23;32.1;32.6;17
"2019-10-02T11:44:17+02:00";23;null;null;null;null
"2019-10-02T11:44:18+02:00";null;23;32.1;32.5;17
"2019-10-02T11:44:47+02:00";23;null;null;null;null
"2019-10-02T11:44:48+02:00";null;23;32.1;32.6;17
"2019-10-02T11:45:17+02:00";23;null;null;null;null
"2019-10-02T11:45:18+02:00";null;23;32.1;32.6;17.1
"2019-10-02T11:45:47+02:00";23;null;null;null;null
"2019-10-02T11:45:48+02:00";null;23;32.1;32.7;17.1
"2019-10-02T11:46:17+02:00";23;null;null;null;null
"2019-10-02T11:46:18+02:00";null;23;32.2;32.8;17.1
"2019-10-02T11:46:47+02:00";23;null;null;null;null
"2019-10-02T11:46:48+02:00";null;23;32.2;32.6;17.1
"2019-10-02T11:47:17+02:00";23;null;null;null;null
"2019-10-02T11:47:18+02:00";null;23;32.1;32.7;17
"2019-10-02T11:47:47+02:00";23;null;null;null;null
"2019-10-02T11:47:48+02:00";null;23;32.1;32.6;17
"2019-10-02T11:48:17+02:00";23;null;null;null;null
"2019-10-02T11:48:18+02:00";null;22.9;32.1;32.7;17
"2019-10-02T11:48:47+02:00";23;null;null;null;null
"2019-10-02T11:48:48+02:00";null;22.9;32.2;32.7;17
"2019-10-02T11:49:17+02:00";23;null;null;null;null
"2019-10-02T11:49:18+02:00";null;23;32.2;32.6;16.9
"2019-10-02T11:49:47+02:00";23;null;null;null;null
"2019-10-02T11:49:48+02:00";null;23;32.2;32.6;16.9
"2019-10-02T11:50:17+02:00";23;null;null;null;null
"2019-10-02T11:50:18+02:00";null;23;32.1;32.6;16.8
"2019-10-02T11:50:47+02:00";23;null;null;null;null
"2019-10-02T11:50:48+02:00";null;23;32.2;32.6;16.8
"2019-10-02T11:51:17+02:00";23;null;null;null;null
"2019-10-02T11:51:18+02:00";null;23;32.1;32.7;16.8
"2019-10-02T11:51:47+02:00";23;null;null;null;null
"2019-10-02T11:51:48+02:00";null;23;32.1;32.7;16.8
"2019-10-02T11:52:17+02:00";23;null;null;null;null
"2019-10-02T11:52:18+02:00";null;23;32.2;32.6;16.8
"2019-10-02T11:52:47+02:00";23;null;null;null;null
"2019-10-02T11:52:48+02:00";null;23;32.1;32.7;16.9
"2019-10-02T11:53:17+02:00";23;null;null;null;null
"2019-10-02T11:53:18+02:00";null;23;32.2;32.8;16.9
"2019-10-02T11:53:47+02:00";23;null;null;null;null
"2019-10-02T11:53:48+02:00";null;23;32.4;32.9;16.9
"2019-10-02T11:54:17+02:00";23;null;null;null;null
"2019-10-02T11:54:18+02:00";null;23;32.6;33;16.9
"2019-10-02T11:54:47+02:00";23;null;null;null;null
"2019-10-02T11:54:48+02:00";null;23;32.7;33.3;16.9
"2019-10-02T11:55:17+02:00";23;null;null;null;null
"2019-10-02T11:55:18+02:00";null;23;32.9;33.4;17
"2019-10-02T11:55:47+02:00";23;null;null;null;null
"2019-10-02T11:55:48+02:00";null;23;33.1;33.6;17
"2019-10-02T11:56:17+02:00";23;null;null;null;null
"2019-10-02T11:56:18+02:00";null;23;33.2;33.5;17
"2019-10-02T11:56:47+02:00";23;null;null;null;null
"2019-10-02T11:56:48+02:00";null;23;33.3;33.7;17.1
"2019-10-02T11:57:17+02:00";23;null;null;null;null
"2019-10-02T11:57:18+02:00";null;23;33.3;33.8;17.1
"2019-10-02T11:57:47+02:00";23;null;null;null;null
"2019-10-02T11:57:48+02:00";null;22.9;33.4;33.9;17.2
"2019-10-02T11:58:17+02:00";23;null;null;null;null
"2019-10-02T11:58:18+02:00";null;22.9;33.5;33.9;17.2
"2019-10-02T11:58:47+02:00";23;null;null;null;null
"2019-10-02T11:58:48+02:00";null;23;33.6;34;17.2
"2019-10-02T11:59:17+02:00";23;null;null;null;null
"2019-10-02T11:59:18+02:00";null;23;33.7;34.1;17.2
"2019-10-02T11:59:47+02:00";23;null;null;null;null
"2019-10-02T11:59:48+02:00";null;23;33.7;34.2;17.2
"2019-10-02T12:00:17+02:00";23;null;null;null;null
"2019-10-02T12:00:18+02:00";null;23;33.7;34.2;17.2
"2019-10-02T12:00:47+02:00";23;null;null;null;null
"2019-10-02T12:00:48+02:00";null;23;33.8;34.2;17.2
"2019-10-02T12:01:17+02:00";23;null;null;null;null
"2019-10-02T12:01:18+02:00";null;23;33.8;34.3;17.2
"2019-10-02T12:01:47+02:00";23;null;null;null;null
"2019-10-02T12:01:48+02:00";null;23;33.8;34.3;17.3
"2019-10-02T12:02:17+02:00";23;null;null;null;null
"2019-10-02T12:02:18+02:00";null;23;33.9;34.3;17.3
"2019-10-02T12:02:47+02:00";23;null;null;null;null
"2019-10-02T12:02:48+02:00";null;23;33.9;34.4;17.2
"2019-10-02T12:03:17+02:00";23;null;null;null;null
"2019-10-02T12:03:18+02:00";null;23;34;34.4;17.2
"2019-10-02T12:03:47+02:00";23;null;null;null;null
"2019-10-02T12:03:48+02:00";null;22.9;34;34.4;17.2
"2019-10-02T12:04:17+02:00";23;null;null;null;null
"2019-10-02T12:04:18+02:00";null;22.9;34;34.4;17.1
"2019-10-02T12:04:47+02:00";23;null;null;null;null
"2019-10-02T12:04:48+02:00";null;23;34.1;34.5;17.1
"2019-10-02T12:05:17+02:00";23;null;null;null;null
"2019-10-02T12:05:18+02:00";null;23;34.1;34.5;17.1
"2019-10-02T12:05:47+02:00";23;null;null;null;null
"2019-10-02T12:05:48+02:00";null;23;34.1;34.5;17.1
"2019-10-02T12:06:17+02:00";23;null;null;null;null
"2019-10-02T12:06:18+02:00";null;23;34.1;34.5;17.1
"2019-10-02T12:06:47+02:00";23;null;null;null;null
"2019-10-02T12:06:48+02:00";null;23;34.1;34.5;17.1
"2019-10-02T12:07:17+02:00";23;null;null;null;null
"2019-10-02T12:07:18+02:00";null;22.9;34.1;34.5;17.1
"2019-10-02T12:07:47+02:00";23;null;null;null;null
"2019-10-02T12:07:48+02:00";null;23;34.2;34.5;17.1
"2019-10-02T12:08:17+02:00";23;null;null;null;null
"2019-10-02T12:08:18+02:00";null;23;34.2;34.6;17.1
"2019-10-02T12:08:47+02:00";23;null;null;null;null
"2019-10-02T12:08:48+02:00";null;22.9;34.2;34.6;17.1
"2019-10-02T12:09:17+02:00";23;null;null;null;null
"2019-10-02T12:09:18+02:00";null;23;34.3;34.6;17.1
"2019-10-02T12:09:47+02:00";23;null;null;null;null
"2019-10-02T12:09:48+02:00";null;23;34.3;34.7;17.1
"2019-10-02T12:10:17+02:00";23;null;null;null;null
"2019-10-02T12:10:18+02:00";null;23;34.2;34.6;17.1
"2019-10-02T12:10:47+02:00";23;null;null;null;null
"2019-10-02T12:10:48+02:00";null;23;34.3;34.7;17.2
"2019-10-02T12:11:17+02:00";23;null;null;null;null
"2019-10-02T12:11:18+02:00";null;22.9;34.2;34.7;17.2
"2019-10-02T12:11:47+02:00";23;null;null;null;null
"2019-10-02T12:11:48+02:00";null;23;34.3;34.7;17.2
"2019-10-02T12:12:17+02:00";23;null;null;null;null
"2019-10-02T12:12:18+02:00";null;23;34.3;34.8;17.2
"2019-10-02T12:12:47+02:00";23;null;null;null;null
"2019-10-02T12:12:48+02:00";null;23;34.3;34.8;17.2
"2019-10-02T12:13:17+02:00";23;null;null;null;null
"2019-10-02T12:13:18+02:00";null;23;34.3;34.8;17.2
"2019-10-02T12:13:47+02:00";23;null;null;null;null
"2019-10-02T12:13:48+02:00";null;22.9;34.4;34.7;17.2
"2019-10-02T12:14:17+02:00";23;null;null;null;null
"2019-10-02T12:14:18+02:00";null;23;34.4;34.7;17.2
"2019-10-02T12:14:47+02:00";23;null;null;null;null
"2019-10-02T12:14:48+02:00";null;23;34.4;34.8;17.2
"2019-10-02T12:15:17+02:00";23;null;null;null;null
"2019-10-02T12:15:18+02:00";null;23;34.4;34.8;17.3
"2019-10-02T12:15:47+02:00";23;null;null;null;null
"2019-10-02T12:15:48+02:00";null;23;34.4;34.8;17.3
"2019-10-02T12:16:17+02:00";23;null;null;null;null
"2019-10-02T12:16:18+02:00";null;22.9;34.4;34.8;17.3
"2019-10-02T12:16:47+02:00";23;null;null;null;null
"2019-10-02T12:16:48+02:00";null;22.9;34.5;34.9;17.3
"2019-10-02T12:17:17+02:00";23;null;null;null;null
"2019-10-02T12:17:18+02:00";null;23;34.5;34.9;17.3
"2019-10-02T12:17:47+02:00";23;null;null;null;null
"2019-10-02T12:17:48+02:00";null;23;34.5;35;17.3
"2019-10-02T12:18:17+02:00";23;null;null;null;null
"2019-10-02T12:18:18+02:00";null;23;34.5;34.9;17.3
"2019-10-02T12:18:47+02:00";23;null;null;null;null
"2019-10-02T12:18:48+02:00";null;23;34.5;34.9;17.3
"2019-10-02T12:19:17+02:00";23;null;null;null;null
"2019-10-02T12:19:18+02:00";null;23;34.5;34.9;17.3
"2019-10-02T12:19:47+02:00";23;null;null;null;null
"2019-10-02T12:19:48+02:00";null;22.9;34.5;34.9;17.3
"2019-10-02T12:20:17+02:00";23;null;null;null;null
"2019-10-02T12:20:18+02:00";null;23;34.5;34.9;17.3
"2019-10-02T12:20:47+02:00";23;null;null;null;null
"2019-10-02T12:20:48+02:00";null;23;34.5;35;17.3
"2019-10-02T12:21:17+02:00";23;null;null;null;null
"2019-10-02T12:21:18+02:00";null;23;34.5;35;17.3
"2019-10-02T12:21:47+02:00";23;null;null;null;null
"2019-10-02T12:21:48+02:00";null;23;34.5;34.9;17.3
"2019-10-02T12:22:17+02:00";23;null;null;null;null
"2019-10-02T12:22:18+02:00";null;23;34.5;34.9;17.3
"2019-10-02T12:22:47+02:00";23;null;null;null;null
"2019-10-02T12:22:48+02:00";null;23;34.5;35;17.2
"2019-10-02T12:23:17+02:00";23;null;null;null;null
"2019-10-02T12:23:18+02:00";null;22.9;34.5;35;17.2
"2019-10-02T12:23:47+02:00";23;null;null;null;null
"2019-10-02T12:23:48+02:00";null;23;34.6;35;17.2
"2019-10-02T12:24:17+02:00";23;null;null;null;null
"2019-10-02T12:24:18+02:00";null;23;34.5;35;17.2
"2019-10-02T12:24:47+02:00";23;null;null;null;null
"2019-10-02T12:24:48+02:00";null;23;34.5;35;17.2
"2019-10-02T12:25:17+02:00";23;null;null;null;null
"2019-10-02T12:25:18+02:00";null;22.9;34.6;35;17.2
"2019-10-02T12:25:47+02:00";23;null;null;null;null
"2019-10-02T12:25:48+02:00";null;23;34.5;35;17.2
"2019-10-02T12:26:17+02:00";23;null;null;null;null
"2019-10-02T12:26:18+02:00";null;23;34.5;35;17.1
"2019-10-02T12:26:47+02:00";23;null;null;null;null
"2019-10-02T12:26:48+02:00";null;23;34.6;35;17.1
"2019-10-02T12:27:17+02:00";23;null;null;null;null
"2019-10-02T12:27:18+02:00";null;23;34.5;35;17.1
"2019-10-02T12:27:47+02:00";23;null;null;null;null
"2019-10-02T12:27:48+02:00";null;23;34.5;35;17.1
"2019-10-02T12:28:17+02:00";23;null;null;null;null
"2019-10-02T12:28:18+02:00";null;23;34.5;35.1;17.1
"2019-10-02T12:28:47+02:00";23;null;null;null;null
"2019-10-02T12:28:48+02:00";null;23;34.5;35;17.2
"2019-10-02T12:29:17+02:00";23;null;null;null;null
"2019-10-02T12:29:18+02:00";null;23;34.5;35;17.2
"2019-10-02T12:29:47+02:00";23;null;null;null;null
"2019-10-02T12:29:48+02:00";null;23;34.5;35;17.2
"2019-10-02T12:30:17+02:00";23;null;null;null;null
"2019-10-02T12:30:18+02:00";null;22.9;34.6;35;17.2
"2019-10-02T12:30:47+02:00";23;null;null;null;null
"2019-10-02T12:30:48+02:00";null;22.9;34.6;35;17.2
"2019-10-02T12:31:17+02:00";23;null;null;null;null
"2019-10-02T12:31:18+02:00";null;23;34.6;35.1;17.2
"2019-10-02T12:31:47+02:00";23;null;null;null;null
"2019-10-02T12:31:48+02:00";null;23;34.6;35;17.2
"2019-10-02T12:32:17+02:00";23;null;null;null;null
"2019-10-02T12:32:18+02:00";null;22.9;34.6;35;17.3
"2019-10-02T12:32:47+02:00";23;null;null;null;null
"2019-10-02T12:32:48+02:00";null;23;34.7;35.1;17.3
"2019-10-02T12:33:17+02:00";23;null;null;null;null
"2019-10-02T12:33:18+02:00";null;23;34.6;35.1;17.3
"2019-10-02T12:33:47+02:00";23;null;null;null;null
"2019-10-02T12:33:49+02:00";null;22.9;34.6;35;17.3
"2019-10-02T12:34:17+02:00";23;null;null;null;null
"2019-10-02T12:34:18+02:00";null;23;34.7;35.1;17.3
"2019-10-02T12:34:47+02:00";23;null;null;null;null
"2019-10-02T12:34:48+02:00";null;23;34.7;35.1;17.3
"2019-10-02T12:35:17+02:00";23;null;null;null;null
"2019-10-02T12:35:18+02:00";null;23;34.7;35.1;17.4
"2019-10-02T12:35:47+02:00";23;null;null;null;null
"2019-10-02T12:35:48+02:00";null;23;34.7;35.1;17.3
"2019-10-02T12:36:17+02:00";23;null;null;null;null
"2019-10-02T12:36:18+02:00";null;23;34.7;35.1;17.3
"2019-10-02T12:36:47+02:00";23;null;null;null;null
"2019-10-02T12:36:48+02:00";null;23;34.6;35.1;17.3
"2019-10-02T12:37:17+02:00";23;null;null;null;null
"2019-10-02T12:37:18+02:00";null;23;34.7;35.1;17.3
"2019-10-02T12:37:47+02:00";23;null;null;null;null
"2019-10-02T12:37:48+02:00";null;23;34.6;35.1;17.3
"2019-10-02T12:38:17+02:00";23;null;null;null;null
"2019-10-02T12:38:18+02:00";null;23;34.7;35.1;17.3
"2019-10-02T12:38:47+02:00";23;null;null;null;null
"2019-10-02T12:38:48+02:00";null;23;34.7;35.1;17.3
"2019-10-02T12:39:17+02:00";23;null;null;null;null
"2019-10-02T12:39:18+02:00";null;23;34.6;35.1;17.3
"2019-10-02T12:39:47+02:00";23;null;null;null;null
"2019-10-02T12:39:48+02:00";null;23;34.6;35.1;17.3
"2019-10-02T12:40:17+02:00";23;null;null;null;null
"2019-10-02T12:40:18+02:00";null;23;34.6;35.1;17.3
"2019-10-02T12:40:47+02:00";23;null;null;null;null
"2019-10-02T12:40:48+02:00";null;23;34.7;35.1;17.3
"2019-10-02T12:41:17+02:00";23;null;null;null;null
"2019-10-02T12:41:18+02:00";null;23;34.6;35.1;17.3
"2019-10-02T12:41:47+02:00";23;null;null;null;null
"2019-10-02T12:41:48+02:00";null;22.9;34.7;35.1;17.2
"2019-10-02T12:42:17+02:00";23;null;null;null;null
"2019-10-02T12:42:18+02:00";null;23;34.7;35.1;17.2
"2019-10-02T12:42:47+02:00";23;null;null;null;null
"2019-10-02T12:42:48+02:00";null;22.9;34.7;35.1;17.2
"2019-10-02T12:43:17+02:00";23;null;null;null;null
"2019-10-02T12:43:18+02:00";null;22.9;34.7;35.2;17.2
"2019-10-02T12:43:47+02:00";23;null;null;null;null
"2019-10-02T12:43:48+02:00";null;22.9;34.7;35.1;17.2
"2019-10-02T12:44:17+02:00";23;null;null;null;null
"2019-10-02T12:44:18+02:00";null;23;34.8;35.1;17.1
"2019-10-02T12:44:47+02:00";23;null;null;null;null
"2019-10-02T12:44:48+02:00";null;23;34.7;35.1;17.1
"2019-10-02T12:45:17+02:00";23;null;null;null;null
"2019-10-02T12:45:18+02:00";null;23;34.7;35.1;17.1
"2019-10-02T12:45:47+02:00";23;null;null;null;null
"2019-10-02T12:45:48+02:00";null;23;34.7;35.1;17.1
"2019-10-02T12:46:17+02:00";23;null;null;null;null
"2019-10-02T12:46:18+02:00";null;22.9;34.7;35.1;17.1
"2019-10-02T12:46:47+02:00";23;null;null;null;null
"2019-10-02T12:46:48+02:00";null;23;34.8;35;17.1
"2019-10-02T12:47:17+02:00";23;null;null;null;null
"2019-10-02T12:47:18+02:00";null;22.9;34.7;35.1;17.1
"2019-10-02T12:47:47+02:00";23;null;null;null;null
"2019-10-02T12:47:48+02:00";null;22.9;34.7;35;17.1
"2019-10-02T12:48:17+02:00";23;null;null;null;null
"2019-10-02T12:48:18+02:00";null;23;34.7;35;17.1
"2019-10-02T12:48:47+02:00";23;null;null;null;null
"2019-10-02T12:48:48+02:00";null;23;34.7;35.1;17.1
"2019-10-02T12:49:17+02:00";23;null;null;null;null
"2019-10-02T12:49:18+02:00";null;22.9;34.8;35.1;17.2
"2019-10-02T12:49:47+02:00";23;null;null;null;null
"2019-10-02T12:49:48+02:00";null;23;34.8;35.1;17.1
"2019-10-02T12:50:17+02:00";23;null;null;null;null
"2019-10-02T12:50:18+02:00";null;22.9;34.8;35.1;17.2
"2019-10-02T12:50:47+02:00";23;null;null;null;null
"2019-10-02T12:50:48+02:00";null;23;34.8;35.1;17.2
"2019-10-02T12:51:17+02:00";23;null;null;null;null
"2019-10-02T12:51:18+02:00";null;23;34.8;35.1;17.2
"2019-10-02T12:51:47+02:00";23;null;null;null;null
"2019-10-02T12:51:48+02:00";null;23;34.8;35.1;17.2
"2019-10-02T12:52:17+02:00";23;null;null;null;null
"2019-10-02T12:52:18+02:00";null;23;34.8;35.2;17.2
"2019-10-02T12:52:47+02:00";23;null;null;null;null
"2019-10-02T12:52:48+02:00";null;23;34.8;35.1;17.2
"2019-10-02T12:53:17+02:00";23;null;null;null;null
"2019-10-02T12:53:18+02:00";null;23;34.8;35.1;17.2
"2019-10-02T12:53:47+02:00";23;null;null;null;null
"2019-10-02T12:53:48+02:00";null;23;34.8;35.2;17.3
"2019-10-02T12:54:17+02:00";23;null;null;null;null
"2019-10-02T12:54:18+02:00";null;23;34.8;35.2;17.3
"2019-10-02T12:54:47+02:00";23;null;null;null;null
"2019-10-02T12:54:48+02:00";null;23;34.8;35.2;17.3
"2019-10-02T12:55:17+02:00";23;null;null;null;null
"2019-10-02T12:55:18+02:00";null;23;34.7;35.1;17.4
"2019-10-02T12:55:47+02:00";23;null;null;null;null
"2019-10-02T12:55:48+02:00";null;22.9;34.8;35.1;17.4
"2019-10-02T12:56:17+02:00";23;null;null;null;null
"2019-10-02T12:56:18+02:00";null;23;34.8;35.2;17.3
"2019-10-02T12:56:47+02:00";23;null;null;null;null
"2019-10-02T12:56:48+02:00";null;23;34.8;35.2;17.3
"2019-10-02T12:57:17+02:00";23;null;null;null;null
"2019-10-02T12:57:18+02:00";null;23;34.8;35.2;17.3
"2019-10-02T12:57:47+02:00";23;null;null;null;null
"2019-10-02T12:57:48+02:00";null;22.9;34.8;35.2;17.3
"2019-10-02T12:58:17+02:00";23;null;null;null;null
"2019-10-02T12:58:18+02:00";null;23;34.8;35.2;17.3
"2019-10-02T12:58:47+02:00";23;null;null;null;null
"2019-10-02T12:58:48+02:00";null;23;34.8;35.2;17.3
"2019-10-02T12:59:17+02:00";23;null;null;null;null
"2019-10-02T12:59:18+02:00";null;23;34.8;35.2;17.3
"2019-10-02T12:59:47+02:00";23;null;null;null;null
"2019-10-02T12:59:48+02:00";null;22.9;34.8;35.2;17.3
"2019-10-02T13:00:17+02:00";23;null;null;null;null
"2019-10-02T13:00:18+02:00";null;23;34.8;35.2;17.3
"2019-10-02T13:00:47+02:00";23;null;null;null;null
"2019-10-02T13:00:48+02:00";null;22.9;34.8;35.2;17.2
"2019-10-02T13:01:17+02:00";23;null;null;null;null
"2019-10-02T13:01:18+02:00";null;23;34.9;35.2;17.2
"2019-10-02T13:01:47+02:00";23;null;null;null;null
"2019-10-02T13:01:48+02:00";null;23;34.8;35.1;17.2
"2019-10-02T13:02:17+02:00";23;null;null;null;null
"2019-10-02T13:02:18+02:00";null;23;34.9;35.2;17.2
"2019-10-02T13:02:47+02:00";23;null;null;null;null
"2019-10-02T13:02:48+02:00";null;22.9;34.8;35.1;17.2
"2019-10-02T13:03:17+02:00";23;null;null;null;null
"2019-10-02T13:03:18+02:00";null;22.9;34.8;35.2;17.2
"2019-10-02T13:03:47+02:00";23;null;null;null;null
"2019-10-02T13:03:48+02:00";null;23;34.9;35.2;17.2
"2019-10-02T13:04:17+02:00";23;null;null;null;null
"2019-10-02T13:04:18+02:00";null;23;34.8;35.2;17.2
"2019-10-02T13:04:47+02:00";23;null;null;null;null
"2019-10-02T13:04:48+02:00";null;23;34.8;35.2;17.2
"2019-10-02T13:05:17+02:00";23;null;null;null;null
"2019-10-02T13:05:18+02:00";null;23;34.8;35.2;17.2
"2019-10-02T13:05:47+02:00";23;null;null;null;null
"2019-10-02T13:05:48+02:00";null;23;34.8;35.2;17.2
"2019-10-02T13:06:17+02:00";23;null;null;null;null
"2019-10-02T13:06:18+02:00";null;23;34.7;35.2;17.2
"2019-10-02T13:06:47+02:00";23;null;null;null;null
"2019-10-02T13:06:48+02:00";null;22.9;34.8;35.2;17.2
"2019-10-02T13:07:17+02:00";23;null;null;null;null
"2019-10-02T13:07:18+02:00";null;23;34.8;35.2;17.2
"2019-10-02T13:07:47+02:00";23;null;null;null;null
"2019-10-02T13:07:48+02:00";null;23;34.8;35.2;17.1
"2019-10-02T13:08:17+02:00";23;null;null;null;null
"2019-10-02T13:08:18+02:00";null;23;34.8;35.3;17.1
"2019-10-02T13:08:47+02:00";23;null;null;null;null
"2019-10-02T13:08:48+02:00";null;23;34.8;35.2;17.2
"2019-10-02T13:09:17+02:00";23;null;null;null;null
"2019-10-02T13:09:18+02:00";null;23;34.8;35.3;17.2
"2019-10-02T13:09:47+02:00";23;null;null;null;null
"2019-10-02T13:09:48+02:00";null;23;34.8;35.2;17.2
"2019-10-02T13:10:17+02:00";23;null;null;null;null
"2019-10-02T13:10:18+02:00";null;23;34.8;35.3;17.2
"2019-10-02T13:10:47+02:00";23;null;null;null;null
"2019-10-02T13:10:48+02:00";null;22.9;34.8;35.2;17.2
"2019-10-02T13:11:17+02:00";23;null;null;null;null
"2019-10-02T13:11:18+02:00";null;23;34.8;35.2;17.2
"2019-10-02T13:11:47+02:00";23;null;null;null;null
"2019-10-02T13:11:48+02:00";null;23;34.7;35.2;17.2
"2019-10-02T13:12:17+02:00";23;null;null;null;null
"2019-10-02T13:12:18+02:00";null;22.9;34.7;35.2;17.3
"2019-10-02T13:12:47+02:00";23;null;null;null;null
"2019-10-02T13:12:48+02:00";null;23;34.8;35.2;17.2
"2019-10-02T13:13:17+02:00";23;null;null;null;null
"2019-10-02T13:13:18+02:00";null;23;34.8;35.2;17.3
"2019-10-02T13:13:47+02:00";23;null;null;null;null
"2019-10-02T13:13:48+02:00";null;23;34.8;35.2;17.3
"2019-10-02T13:14:17+02:00";23;null;null;null;null
"2019-10-02T13:14:18+02:00";null;23;34.8;35.2;17.3
"2019-10-02T13:14:47+02:00";23;null;null;null;null
"2019-10-02T13:14:48+02:00";null;22.9;34.8;35.2;17.3
"2019-10-02T13:15:17+02:00";23;null;null;null;null
"2019-10-02T13:15:18+02:00";null;23;34.8;35.2;17.3
"2019-10-02T13:15:47+02:00";23;null;null;null;null
"2019-10-02T13:15:48+02:00";null;23;34.8;35.2;17.3
"2019-10-02T13:16:17+02:00";23;null;null;null;null
"2019-10-02T13:16:18+02:00";null;23;34.8;35.2;17.3
"2019-10-02T13:16:47+02:00";23;null;null;null;null
"2019-10-02T13:16:48+02:00";null;23;34.8;35.2;17.4
"2019-10-02T13:17:17+02:00";23;null;null;null;null
"2019-10-02T13:17:18+02:00";null;23;34.8;35.3;17.4
"2019-10-02T13:17:47+02:00";23;null;null;null;null
"2019-10-02T13:17:48+02:00";null;23;34.8;35.3;17.4
"2019-10-02T13:18:17+02:00";23;null;null;null;null
"2019-10-02T13:18:18+02:00";null;22.9;34.8;35.2;17.4
"2019-10-02T13:18:47+02:00";23;null;null;null;null
"2019-10-02T13:18:48+02:00";null;23;34.9;35.2;17.4
"2019-10-02T13:19:17+02:00";23;null;null;null;null
"2019-10-02T13:19:18+02:00";null;23;34.9;35.2;17.4
"2019-10-02T13:19:47+02:00";23;null;null;null;null
"2019-10-02T13:19:48+02:00";null;23;34.9;35.3;17.3
"2019-10-02T13:20:17+02:00";23;null;null;null;null
"2019-10-02T13:20:18+02:00";null;23;34.8;35.2;17.3
"2019-10-02T13:20:47+02:00";23;null;null;null;null
"2019-10-02T13:20:48+02:00";null;23;34.8;35.3;17.3
"2019-10-02T13:21:17+02:00";23;null;null;null;null
"2019-10-02T13:21:18+02:00";null;23;34.8;35.3;17.3
"2019-10-02T13:21:47+02:00";23;null;null;null;null
"2019-10-02T13:21:48+02:00";null;23;34.8;35.3;17.3
"2019-10-02T13:22:17+02:00";23;null;null;null;null
"2019-10-02T13:22:18+02:00";null;23;34.8;35.3;17.3
"2019-10-02T13:22:47+02:00";23;null;null;null;null
"2019-10-02T13:22:48+02:00";null;22.9;34.8;35.3;17.3
"2019-10-02T13:23:17+02:00";23;null;null;null;null
"2019-10-02T13:23:18+02:00";null;23;34.8;35.3;17.3
"2019-10-02T13:23:47+02:00";23;null;null;null;null
"2019-10-02T13:23:48+02:00";null;22.9;34.9;35.3;17.3
"2019-10-02T13:24:17+02:00";23;null;null;null;null
"2019-10-02T13:24:18+02:00";null;22.9;35;35.4;17.3
"2019-10-02T13:24:47+02:00";23;null;null;null;null
"2019-10-02T13:24:48+02:00";null;23;35.1;35.5;17.3
"2019-10-02T13:25:17+02:00";23;null;null;null;null
"2019-10-02T13:25:18+02:00";null;23;35.2;35.7;17.3
"2019-10-02T13:25:47+02:00";23;null;null;null;null
"2019-10-02T13:25:48+02:00";null;22.9;35.3;35.8;17.3
"2019-10-02T13:26:17+02:00";23;null;null;null;null
"2019-10-02T13:26:18+02:00";null;23;35.4;35.8;17.3
"2019-10-02T13:26:47+02:00";23;null;null;null;null
"2019-10-02T13:26:48+02:00";null;22.9;35.4;35.8;17.3
"2019-10-02T13:27:17+02:00";23;null;null;null;null
"2019-10-02T13:27:18+02:00";null;23;35.5;36;17.3
"2019-10-02T13:27:47+02:00";23;null;null;null;null
"2019-10-02T13:27:48+02:00";null;23;35.6;36;17.3
"2019-10-02T13:28:17+02:00";23;null;null;null;null
"2019-10-02T13:28:18+02:00";null;22.9;35.6;36;17.3
"2019-10-02T13:28:47+02:00";23;null;null;null;null
"2019-10-02T13:28:48+02:00";null;23;35.7;36.1;17.3
"2019-10-02T13:29:17+02:00";23;null;null;null;null
"2019-10-02T13:29:18+02:00";null;23;35.7;36.1;17.3
"2019-10-02T13:29:47+02:00";23;null;null;null;null
"2019-10-02T13:29:48+02:00";null;22.9;35.7;36.2;17.4
"2019-10-02T13:30:17+02:00";23;null;null;null;null
"2019-10-02T13:30:18+02:00";null;22.9;35.7;36.2;17.3
"2019-10-02T13:30:47+02:00";23;null;null;null;null
"2019-10-02T13:30:48+02:00";null;23;35.8;36.3;17.3
"2019-10-02T13:31:17+02:00";23;null;null;null;null
"2019-10-02T13:31:18+02:00";null;23;35.8;36.3;17.4
"2019-10-02T13:31:47+02:00";23;null;null;null;null
"2019-10-02T13:31:48+02:00";null;23;35.7;36.4;17.4
"2019-10-02T13:32:17+02:00";23;null;null;null;null
"2019-10-02T13:32:18+02:00";null;23;35.8;36.4;17.4
"2019-10-02T13:32:47+02:00";23;null;null;null;null
"2019-10-02T13:32:48+02:00";null;23;35.8;36.3;17.4
"2019-10-02T13:33:17+02:00";23;null;null;null;null
"2019-10-02T13:33:18+02:00";null;23;35.8;36.3;17.5
"2019-10-02T13:33:47+02:00";23;null;null;null;null
"2019-10-02T13:33:48+02:00";null;23;35.8;36.4;17.4
"2019-10-02T13:34:17+02:00";23;null;null;null;null
"2019-10-02T13:34:18+02:00";null;23;35.9;36.4;17.4
"2019-10-02T13:34:47+02:00";23;null;null;null;null
"2019-10-02T13:34:48+02:00";null;23;35.9;36.4;17.4
"2019-10-02T13:35:17+02:00";23;null;null;null;null
"2019-10-02T13:35:18+02:00";null;23;35.9;36.5;17.4
"2019-10-02T13:35:47+02:00";23;null;null;null;null
"2019-10-02T13:35:48+02:00";null;22.9;35.9;36.5;17.4
"2019-10-02T13:36:17+02:00";23;null;null;null;null
"2019-10-02T13:36:18+02:00";null;23;36;36.5;17.4
"2019-10-02T13:36:47+02:00";23;null;null;null;null
"2019-10-02T13:36:48+02:00";null;23;36;36.5;17.4
"2019-10-02T13:37:17+02:00";23;null;null;null;null
"2019-10-02T13:37:18+02:00";null;23;36;36.5;17.4
"2019-10-02T13:37:47+02:00";23;null;null;null;null
"2019-10-02T13:37:48+02:00";null;23;36;36.5;17.4
"2019-10-02T13:38:17+02:00";23;null;null;null;null
"2019-10-02T13:38:18+02:00";null;22.9;36;36.5;17.4
"2019-10-02T13:38:47+02:00";23;null;null;null;null
"2019-10-02T13:38:48+02:00";null;22.9;36.1;36.6;17.4
"2019-10-02T13:39:17+02:00";23;null;null;null;null
"2019-10-02T13:39:18+02:00";null;23;36.1;36.6;17.4
"2019-10-02T13:39:47+02:00";23;null;null;null;null
"2019-10-02T13:39:48+02:00";null;23;36.1;36.6;17.4
"2019-10-02T13:40:17+02:00";23;null;null;null;null
"2019-10-02T13:40:18+02:00";null;23;36.1;36.6;17.4
"2019-10-02T13:40:47+02:00";23;null;null;null;null
"2019-10-02T13:40:48+02:00";null;23;36.1;36.6;17.4
"2019-10-02T13:41:17+02:00";23;null;null;null;null
"2019-10-02T13:41:18+02:00";null;23;36.1;36.5;17.4
"2019-10-02T13:41:47+02:00";23;null;null;null;null
"2019-10-02T13:41:48+02:00";null;23;36.1;36.6;17.4
"2019-10-02T13:42:17+02:00";23;null;null;null;null
"2019-10-02T13:42:18+02:00";null;22.9;36.1;36.6;17.4
"2019-10-02T13:42:47+02:00";23;null;null;null;null
"2019-10-02T13:42:48+02:00";null;22.9;36.1;36.6;17.4
"2019-10-02T13:43:17+02:00";23;null;null;null;null
"2019-10-02T13:43:18+02:00";null;23;36.1;36.6;17.4
"2019-10-02T13:43:47+02:00";23;null;null;null;null
"2019-10-02T13:43:48+02:00";null;22.9;36.1;36.6;17.4
"2019-10-02T13:44:17+02:00";23;null;null;null;null
"2019-10-02T13:44:18+02:00";null;23;36.2;36.6;17.4
"2019-10-02T13:44:47+02:00";23;null;null;null;null
"2019-10-02T13:44:48+02:00";null;22.9;36.3;36.6;17.4
"2019-10-02T13:45:17+02:00";23;null;null;null;null
"2019-10-02T13:45:18+02:00";null;22.9;36.2;36.7;17.4
"2019-10-02T13:45:47+02:00";23;null;null;null;null
"2019-10-02T13:45:48+02:00";null;23;36.2;36.6;17.4
"2019-10-02T13:46:17+02:00";23;null;null;null;null
"2019-10-02T13:46:18+02:00";null;22.9;36.2;36.7;17.4
"2019-10-02T13:46:47+02:00";23;null;null;null;null
"2019-10-02T13:46:48+02:00";null;23;36.3;36.7;17.3
"2019-10-02T13:47:17+02:00";23;null;null;null;null
"2019-10-02T13:47:18+02:00";null;23;36.1;36.6;17.4
"2019-10-02T13:47:47+02:00";23;null;null;null;null
"2019-10-02T13:47:48+02:00";null;22.9;36.2;36.7;17.4
"2019-10-02T13:48:17+02:00";23;null;null;null;null
"2019-10-02T13:48:18+02:00";null;23;36.3;36.7;17.4
"2019-10-02T13:48:47+02:00";23;null;null;null;null
"2019-10-02T13:48:48+02:00";null;23;36.2;36.7;17.4
"2019-10-02T13:49:17+02:00";23;null;null;null;null
"2019-10-02T13:49:18+02:00";null;22.9;36.3;36.7;17.4
"2019-10-02T13:49:47+02:00";23;null;null;null;null
"2019-10-02T13:49:48+02:00";null;23;36.2;36.7;17.4
"2019-10-02T13:50:17+02:00";23;null;null;null;null
"2019-10-02T13:50:18+02:00";null;23;36.1;36.7;17.4
"2019-10-02T13:50:47+02:00";23;null;null;null;null
"2019-10-02T13:50:48+02:00";null;22.9;36.2;36.7;17.5
"2019-10-02T13:51:17+02:00";23;null;null;null;null
"2019-10-02T13:51:18+02:00";null;22.9;36.3;36.8;17.5
"2019-10-02T13:51:47+02:00";23;null;null;null;null
"2019-10-02T13:51:48+02:00";null;23;36.3;36.7;17.4
"2019-10-02T13:52:17+02:00";23;null;null;null;null
"2019-10-02T13:52:18+02:00";null;23;36.3;36.8;17.4
"2019-10-02T13:52:47+02:00";23;null;null;null;null
"2019-10-02T13:52:48+02:00";null;23;36.3;36.7;17.4
"2019-10-02T13:53:17+02:00";23;null;null;null;null
"2019-10-02T13:53:18+02:00";null;22.9;36.2;36.7;17.4
"2019-10-02T13:53:47+02:00";23;null;null;null;null
"2019-10-02T13:53:48+02:00";null;22.9;36.3;36.7;17.4
"2019-10-02T13:54:17+02:00";23;null;null;null;null
"2019-10-02T13:54:18+02:00";null;23;36.3;36.8;17.4
"2019-10-02T13:54:47+02:00";23;null;null;null;null
"2019-10-02T13:54:48+02:00";null;23;36.2;36.8;17.4
"2019-10-02T13:55:17+02:00";23;null;null;null;null
"2019-10-02T13:55:18+02:00";null;22.9;36.3;36.8;17.4
"2019-10-02T13:55:47+02:00";23;null;null;null;null
"2019-10-02T13:55:48+02:00";null;23;36.4;36.8;17.4
"2019-10-02T13:56:17+02:00";23;null;null;null;null
"2019-10-02T13:56:18+02:00";null;23;36.3;36.9;17.4
"2019-10-02T13:56:47+02:00";23;null;null;null;null
"2019-10-02T13:56:48+02:00";null;22.9;36.2;36.8;17.4
"2019-10-02T13:57:17+02:00";23;null;null;null;null
"2019-10-02T13:57:18+02:00";null;22.9;36.3;36.7;17.4
"2019-10-02T13:57:47+02:00";23;null;null;null;null
"2019-10-02T13:57:48+02:00";null;23;36.4;36.8;17.4
"2019-10-02T13:58:17+02:00";23;null;null;null;null
"2019-10-02T13:58:18+02:00";null;22.9;36.3;36.7;17.4
"2019-10-02T13:58:47+02:00";23;null;null;null;null
"2019-10-02T13:58:48+02:00";null;22.9;36.4;36.7;17.4
"2019-10-02T13:59:17+02:00";23;null;null;null;null
"2019-10-02T13:59:18+02:00";null;22.9;36.4;36.7;17.3
"2019-10-02T13:59:47+02:00";23;null;null;null;null
"2019-10-02T13:59:48+02:00";null;22.9;36.5;36.7;17.3
"2019-10-02T14:00:17+02:00";23;null;null;null;null
"2019-10-02T14:00:18+02:00";null;23;36.5;36.7;17.3
"2019-10-02T14:00:47+02:00";23;null;null;null;null
"2019-10-02T14:00:48+02:00";null;22.9;36.4;36.7;17.3
"2019-10-02T14:01:17+02:00";23;null;null;null;null
"2019-10-02T14:01:18+02:00";null;23;36.5;36.7;17.3
"2019-10-02T14:01:47+02:00";23;null;null;null;null
"2019-10-02T14:01:48+02:00";null;23;36.4;36.8;17.4
"2019-10-02T14:02:17+02:00";23;null;null;null;null
"2019-10-02T14:02:18+02:00";null;22.9;36.4;36.7;17.4
"2019-10-02T14:02:47+02:00";23;null;null;null;null
"2019-10-02T14:02:48+02:00";null;23;36.5;36.8;17.4
"2019-10-02T14:03:17+02:00";23;null;null;null;null
"2019-10-02T14:03:18+02:00";null;23;36.4;36.8;17.4
"2019-10-02T14:03:47+02:00";23;null;null;null;null
"2019-10-02T14:03:48+02:00";null;23;36.4;36.8;17.4
"2019-10-02T14:04:17+02:00";23;null;null;null;null
"2019-10-02T14:04:18+02:00";null;23;36.4;36.8;17.4
"2019-10-02T14:04:47+02:00";23;null;null;null;null
"2019-10-02T14:04:48+02:00";null;23;36.4;36.8;17.4
"2019-10-02T14:05:17+02:00";23;null;null;null;null
"2019-10-02T14:05:18+02:00";null;23;36.3;36.8;17.5
"2019-10-02T14:05:47+02:00";23;null;null;null;null
"2019-10-02T14:05:48+02:00";null;22.9;36.3;36.8;17.5
"2019-10-02T14:06:17+02:00";23;null;null;null;null
"2019-10-02T14:06:18+02:00";null;23;36.3;36.8;17.5
"2019-10-02T14:06:47+02:00";23;null;null;null;null
"2019-10-02T14:06:48+02:00";null;23;36.4;36.8;17.5
"2019-10-02T14:07:17+02:00";23;null;null;null;null
"2019-10-02T14:07:18+02:00";null;22.9;36.3;36.8;17.5
"2019-10-02T14:07:47+02:00";23;null;null;null;null
"2019-10-02T14:07:48+02:00";null;23;36.4;36.7;17.5
"2019-10-02T14:08:17+02:00";23;null;null;null;null
"2019-10-02T14:08:18+02:00";null;23;36.4;36.8;17.4
"2019-10-02T14:08:47+02:00";23;null;null;null;null
"2019-10-02T14:08:48+02:00";null;22.9;36.4;36.7;17.4
"2019-10-02T14:09:17+02:00";23;null;null;null;null
"2019-10-02T14:09:18+02:00";null;23;36.5;36.8;17.4
"2019-10-02T14:09:47+02:00";23;null;null;null;null
"2019-10-02T14:09:48+02:00";null;23;36.3;36.7;17.5
"2019-10-02T14:10:17+02:00";23;null;null;null;null
"2019-10-02T14:10:18+02:00";null;22.9;36.4;36.8;17.4
"2019-10-02T14:10:47+02:00";23;null;null;null;null
"2019-10-02T14:10:48+02:00";null;23;36.4;36.8;17.4
"2019-10-02T14:11:17+02:00";23;null;null;null;null
"2019-10-02T14:11:18+02:00";null;23;36.4;36.8;17.4
"2019-10-02T14:11:47+02:00";23;null;null;null;null
"2019-10-02T14:11:48+02:00";null;23;36.4;36.8;17.5
"2019-10-02T14:12:17+02:00";23;null;null;null;null
"2019-10-02T14:12:18+02:00";null;22.9;36.3;36.8;17.5
"2019-10-02T14:12:47+02:00";23;null;null;null;null
"2019-10-02T14:12:48+02:00";null;22.9;36.5;36.8;17.5
"2019-10-02T14:13:17+02:00";23;null;null;null;null
"2019-10-02T14:13:18+02:00";null;23;36.5;36.8;17.4
"2019-10-02T14:13:47+02:00";23;null;null;null;null
"2019-10-02T14:13:48+02:00";null;23;36.5;36.9;17.4
"2019-10-02T14:14:17+02:00";23;null;null;null;null
"2019-10-02T14:14:18+02:00";null;23;36.5;36.8;17.4
"2019-10-02T14:14:47+02:00";23;null;null;null;null
"2019-10-02T14:14:48+02:00";null;23;36.4;36.8;17.5
"2019-10-02T14:15:17+02:00";23;null;null;null;null
"2019-10-02T14:15:18+02:00";null;23;36.4;36.8;17.5
"2019-10-02T14:15:47+02:00";23;null;null;null;null
"2019-10-02T14:15:48+02:00";null;22.9;36.4;36.8;17.5
"2019-10-02T14:16:17+02:00";23;null;null;null;null
"2019-10-02T14:16:18+02:00";null;23;36.5;36.9;17.5
"2019-10-02T14:16:47+02:00";23;null;null;null;null
"2019-10-02T14:16:48+02:00";null;23;36.5;36.9;17.5
"2019-10-02T14:17:17+02:00";23;null;null;null;null
"2019-10-02T14:17:18+02:00";null;23;36.4;36.8;17.5
"2019-10-02T14:17:47+02:00";23;null;null;null;null
"2019-10-02T14:17:48+02:00";null;22.9;36.5;36.8;17.5
"2019-10-02T14:18:17+02:00";23;null;null;null;null
"2019-10-02T14:18:18+02:00";null;23;36.5;36.8;17.5
"2019-10-02T14:18:47+02:00";23;null;null;null;null
"2019-10-02T14:18:48+02:00";null;22.9;36.4;36.8;17.5
"2019-10-02T14:19:17+02:00";23;null;null;null;null
"2019-10-02T14:19:18+02:00";null;22.9;36.6;36.8;17.5
"2019-10-02T14:19:47+02:00";23;null;null;null;null
"2019-10-02T14:19:48+02:00";null;23;36.5;36.8;17.5
"2019-10-02T14:20:17+02:00";23;null;null;null;null
"2019-10-02T14:20:18+02:00";null;23;36.4;36.9;17.5
"2019-10-02T14:20:47+02:00";23;null;null;null;null
"2019-10-02T14:20:48+02:00";null;23;36.5;36.9;17.4
"2019-10-02T14:21:17+02:00";23;null;null;null;null
"2019-10-02T14:21:18+02:00";null;23;36.4;36.9;17.5
"2019-10-02T14:21:47+02:00";23;null;null;null;null
"2019-10-02T14:21:48+02:00";null;22.9;36.5;36.8;17.5
"2019-10-02T14:22:17+02:00";23;null;null;null;null
"2019-10-02T14:22:18+02:00";null;23;36.5;36.9;17.5
"2019-10-02T14:22:47+02:00";23;null;null;null;null
"2019-10-02T14:22:48+02:00";null;23;36.5;36.8;17.4
"2019-10-02T14:23:17+02:00";23;null;null;null;null
"2019-10-02T14:23:18+02:00";null;22.9;36.3;36.6;17.5
"2019-10-02T14:23:47+02:00";23;null;null;null;null
"2019-10-02T14:23:48+02:00";null;22.9;36.4;36.6;17.4
"2019-10-02T14:24:17+02:00";23;null;null;null;null
"2019-10-02T14:24:18+02:00";null;22.9;36.4;36.6;17.4
"2019-10-02T14:24:47+02:00";23;null;null;null;null
"2019-10-02T14:24:48+02:00";null;22.9;36.4;36.6;17.4
"2019-10-02T14:25:17+02:00";23;null;null;null;null
"2019-10-02T14:25:18+02:00";null;23;36.5;36.7;17.4
"2019-10-02T14:25:47+02:00";23;null;null;null;null
"2019-10-02T14:25:48+02:00";null;22.9;36.5;36.7;17.3
"2019-10-02T14:26:17+02:00";23;null;null;null;null
"2019-10-02T14:26:18+02:00";null;22.9;36.6;36.7;17.3
"2019-10-02T14:26:47+02:00";23;null;null;null;null
"2019-10-02T14:26:48+02:00";null;23;36.6;36.8;17.3
"2019-10-02T14:27:17+02:00";23;null;null;null;null
"2019-10-02T14:27:18+02:00";null;23;36.5;36.8;17.3
"2019-10-02T14:27:47+02:00";23;null;null;null;null
"2019-10-02T14:27:48+02:00";null;22.9;36.1;36.5;17.4
"2019-10-02T14:28:17+02:00";23;null;null;null;null
"2019-10-02T14:28:18+02:00";null;23;35.4;35.8;17.3
"2019-10-02T14:28:47+02:00";23;null;null;null;null
"2019-10-02T14:28:48+02:00";null;23;34.4;34.9;17.3
"2019-10-02T14:29:17+02:00";23;null;null;null;null
"2019-10-02T14:29:18+02:00";null;22.9;33.4;34.1;17.3
"2019-10-02T14:29:47+02:00";23;null;null;null;null
"2019-10-02T14:29:48+02:00";null;22.9;32.6;33.3;17.3
"2019-10-02T14:30:17+02:00";23;null;null;null;null
"2019-10-02T14:30:18+02:00";null;22.9;31.8;32.4;17.1
"2019-10-02T14:30:47+02:00";23;null;null;null;null
"2019-10-02T14:30:48+02:00";null;22.8;31.2;31.6;17
"2019-10-02T14:31:17+02:00";23;null;null;null;null
"2019-10-02T14:31:18+02:00";null;22.8;30.8;31;16.8
"2019-10-02T14:31:47+02:00";23;null;null;null;null
"2019-10-02T14:31:48+02:00";null;22.8;30.4;30.7;16.7
"2019-10-02T14:32:17+02:00";23;null;null;null;null
"2019-10-02T14:32:18+02:00";null;22.8;30;30.3;16.5
"2019-10-02T14:32:47+02:00";23;null;null;null;null
"2019-10-02T14:32:48+02:00";null;22.7;29.7;29.9;16.4
"2019-10-02T14:33:17+02:00";23;null;null;null;null
"2019-10-02T14:33:18+02:00";null;22.7;29.4;29.5;16.3
"2019-10-02T14:33:47+02:00";23;null;null;null;null
"2019-10-02T14:33:48+02:00";null;22.6;29.2;29.3;16.2
"2019-10-02T14:34:17+02:00";23;null;null;null;null
"2019-10-02T14:34:18+02:00";null;22.6;29;29.1;16.1
"2019-10-02T14:34:47+02:00";23;null;null;null;null
"2019-10-02T14:34:48+02:00";null;22.6;28.7;28.8;16
"2019-10-02T14:35:17+02:00";23;null;null;null;null
"2019-10-02T14:35:18+02:00";null;22.6;28.5;28.6;15.9
"2019-10-02T14:35:47+02:00";23;null;null;null;null
"2019-10-02T14:35:48+02:00";null;22.7;28.4;28.5;15.8
"2019-10-02T14:36:17+02:00";23;null;null;null;null
"2019-10-02T14:36:18+02:00";null;22.8;28.3;28.3;15.8
"2019-10-02T14:36:47+02:00";23;null;null;null;null
"2019-10-02T14:36:48+02:00";null;22.8;28.1;28.2;15.8
"2019-10-02T14:37:17+02:00";23;null;null;null;null
"2019-10-02T14:37:18+02:00";null;22.7;28;28.1;15.8
"2019-10-02T14:37:47+02:00";23;null;null;null;null
"2019-10-02T14:37:48+02:00";null;22.8;27.9;27.9;15.8
"2019-10-02T14:38:17+02:00";23;null;null;null;null
"2019-10-02T14:38:18+02:00";null;22.8;27.8;27.9;15.8
"2019-10-02T14:38:47+02:00";23;null;null;null;null
"2019-10-02T14:38:48+02:00";null;22.9;27.7;27.8;15.8
"2019-10-02T14:39:17+02:00";23;null;null;null;null
"2019-10-02T14:39:18+02:00";null;22.8;27.6;27.6;15.9
"2019-10-02T14:39:47+02:00";23;null;null;null;null
"2019-10-02T14:39:48+02:00";null;22.8;27.6;27.6;15.9
"2019-10-02T14:40:17+02:00";23;null;null;null;null
"2019-10-02T14:40:18+02:00";null;22.9;27.5;27.5;15.9
"2019-10-02T14:40:47+02:00";23;null;null;null;null
"2019-10-02T14:40:48+02:00";null;22.9;27.4;27.4;15.9
"2019-10-02T14:41:17+02:00";23;null;null;null;null
"2019-10-02T14:41:18+02:00";null;22.9;27.3;27.3;16
"2019-10-02T14:41:47+02:00";23;null;null;null;null
"2019-10-02T14:41:48+02:00";null;22.8;27.3;27.3;16
"2019-10-02T14:42:17+02:00";23;null;null;null;null
"2019-10-02T14:42:18+02:00";null;22.8;27.3;27.3;16
"2019-10-02T14:42:47+02:00";23;null;null;null;null
"2019-10-02T14:42:48+02:00";null;22.9;27.2;27.2;16
"2019-10-02T14:43:17+02:00";23;null;null;null;null
"2019-10-02T14:43:18+02:00";null;22.9;27.1;27.1;16
"2019-10-02T14:43:47+02:00";23;null;null;null;null
"2019-10-02T14:43:48+02:00";null;22.8;27.1;27.1;16
"2019-10-02T14:44:17+02:00";23;null;null;null;null
"2019-10-02T14:44:18+02:00";null;22.9;27.1;27.1;16
"2019-10-02T14:44:47+02:00";23;null;null;null;null
"2019-10-02T14:44:48+02:00";null;23;27;27;16
"2019-10-02T14:45:17+02:00";23;null;null;null;null
"2019-10-02T14:45:18+02:00";null;23.1;27;27;16
"2019-10-02T14:45:47+02:00";23;null;null;null;null
"2019-10-02T14:45:48+02:00";null;23;26.9;27;16
"2019-10-02T14:46:17+02:00";23;null;null;null;null
"2019-10-02T14:46:18+02:00";null;23.1;26.8;26.8;16
"2019-10-02T14:46:47+02:00";23;null;null;null;null
"2019-10-02T14:46:48+02:00";null;23;26.8;26.8;16
"2019-10-02T14:47:17+02:00";23;null;null;null;null
"2019-10-02T14:47:18+02:00";null;23;26.7;26.7;16
"2019-10-02T14:47:47+02:00";23;null;null;null;null
"2019-10-02T14:47:48+02:00";null;23;26.7;26.7;16
"2019-10-02T14:48:17+02:00";23;null;null;null;null
"2019-10-02T14:48:18+02:00";null;23;26.6;26.6;16
"2019-10-02T14:48:47+02:00";23;null;null;null;null
"2019-10-02T14:48:48+02:00";null;23;26.6;26.6;16
"2019-10-02T14:49:17+02:00";23;null;null;null;null
"2019-10-02T14:49:18+02:00";null;23;26.6;26.6;16
"2019-10-02T14:49:47+02:00";23;null;null;null;null
"2019-10-02T14:49:48+02:00";null;23;26.5;26.5;16.1
"2019-10-02T14:50:17+02:00";23;null;null;null;null
"2019-10-02T14:50:18+02:00";null;23;26.5;26.5;16.1
"2019-10-02T14:50:47+02:00";23;null;null;null;null
"2019-10-02T14:50:48+02:00";null;23;26.4;26.5;16.1
"2019-10-02T14:51:17+02:00";23;null;null;null;null
"2019-10-02T14:51:18+02:00";null;22.9;26.4;26.4;16.1
"2019-10-02T14:51:47+02:00";23;null;null;null;null
"2019-10-02T14:51:48+02:00";null;23;26.3;26.4;16.1
"2019-10-02T14:52:17+02:00";23;null;null;null;null
"2019-10-02T14:52:18+02:00";null;23;26.3;26.3;16.1
"2019-10-02T14:52:47+02:00";23;null;null;null;null
"2019-10-02T14:52:48+02:00";null;23;26.2;26.3;16.1
"2019-10-02T14:53:17+02:00";23;null;null;null;null
"2019-10-02T14:53:18+02:00";null;23;26.2;26.3;16.1
"2019-10-02T14:53:47+02:00";23;null;null;null;null
"2019-10-02T14:53:48+02:00";null;23;26.2;26.3;16.1
"2019-10-02T14:54:17+02:00";23;null;null;null;null
"2019-10-02T14:54:18+02:00";null;23;26.1;26.2;16.1
"2019-10-02T14:54:47+02:00";23;null;null;null;null
"2019-10-02T14:54:48+02:00";null;23;26;26.2;16.2
"2019-10-02T14:55:17+02:00";23;null;null;null;null
"2019-10-02T14:55:18+02:00";null;22.9;26;26.1;16.1
"2019-10-02T14:55:47+02:00";23;null;null;null;null
"2019-10-02T14:55:48+02:00";null;22.9;26;26.1;16.1
"2019-10-02T14:56:17+02:00";23;null;null;null;null
"2019-10-02T14:56:18+02:00";null;23;25.9;26.1;16.2
"2019-10-02T14:56:47+02:00";23;null;null;null;null
"2019-10-02T14:56:48+02:00";null;22.9;25.9;26.1;16.2
"2019-10-02T14:57:17+02:00";23;null;null;null;null
"2019-10-02T14:57:18+02:00";null;23;25.9;26;16.1
"2019-10-02T14:57:47+02:00";23;null;null;null;null
"2019-10-02T14:57:48+02:00";null;23;25.8;26;16.2
"2019-10-02T14:58:17+02:00";23;null;null;null;null
"2019-10-02T14:58:18+02:00";null;22.9;25.8;26;16.1
"2019-10-02T14:58:47+02:00";23;null;null;null;null
"2019-10-02T14:58:48+02:00";null;22.9;25.8;26;16.1
"2019-10-02T14:59:17+02:00";23;null;null;null;null
"2019-10-02T14:59:18+02:00";null;22.9;25.7;25.9;16.2
"2019-10-02T14:59:47+02:00";23;null;null;null;null
"2019-10-02T14:59:48+02:00";null;22.9;25.8;26;16.1