"Time";"Thermal power (out)";"Electrical power (in)";"Electrical IT power"
"2019-10-02T09:00:03+02:00";27900;null;null
"2019-10-02T09:00:10+02:00";null;null;27558
"2019-10-02T09:00:29+02:00";null;29273;null
"2019-10-02T09:00:33+02:00";27900;null;null
"2019-10-02T09:00:40+02:00";null;null;27446
"2019-10-02T09:00:59+02:00";null;30266;null
"2019-10-02T09:01:03+02:00";28200.001;null;null
"2019-10-02T09:01:10+02:00";null;null;27328
"2019-10-02T09:01:29+02:00";null;29758;null
"2019-10-02T09:01:33+02:00";28000;null;null
"2019-10-02T09:01:40+02:00";null;null;27194
"2019-10-02T09:01:59+02:00";null;29961;null
"2019-10-02T09:02:03+02:00";27800.001;null;null
"2019-10-02T09:02:10+02:00";null;null;27045
"2019-10-02T09:02:29+02:00";null;30570;null
"2019-10-02T09:02:33+02:00";28000;null;null
"2019-10-02T09:02:40+02:00";null;null;27254
"2019-10-02T09:02:59+02:00";null;29527;null
"2019-10-02T09:03:03+02:00";28200.001;null;null
"2019-10-02T09:03:10+02:00";null;null;27781
"2019-10-02T09:03:29+02:00";null;30451;null
"2019-10-02T09:03:33+02:00";28000;null;null
"2019-10-02T09:03:40+02:00";null;null;27776
"2019-10-02T09:03:59+02:00";null;30482;null
"2019-10-02T09:04:03+02:00";28000;null;null
"2019-10-02T09:04:10+02:00";null;null;27627
"2019-10-02T09:04:29+02:00";null;30396;null
"2019-10-02T09:04:33+02:00";28200.001;null;null
"2019-10-02T09:04:40+02:00";null;null;27869
"2019-10-02T09:04:59+02:00";null;30277;null
"2019-10-02T09:05:03+02:00";28300.001;null;null
"2019-10-02T09:05:10+02:00";null;null;27699
"2019-10-02T09:05:29+02:00";null;29921;null
"2019-10-02T09:05:33+02:00";27900;null;null
"2019-10-02T09:05:40+02:00";null;null;27267
"2019-10-02T09:05:59+02:00";null;30456;null
"2019-10-02T09:06:03+02:00";27900;null;null
"2019-10-02T09:06:10+02:00";null;null;27420
"2019-10-02T09:06:29+02:00";null;30458;null
"2019-10-02T09:06:33+02:00";28000;null;null
"2019-10-02T09:06:40+02:00";null;null;27521
"2019-10-02T09:06:59+02:00";null;30477;null
"2019-10-02T09:07:03+02:00";28200.001;null;null
"2019-10-02T09:07:10+02:00";null;null;27458
"2019-10-02T09:07:29+02:00";null;30348;null
"2019-10-02T09:07:33+02:00";28200.001;null;null
"2019-10-02T09:07:40+02:00";null;null;27566
"2019-10-02T09:07:59+02:00";null;29817;null
"2019-10-02T09:08:03+02:00";27900;null;null
"2019-10-02T09:08:10+02:00";null;null;27507
"2019-10-02T09:08:29+02:00";null;30757;null
"2019-10-02T09:08:33+02:00";27700.001;null;null
"2019-10-02T09:08:40+02:00";null;null;27313
"2019-10-02T09:08:59+02:00";null;30076;null
"2019-10-02T09:09:03+02:00";28000;null;null
"2019-10-02T09:09:10+02:00";null;null;27417
"2019-10-02T09:09:29+02:00";null;28892;null
"2019-10-02T09:09:33+02:00";28100;null;null
"2019-10-02T09:09:40+02:00";null;null;27188
"2019-10-02T09:09:59+02:00";null;31068;null
"2019-10-02T09:10:03+02:00";28000;null;null
"2019-10-02T09:10:10+02:00";null;null;26968
"2019-10-02T09:10:29+02:00";null;30200;null
"2019-10-02T09:10:33+02:00";28000;null;null
"2019-10-02T09:10:40+02:00";null;null;27269
"2019-10-02T09:10:59+02:00";null;31032;null
"2019-10-02T09:11:03+02:00";28000;null;null
"2019-10-02T09:11:10+02:00";null;null;27532
"2019-10-02T09:11:29+02:00";null;29859;null
"2019-10-02T09:11:33+02:00";28200.001;null;null
"2019-10-02T09:11:40+02:00";null;null;27712
"2019-10-02T09:11:59+02:00";null;29957;null
"2019-10-02T09:12:03+02:00";27800.001;null;null
"2019-10-02T09:12:10+02:00";null;null;27698
"2019-10-02T09:12:29+02:00";null;29275;null
"2019-10-02T09:12:33+02:00";27800.001;null;null
"2019-10-02T09:12:40+02:00";null;null;27680
"2019-10-02T09:12:59+02:00";null;30069;null
"2019-10-02T09:13:03+02:00";28100;null;null
"2019-10-02T09:13:10+02:00";null;null;27683
"2019-10-02T09:13:29+02:00";null;28988;null
"2019-10-02T09:13:33+02:00";27700.001;null;null
"2019-10-02T09:13:40+02:00";null;null;27269
"2019-10-02T09:13:59+02:00";null;30110;null
"2019-10-02T09:14:03+02:00";27700.001;null;null
"2019-10-02T09:14:10+02:00";null;null;27070
"2019-10-02T09:14:29+02:00";null;29945;null
"2019-10-02T09:14:33+02:00";28100;null;null
"2019-10-02T09:14:40+02:00";null;null;27604
"2019-10-02T09:14:59+02:00";null;30095;null
"2019-10-02T09:15:03+02:00";27800.001;null;null
"2019-10-02T09:15:10+02:00";null;null;27856
"2019-10-02T09:15:29+02:00";null;31130;null
"2019-10-02T09:15:33+02:00";27800.001;null;null
"2019-10-02T09:15:40+02:00";null;null;27775
"2019-10-02T09:15:59+02:00";null;29016;null
"2019-10-02T09:16:03+02:00";27800.001;null;null
"2019-10-02T09:16:10+02:00";null;null;27676
"2019-10-02T09:16:29+02:00";null;29156;null
"2019-10-02T09:16:33+02:00";28000;null;null
"2019-10-02T09:16:40+02:00";null;null;27499
"2019-10-02T09:16:59+02:00";null;30608;null
"2019-10-02T09:17:03+02:00";27800.001;null;null
"2019-10-02T09:17:10+02:00";null;null;27463
"2019-10-02T09:17:29+02:00";null;29474;null
"2019-10-02T09:17:33+02:00";27900;null;null
"2019-10-02T09:17:40+02:00";null;null;27328
"2019-10-02T09:17:59+02:00";null;30191;null
"2019-10-02T09:18:03+02:00";28100;null;null
"2019-10-02T09:18:10+02:00";null;null;27516
"2019-10-02T09:18:29+02:00";null;28970;null
"2019-10-02T09:18:33+02:00";28100;null;null
"2019-10-02T09:18:40+02:00";null;null;28094
"2019-10-02T09:18:59+02:00";null;31035;null
"2019-10-02T09:19:03+02:00";27900;null;null
"2019-10-02T09:19:10+02:00";null;null;27873
"2019-10-02T09:19:29+02:00";null;31195;null
"2019-10-02T09:19:33+02:00";27800.001;null;null
"2019-10-02T09:19:40+02:00";null;null;27448
"2019-10-02T09:19:59+02:00";null;31085;null
"2019-10-02T09:20:03+02:00";27800.001;null;null
"2019-10-02T09:20:10+02:00";null;null;27458
"2019-10-02T09:20:29+02:00";null;29443;null
"2019-10-02T09:20:33+02:00";27900;null;null
"2019-10-02T09:20:40+02:00";null;null;27362
"2019-10-02T09:20:59+02:00";null;31360;null
"2019-10-02T09:21:03+02:00";27700.001;null;null
"2019-10-02T09:21:10+02:00";null;null;27440
"2019-10-02T09:21:29+02:00";null;30377;null
"2019-10-02T09:21:33+02:00";27700.001;null;null
"2019-10-02T09:21:40+02:00";null;null;27527
"2019-10-02T09:21:59+02:00";null;30506;null
"2019-10-02T09:22:03+02:00";27700.001;null;null
"2019-10-02T09:22:10+02:00";null;null;27445
"2019-10-02T09:22:29+02:00";null;30810;null
"2019-10-02T09:22:33+02:00";27800.001;null;null
"2019-10-02T09:22:40+02:00";null;null;27741
"2019-10-02T09:22:59+02:00";null;29718;null
"2019-10-02T09:23:03+02:00";27900;null;null
"2019-10-02T09:23:10+02:00";null;null;27616
"2019-10-02T09:23:29+02:00";null;29367;null
"2019-10-02T09:23:33+02:00";28200.001;null;null
"2019-10-02T09:23:40+02:00";null;null;27292
"2019-10-02T09:23:59+02:00";null;29998;null
"2019-10-02T09:24:03+02:00";28200.001;null;null
"2019-10-02T09:24:10+02:00";null;null;27168
"2019-10-02T09:24:29+02:00";null;30528;null
"2019-10-02T09:24:33+02:00";27800.001;null;null
"2019-10-02T09:24:40+02:00";null;null;27276
"2019-10-02T09:24:59+02:00";null;31359;null
"2019-10-02T09:25:03+02:00";27900;null;null
"2019-10-02T09:25:10+02:00";null;null;27701
"2019-10-02T09:25:29+02:00";null;30754;null
"2019-10-02T09:25:33+02:00";27900;null;null
"2019-10-02T09:25:40+02:00";null;null;27647
"2019-10-02T09:25:59+02:00";null;30110;null
"2019-10-02T09:26:03+02:00";27800.001;null;null
"2019-10-02T09:26:10+02:00";null;null;27374
"2019-10-02T09:26:29+02:00";null;29659;null
"2019-10-02T09:26:33+02:00";28000;null;null
"2019-10-02T09:26:40+02:00";null;null;27283
"2019-10-02T09:26:59+02:00";null;30325;null
"2019-10-02T09:27:03+02:00";28100;null;null
"2019-10-02T09:27:10+02:00";null;null;27683
"2019-10-02T09:27:29+02:00";null;30036;null
"2019-10-02T09:27:33+02:00";27900;null;null
"2019-10-02T09:27:40+02:00";null;null;27550
"2019-10-02T09:27:59+02:00";null;31174;null
"2019-10-02T09:28:03+02:00";28300.001;null;null
"2019-10-02T09:28:10+02:00";null;null;27180
"2019-10-02T09:28:29+02:00";null;29913;null
"2019-10-02T09:28:33+02:00";28100;null;null
"2019-10-02T09:28:40+02:00";null;null;27444
"2019-10-02T09:28:59+02:00";null;30694;null
"2019-10-02T09:29:03+02:00";28000;null;null
"2019-10-02T09:29:10+02:00";null;null;27568
"2019-10-02T09:29:29+02:00";null;30526;null
"2019-10-02T09:29:33+02:00";28200.001;null;null
"2019-10-02T09:29:40+02:00";null;null;27578
"2019-10-02T09:29:59+02:00";null;29978;null
"2019-10-02T09:30:03+02:00";28200.001;null;null
"2019-10-02T09:30:10+02:00";null;null;27771
"2019-10-02T09:30:29+02:00";null;30918;null
"2019-10-02T09:30:33+02:00";27800.001;null;null
"2019-10-02T09:30:40+02:00";null;null;27733
"2019-10-02T09:30:59+02:00";null;30182;null
"2019-10-02T09:31:03+02:00";28100;null;null
"2019-10-02T09:31:10+02:00";null;null;27352
"2019-10-02T09:31:29+02:00";null;31004;null
"2019-10-02T09:31:33+02:00";28000;null;null
"2019-10-02T09:31:40+02:00";null;null;27115
"2019-10-02T09:31:59+02:00";null;29954;null
"2019-10-02T09:32:03+02:00";28200.001;null;null
"2019-10-02T09:32:10+02:00";null;null;27242
"2019-10-02T09:32:29+02:00";null;30127;null
"2019-10-02T09:32:33+02:00";28200.001;null;null
"2019-10-02T09:32:40+02:00";null;null;27468
"2019-10-02T09:32:59+02:00";null;31316;null
"2019-10-02T09:33:03+02:00";27900;null;null
"2019-10-02T09:33:10+02:00";null;null;27610
"2019-10-02T09:33:29+02:00";null;29468;null
"2019-10-02T09:33:33+02:00";28100;null;null
"2019-10-02T09:33:40+02:00";null;null;27419
"2019-10-02T09:33:59+02:00";null;29983;null
"2019-10-02T09:34:03+02:00";28000;null;null
"2019-10-02T09:34:10+02:00";null;null;27289
"2019-10-02T09:34:29+02:00";null;31137;null
"2019-10-02T09:34:33+02:00";28000;null;null
"2019-10-02T09:34:40+02:00";null;null;27400
"2019-10-02T09:34:59+02:00";null;30120;null
"2019-10-02T09:35:03+02:00";27800.001;null;null
"2019-10-02T09:35:10+02:00";null;null;27487
"2019-10-02T09:35:29+02:00";null;30234;null
"2019-10-02T09:35:33+02:00";27900;null;null
"2019-10-02T09:35:40+02:00";null;null;27530
"2019-10-02T09:35:59+02:00";null;30705;null
"2019-10-02T09:36:03+02:00";1800;null;null
"2019-10-02T09:36:10+02:00";null;null;26928
"2019-10-02T09:36:29+02:00";null;30070;null
"2019-10-02T09:36:33+02:00";0;null;null
"2019-10-02T09:36:40+02:00";null;null;26939
"2019-10-02T09:36:59+02:00";null;31044;null
"2019-10-02T09:37:03+02:00";47900.002;null;null
"2019-10-02T09:37:10+02:00";null;null;27494
"2019-10-02T09:37:29+02:00";null;29116;null
"2019-10-02T09:37:33+02:00";54299.999;null;null
"2019-10-02T09:37:40+02:00";null;null;27302
"2019-10-02T09:37:59+02:00";null;30638;null
"2019-10-02T09:38:03+02:00";49900.002;null;null
"2019-10-02T09:38:10+02:00";null;null;27455
"2019-10-02T09:38:29+02:00";null;29281;null
"2019-10-02T09:38:33+02:00";45900.002;null;null
"2019-10-02T09:38:40+02:00";null;null;27775
"2019-10-02T09:38:59+02:00";null;30822;null
"2019-10-02T09:39:03+02:00";44799.999;null;null
"2019-10-02T09:39:10+02:00";null;null;27394
"2019-10-02T09:39:29+02:00";null;30496;null
"2019-10-02T09:39:33+02:00";43200.001;null;null
"2019-10-02T09:39:40+02:00";null;null;27256
"2019-10-02T09:39:59+02:00";null;29315;null
"2019-10-02T09:40:03+02:00";40799.999;null;null
"2019-10-02T09:40:10+02:00";null;null;27241
"2019-10-02T09:40:29+02:00";null;29243;null
"2019-10-02T09:40:33+02:00";38400.002;null;null
"2019-10-02T09:40:40+02:00";null;null;34107
"2019-10-02T09:40:59+02:00";null;63279;null
"2019-10-02T09:41:03+02:00";37600.002;null;null
"2019-10-02T09:41:10+02:00";null;null;56791
"2019-10-02T09:41:29+02:00";null;64194;null
"2019-10-02T09:41:33+02:00";36000;null;null
"2019-10-02T09:41:40+02:00";null;null;61857
"2019-10-02T09:41:59+02:00";null;62875;null
"2019-10-02T09:42:03+02:00";34900.002;null;null
"2019-10-02T09:42:10+02:00";null;null;61481
"2019-10-02T09:42:29+02:00";null;65385;null
"2019-10-02T09:42:33+02:00";34500;null;null
"2019-10-02T09:42:40+02:00";null;null;61163
"2019-10-02T09:42:59+02:00";null;64497;null
"2019-10-02T09:43:03+02:00";34400.002;null;null
"2019-10-02T09:43:10+02:00";null;null;61544
"2019-10-02T09:43:29+02:00";null;63946;null
"2019-10-02T09:43:33+02:00";35100.002;null;null
"2019-10-02T09:43:40+02:00";null;null;61416
"2019-10-02T09:43:59+02:00";null;64609;null
"2019-10-02T09:44:03+02:00";36600.002;null;null
"2019-10-02T09:44:10+02:00";null;null;61541
"2019-10-02T09:44:29+02:00";null;64334;null
"2019-10-02T09:44:33+02:00";37400.002;null;null
"2019-10-02T09:44:40+02:00";null;null;61953
"2019-10-02T09:44:59+02:00";null;64834;null
"2019-10-02T09:45:03+02:00";38500;null;null
"2019-10-02T09:45:10+02:00";null;null;60976
"2019-10-02T09:45:29+02:00";null;63356;null
"2019-10-02T09:45:33+02:00";39000;null;null
"2019-10-02T09:45:40+02:00";null;null;60753
"2019-10-02T09:45:59+02:00";null;64621;null
"2019-10-02T09:46:03+02:00";39900.002;null;null
"2019-10-02T09:46:10+02:00";null;null;61671
"2019-10-02T09:46:29+02:00";null;65335;null
"2019-10-02T09:46:33+02:00";40400.002;null;null
"2019-10-02T09:46:40+02:00";null;null;61668
"2019-10-02T09:46:59+02:00";null;65197;null
"2019-10-02T09:47:03+02:00";42000;null;null
"2019-10-02T09:47:10+02:00";null;null;61809
"2019-10-02T09:47:29+02:00";null;64435;null
"2019-10-02T09:47:33+02:00";42400.002;null;null
"2019-10-02T09:47:40+02:00";null;null;61377
"2019-10-02T09:47:59+02:00";null;65131;null
"2019-10-02T09:48:03+02:00";43900.002;null;null
"2019-10-02T09:48:10+02:00";null;null;60534
"2019-10-02T09:48:29+02:00";null;64929;null
"2019-10-02T09:48:33+02:00";45700.001;null;null
"2019-10-02T09:48:40+02:00";null;null;60923
"2019-10-02T09:48:59+02:00";null;64507;null
"2019-10-02T09:49:03+02:00";45900.002;null;null
"2019-10-02T09:49:10+02:00";null;null;61981
"2019-10-02T09:49:29+02:00";null;64167;null
"2019-10-02T09:49:33+02:00";45700.001;null;null
"2019-10-02T09:49:40+02:00";null;null;62306
"2019-10-02T09:49:59+02:00";null;65169;null
"2019-10-02T09:50:03+02:00";46900.002;null;null
"2019-10-02T09:50:10+02:00";null;null;62329
"2019-10-02T09:50:29+02:00";null;64942;null
"2019-10-02T09:50:33+02:00";49400.002;null;null
"2019-10-02T09:50:40+02:00";null;null;62155
"2019-10-02T09:50:59+02:00";null;64120;null
"2019-10-02T09:51:03+02:00";49299.999;null;null
"2019-10-02T09:51:10+02:00";null;null;61948
"2019-10-02T09:51:29+02:00";null;63914;null
"2019-10-02T09:51:33+02:00";49900.002;null;null
"2019-10-02T09:51:40+02:00";null;null;62112
"2019-10-02T09:51:59+02:00";null;64229;null
"2019-10-02T09:52:03+02:00";50600.002;null;null
"2019-10-02T09:52:10+02:00";null;null;61974
"2019-10-02T09:52:29+02:00";null;63374;null
"2019-10-02T09:52:33+02:00";52000;null;null
"2019-10-02T09:52:40+02:00";null;null;62233
"2019-10-02T09:52:59+02:00";null;64224;null
"2019-10-02T09:53:03+02:00";53299.999;null;null
"2019-10-02T09:53:10+02:00";null;null;62022
"2019-10-02T09:53:29+02:00";null;64105;null
"2019-10-02T09:53:33+02:00";53500;null;null
"2019-10-02T09:53:40+02:00";null;null;61820
"2019-10-02T09:53:59+02:00";null;64562;null
"2019-10-02T09:54:03+02:00";53000;null;null
"2019-10-02T09:54:10+02:00";null;null;62013
"2019-10-02T09:54:29+02:00";null;64794;null
"2019-10-02T09:54:33+02:00";53299.999;null;null
"2019-10-02T09:54:40+02:00";null;null;61476
"2019-10-02T09:54:59+02:00";null;65067;null
"2019-10-02T09:55:03+02:00";54000;null;null
"2019-10-02T09:55:10+02:00";null;null;61641
"2019-10-02T09:55:29+02:00";null;64271;null
"2019-10-02T09:55:33+02:00";55299.999;null;null
"2019-10-02T09:55:40+02:00";null;null;62366
"2019-10-02T09:55:59+02:00";null;64176;null
"2019-10-02T09:56:03+02:00";55299.999;null;null
"2019-10-02T09:56:10+02:00";null;null;62248
"2019-10-02T09:56:29+02:00";null;64092;null
"2019-10-02T09:56:33+02:00";55799.999;null;null
"2019-10-02T09:56:40+02:00";null;null;62034
"2019-10-02T09:56:59+02:00";null;66419;null
"2019-10-02T09:57:03+02:00";55900.002;null;null
"2019-10-02T09:57:10+02:00";null;null;61952
"2019-10-02T09:57:29+02:00";null;64151;null
"2019-10-02T09:57:33+02:00";55900.002;null;null
"2019-10-02T09:57:40+02:00";null;null;62013
"2019-10-02T09:57:59+02:00";null;64538;null
"2019-10-02T09:58:03+02:00";56700.001;null;null
"2019-10-02T09:58:10+02:00";null;null;61815
"2019-10-02T09:58:29+02:00";null;64496;null
"2019-10-02T09:58:33+02:00";56600.002;null;null
"2019-10-02T09:58:40+02:00";null;null;61862
"2019-10-02T09:58:59+02:00";null;64908;null
"2019-10-02T09:59:03+02:00";56500;null;null
"2019-10-02T09:59:10+02:00";null;null;61167
"2019-10-02T09:59:29+02:00";null;64451;null
"2019-10-02T09:59:33+02:00";56900.002;null;null
"2019-10-02T09:59:40+02:00";null;null;60656
"2019-10-02T09:59:59+02:00";null;64993;null
"2019-10-02T10:00:03+02:00";57299.999;null;null
"2019-10-02T10:00:10+02:00";null;null;61513
"2019-10-02T10:00:29+02:00";null;63544;null
"2019-10-02T10:00:33+02:00";57400.002;null;null
"2019-10-02T10:00:40+02:00";null;null;61585
"2019-10-02T10:00:59+02:00";null;65538;null
"2019-10-02T10:01:03+02:00";57600.002;null;null
"2019-10-02T10:01:10+02:00";null;null;61126
"2019-10-02T10:01:29+02:00";null;65613;null
"2019-10-02T10:01:33+02:00";57600.002;null;null
"2019-10-02T10:01:40+02:00";null;null;61532
"2019-10-02T10:01:59+02:00";null;65322;null
"2019-10-02T10:02:03+02:00";57600.002;null;null
"2019-10-02T10:02:10+02:00";null;null;61021
"2019-10-02T10:02:29+02:00";null;66112;null
"2019-10-02T10:02:33+02:00";58100.002;null;null
"2019-10-02T10:02:40+02:00";null;null;60974
"2019-10-02T10:02:59+02:00";null;64940;null
"2019-10-02T10:03:03+02:00";58100.002;null;null
"2019-10-02T10:03:10+02:00";null;null;62117
"2019-10-02T10:03:29+02:00";null;64287;null
"2019-10-02T10:03:33+02:00";58100.002;null;null
"2019-10-02T10:03:40+02:00";null;null;62709
"2019-10-02T10:03:59+02:00";null;65143;null
"2019-10-02T10:04:03+02:00";58299.999;null;null
"2019-10-02T10:04:10+02:00";null;null;62545
"2019-10-02T10:04:29+02:00";null;65645;null
"2019-10-02T10:04:33+02:00";58100.002;null;null
"2019-10-02T10:04:40+02:00";null;null;61925
"2019-10-02T10:04:59+02:00";null;63220;null
"2019-10-02T10:05:03+02:00";58299.999;null;null
"2019-10-02T10:05:10+02:00";null;null;62821
"2019-10-02T10:05:29+02:00";null;66154;null
"2019-10-02T10:05:33+02:00";58200.001;null;null
"2019-10-02T10:05:40+02:00";null;null;62893
"2019-10-02T10:05:59+02:00";null;64782;null
"2019-10-02T10:06:03+02:00";58500;null;null
"2019-10-02T10:06:10+02:00";null;null;61858
"2019-10-02T10:06:29+02:00";null;64850;null
"2019-10-02T10:06:33+02:00";58400.002;null;null
"2019-10-02T10:06:40+02:00";null;null;61586
"2019-10-02T10:06:59+02:00";null;65068;null
"2019-10-02T10:07:03+02:00";58400.002;null;null
"2019-10-02T10:07:10+02:00";null;null;61471
"2019-10-02T10:07:29+02:00";null;65324;null
"2019-10-02T10:07:33+02:00";58799.999;null;null
"2019-10-02T10:07:40+02:00";null;null;61423
"2019-10-02T10:07:59+02:00";null;65025;null
"2019-10-02T10:08:03+02:00";58500;null;null
"2019-10-02T10:08:10+02:00";null;null;61412
"2019-10-02T10:08:29+02:00";null;65540;null
"2019-10-02T10:08:33+02:00";58900.002;null;null
"2019-10-02T10:08:40+02:00";null;null;60987
"2019-10-02T10:08:59+02:00";null;65557;null
"2019-10-02T10:09:03+02:00";58700.001;null;null
"2019-10-02T10:09:10+02:00";null;null;61034
"2019-10-02T10:09:29+02:00";null;65895;null
"2019-10-02T10:09:33+02:00";58799.999;null;null
"2019-10-02T10:09:40+02:00";null;null;61647
"2019-10-02T10:09:59+02:00";null;64672;null
"2019-10-02T10:10:03+02:00";59200.001;null;null
"2019-10-02T10:10:10+02:00";null;null;61822
"2019-10-02T10:10:29+02:00";null;64607;null
"2019-10-02T10:10:33+02:00";58900.002;null;null
"2019-10-02T10:10:40+02:00";null;null;62182
"2019-10-02T10:10:59+02:00";null;63533;null
"2019-10-02T10:11:03+02:00";59200.001;null;null
"2019-10-02T10:11:10+02:00";null;null;62252
"2019-10-02T10:11:29+02:00";null;64189;null
"2019-10-02T10:11:33+02:00";59500;null;null
"2019-10-02T10:11:40+02:00";null;null;61555
"2019-10-02T10:11:59+02:00";null;63329;null
"2019-10-02T10:12:03+02:00";58900.002;null;null
"2019-10-02T10:12:10+02:00";null;null;61364
"2019-10-02T10:12:29+02:00";null;65704;null
"2019-10-02T10:12:33+02:00";59200.001;null;null
"2019-10-02T10:12:40+02:00";null;null;61549
"2019-10-02T10:12:59+02:00";null;64859;null
"2019-10-02T10:13:03+02:00";59500;null;null
"2019-10-02T10:13:10+02:00";null;null;61936
"2019-10-02T10:13:29+02:00";null;67300;null
"2019-10-02T10:13:33+02:00";59200.001;null;null
"2019-10-02T10:13:40+02:00";null;null;62305
"2019-10-02T10:13:59+02:00";null;64229;null
"2019-10-02T10:14:03+02:00";59500;null;null
"2019-10-02T10:14:10+02:00";null;null;61971
"2019-10-02T10:14:29+02:00";null;65697;null
"2019-10-02T10:14:33+02:00";59200.001;null;null
"2019-10-02T10:14:40+02:00";null;null;61493
"2019-10-02T10:14:59+02:00";null;64916;null
"2019-10-02T10:15:03+02:00";59500;null;null
"2019-10-02T10:15:10+02:00";null;null;61921
"2019-10-02T10:15:29+02:00";null;64212;null
"2019-10-02T10:15:33+02:00";58900.002;null;null
"2019-10-02T10:15:40+02:00";null;null;62159
"2019-10-02T10:15:59+02:00";null;65239;null
"2019-10-02T10:16:03+02:00";59200.001;null;null
"2019-10-02T10:16:10+02:00";null;null;61860
"2019-10-02T10:16:29+02:00";null;64275;null
"2019-10-02T10:16:33+02:00";59600.002;null;null
"2019-10-02T10:16:40+02:00";null;null;61703
"2019-10-02T10:16:59+02:00";null;66132;null
"2019-10-02T10:17:03+02:00";59700.001;null;null
"2019-10-02T10:17:10+02:00";null;null;61351
"2019-10-02T10:17:29+02:00";null;65730;null
"2019-10-02T10:17:33+02:00";59900.002;null;null
"2019-10-02T10:17:40+02:00";null;null;61515
"2019-10-02T10:17:59+02:00";null;64868;null
"2019-10-02T10:18:03+02:00";59400.002;null;null
"2019-10-02T10:18:10+02:00";null;null;61518
"2019-10-02T10:18:29+02:00";null;65011;null
"2019-10-02T10:18:33+02:00";59400.002;null;null
"2019-10-02T10:18:40+02:00";null;null;61407
"2019-10-02T10:18:59+02:00";null;65343;null
"2019-10-02T10:19:03+02:00";59500;null;null
"2019-10-02T10:19:10+02:00";null;null;61578
"2019-10-02T10:19:29+02:00";null;65791;null
"2019-10-02T10:19:33+02:00";59500;null;null
"2019-10-02T10:19:40+02:00";null;null;61760
"2019-10-02T10:19:59+02:00";null;64533;null
"2019-10-02T10:20:03+02:00";59799.999;null;null
"2019-10-02T10:20:10+02:00";null;null;61544
"2019-10-02T10:20:29+02:00";null;65739;null
"2019-10-02T10:20:33+02:00";59400.002;null;null
"2019-10-02T10:20:40+02:00";null;null;61366
"2019-10-02T10:20:59+02:00";null;64999;null
"2019-10-02T10:21:03+02:00";59400.002;null;null
"2019-10-02T10:21:10+02:00";null;null;61404
"2019-10-02T10:21:29+02:00";null;65775;null
"2019-10-02T10:21:33+02:00";59500;null;null
"2019-10-02T10:21:40+02:00";null;null;61622
"2019-10-02T10:21:59+02:00";null;66013;null
"2019-10-02T10:22:03+02:00";59500;null;null
"2019-10-02T10:22:10+02:00";null;null;61810
"2019-10-02T10:22:29+02:00";null;64716;null
"2019-10-02T10:22:33+02:00";59799.999;null;null
"2019-10-02T10:22:40+02:00";null;null;61401
"2019-10-02T10:22:59+02:00";null;65226;null
"2019-10-02T10:23:03+02:00";59700.001;null;null
"2019-10-02T10:23:10+02:00";null;null;61388
"2019-10-02T10:23:29+02:00";null;64072;null
"2019-10-02T10:23:33+02:00";59700.001;null;null
"2019-10-02T10:23:40+02:00";null;null;61980
"2019-10-02T10:23:59+02:00";null;64418;null
"2019-10-02T10:24:03+02:00";59900.002;null;null
"2019-10-02T10:24:10+02:00";null;null;62349
"2019-10-02T10:24:29+02:00";null;65014;null
"2019-10-02T10:24:33+02:00";59500;null;null
"2019-10-02T10:24:40+02:00";null;null;62591
"2019-10-02T10:24:59+02:00";null;64551;null
"2019-10-02T10:25:03+02:00";59500;null;null
"2019-10-02T10:25:10+02:00";null;null;62129
"2019-10-02T10:25:29+02:00";null;64583;null
"2019-10-02T10:25:33+02:00";59600.002;null;null
"2019-10-02T10:25:40+02:00";null;null;61623
"2019-10-02T10:25:59+02:00";null;64508;null
"2019-10-02T10:26:03+02:00";59000;null;null
"2019-10-02T10:26:10+02:00";null;null;60860
"2019-10-02T10:26:29+02:00";null;64155;null
"2019-10-02T10:26:33+02:00";58799.999;null;null
"2019-10-02T10:26:40+02:00";null;null;61040
"2019-10-02T10:26:59+02:00";null;64069;null
"2019-10-02T10:27:03+02:00";59500;null;null
"2019-10-02T10:27:10+02:00";null;null;61884
"2019-10-02T10:27:29+02:00";null;63763;null
"2019-10-02T10:27:33+02:00";58799.999;null;null
"2019-10-02T10:27:40+02:00";null;null;61696
"2019-10-02T10:27:59+02:00";null;64731;null
"2019-10-02T10:28:03+02:00";58900.002;null;null
"2019-10-02T10:28:10+02:00";null;null;61438
"2019-10-02T10:28:29+02:00";null;64231;null
"2019-10-02T10:28:33+02:00";60200.001;null;null
"2019-10-02T10:28:40+02:00";null;null;61388
"2019-10-02T10:28:59+02:00";null;63823;null
"2019-10-02T10:29:03+02:00";60200.001;null;null
"2019-10-02T10:29:10+02:00";null;null;61488
"2019-10-02T10:29:29+02:00";null;64588;null
"2019-10-02T10:29:33+02:00";60100.002;null;null
"2019-10-02T10:29:40+02:00";null;null;61824
"2019-10-02T10:29:59+02:00";null;65777;null
"2019-10-02T10:30:03+02:00";60100.002;null;null
"2019-10-02T10:30:10+02:00";null;null;61806
"2019-10-02T10:30:29+02:00";null;64200;null
"2019-10-02T10:30:33+02:00";60600.002;null;null
"2019-10-02T10:30:40+02:00";null;null;61562
"2019-10-02T10:30:59+02:00";null;63962;null
"2019-10-02T10:31:03+02:00";60100.002;null;null
"2019-10-02T10:31:10+02:00";null;null;61672
"2019-10-02T10:31:29+02:00";null;64800;null
"2019-10-02T10:31:33+02:00";60100.002;null;null
"2019-10-02T10:31:40+02:00";null;null;61510
"2019-10-02T10:31:59+02:00";null;66063;null
"2019-10-02T10:32:03+02:00";60200.001;null;null
"2019-10-02T10:32:10+02:00";null;null;61236
"2019-10-02T10:32:29+02:00";null;64354;null
"2019-10-02T10:32:33+02:00";60400.002;null;null
"2019-10-02T10:32:40+02:00";null;null;61873
"2019-10-02T10:32:59+02:00";null;64157;null
"2019-10-02T10:33:03+02:00";60600.002;null;null
"2019-10-02T10:33:10+02:00";null;null;62481
"2019-10-02T10:33:29+02:00";null;64158;null
"2019-10-02T10:33:33+02:00";60400.002;null;null
"2019-10-02T10:33:40+02:00";null;null;62852
"2019-10-02T10:33:59+02:00";null;64946;null
"2019-10-02T10:34:03+02:00";60600.002;null;null
"2019-10-02T10:34:10+02:00";null;null;62142
"2019-10-02T10:34:29+02:00";null;63015;null
"2019-10-02T10:34:33+02:00";60799.999;null;null
"2019-10-02T10:34:40+02:00";null;null;61456
"2019-10-02T10:34:59+02:00";null;64940;null
"2019-10-02T10:35:03+02:00";61100.002;null;null
"2019-10-02T10:35:10+02:00";null;null;62090
"2019-10-02T10:35:29+02:00";null;65490;null
"2019-10-02T10:35:33+02:00";61100.002;null;null
"2019-10-02T10:35:40+02:00";null;null;62351
"2019-10-02T10:35:59+02:00";null;64654;null
"2019-10-02T10:36:03+02:00";61100.002;null;null
"2019-10-02T10:36:10+02:00";null;null;61895
"2019-10-02T10:36:29+02:00";null;64673;null
"2019-10-02T10:36:33+02:00";60500;null;null
"2019-10-02T10:36:40+02:00";null;null;61448
"2019-10-02T10:36:59+02:00";null;65426;null
"2019-10-02T10:37:03+02:00";61100.002;null;null
"2019-10-02T10:37:10+02:00";null;null;61867
"2019-10-02T10:37:29+02:00";null;63610;null
"2019-10-02T10:37:33+02:00";60799.999;null;null
"2019-10-02T10:37:40+02:00";null;null;61783
"2019-10-02T10:37:59+02:00";null;64572;null
"2019-10-02T10:38:03+02:00";60900.002;null;null
"2019-10-02T10:38:10+02:00";null;null;60776
"2019-10-02T10:38:29+02:00";null;65621;null
"2019-10-02T10:38:33+02:00";60700.001;null;null
"2019-10-02T10:38:40+02:00";null;null;61069
"2019-10-02T10:38:59+02:00";null;64258;null
"2019-10-02T10:39:03+02:00";60900.002;null;null
"2019-10-02T10:39:10+02:00";null;null;61515
"2019-10-02T10:39:29+02:00";null;64818;null
"2019-10-02T10:39:33+02:00";60700.001;null;null
"2019-10-02T10:39:40+02:00";null;null;61645
"2019-10-02T10:39:59+02:00";null;64954;null
"2019-10-02T10:40:03+02:00";60799.999;null;null
"2019-10-02T10:40:10+02:00";null;null;61729
"2019-10-02T10:40:29+02:00";null;65108;null
"2019-10-02T10:40:33+02:00";60900.002;null;null
"2019-10-02T10:40:40+02:00";null;null;61715
"2019-10-02T10:40:59+02:00";null;65590;null
"2019-10-02T10:41:03+02:00";61100.002;null;null
"2019-10-02T10:41:10+02:00";null;null;61322
"2019-10-02T10:41:29+02:00";null;65553;null
"2019-10-02T10:41:33+02:00";60799.999;null;null
"2019-10-02T10:41:40+02:00";null;null;61179
"2019-10-02T10:41:59+02:00";null;64553;null
"2019-10-02T10:42:03+02:00";61200.001;null;null
"2019-10-02T10:42:10+02:00";null;null;61612
"2019-10-02T10:42:29+02:00";null;64424;null
"2019-10-02T10:42:33+02:00";60900.002;null;null
"2019-10-02T10:42:40+02:00";null;null;61868
"2019-10-02T10:42:59+02:00";null;64438;null
"2019-10-02T10:43:03+02:00";61500;null;null
"2019-10-02T10:43:10+02:00";null;null;62048
"2019-10-02T10:43:29+02:00";null;64531;null
"2019-10-02T10:43:33+02:00";61000;null;null
"2019-10-02T10:43:40+02:00";null;null;62101
"2019-10-02T10:43:59+02:00";null;64992;null
"2019-10-02T10:44:03+02:00";61000;null;null
"2019-10-02T10:44:10+02:00";null;null;61165
"2019-10-02T10:44:29+02:00";null;64861;null
"2019-10-02T10:44:33+02:00";61100.002;null;null
"2019-10-02T10:44:40+02:00";null;null;60984
"2019-10-02T10:44:59+02:00";null;64821;null
"2019-10-02T10:45:03+02:00";61000;null;null
"2019-10-02T10:45:10+02:00";null;null;62129
"2019-10-02T10:45:29+02:00";null;64618;null
"2019-10-02T10:45:33+02:00";61000;null;null
"2019-10-02T10:45:40+02:00";null;null;65205
"2019-10-02T10:45:59+02:00";null;73723;null
"2019-10-02T10:46:03+02:00";61400.002;null;null
"2019-10-02T10:46:10+02:00";null;null;74561
"2019-10-02T10:46:29+02:00";null;81562;null
"2019-10-02T10:46:33+02:00";61400.002;null;null
"2019-10-02T10:46:40+02:00";null;null;77132
"2019-10-02T10:46:59+02:00";null;81954;null
"2019-10-02T10:47:03+02:00";61500;null;null
"2019-10-02T10:47:10+02:00";null;null;78572
"2019-10-02T10:47:29+02:00";null;82906;null
"2019-10-02T10:47:33+02:00";61799.999;null;null
"2019-10-02T10:47:40+02:00";null;null;78924
"2019-10-02T10:47:59+02:00";null;83387;null
"2019-10-02T10:48:03+02:00";62000;null;null
"2019-10-02T10:48:10+02:00";null;null;78941
"2019-10-02T10:48:29+02:00";null;82519;null
"2019-10-02T10:48:33+02:00";63000;null;null
"2019-10-02T10:48:40+02:00";null;null;79389
"2019-10-02T10:48:59+02:00";null;81462;null
"2019-10-02T10:49:03+02:00";63299.999;null;null
"2019-10-02T10:49:10+02:00";null;null;80444
"2019-10-02T10:49:29+02:00";null;80752;null
"2019-10-02T10:49:33+02:00";66200.005;null;null
"2019-10-02T10:49:40+02:00";null;null;79952
"2019-10-02T10:49:59+02:00";null;83475;null
"2019-10-02T10:50:03+02:00";66900.002;null;null
"2019-10-02T10:50:10+02:00";null;null;78808
"2019-10-02T10:50:29+02:00";null;82283;null
"2019-10-02T10:50:33+02:00";67300.003;null;null
"2019-10-02T10:50:40+02:00";null;null;79203
"2019-10-02T10:50:59+02:00";null;82580;null
"2019-10-02T10:51:03+02:00";67800.003;null;null
"2019-10-02T10:51:10+02:00";null;null;79709
"2019-10-02T10:51:29+02:00";null;82171;null
"2019-10-02T10:51:33+02:00";68800.003;null;null
"2019-10-02T10:51:40+02:00";null;null;79406
"2019-10-02T10:51:59+02:00";null;82931;null
"2019-10-02T10:52:03+02:00";69900.002;null;null
"2019-10-02T10:52:10+02:00";null;null;80176
"2019-10-02T10:52:29+02:00";null;82643;null
"2019-10-02T10:52:33+02:00";70400.002;null;null
"2019-10-02T10:52:40+02:00";null;null;80470
"2019-10-02T10:52:59+02:00";null;82902;null
"2019-10-02T10:53:03+02:00";70500;null;null
"2019-10-02T10:53:10+02:00";null;null;80690
"2019-10-02T10:53:29+02:00";null;81822;null
"2019-10-02T10:53:33+02:00";70900.002;null;null
"2019-10-02T10:53:40+02:00";null;null;80676
"2019-10-02T10:53:59+02:00";null;82513;null
"2019-10-02T10:54:03+02:00";71099.998;null;null
"2019-10-02T10:54:10+02:00";null;null;79545
"2019-10-02T10:54:29+02:00";null;82834;null
"2019-10-02T10:54:33+02:00";71099.998;null;null
"2019-10-02T10:54:40+02:00";null;null;78895
"2019-10-02T10:54:59+02:00";null;83008;null
"2019-10-02T10:55:03+02:00";71099.998;null;null
"2019-10-02T10:55:10+02:00";null;null;78947
"2019-10-02T10:55:29+02:00";null;82109;null
"2019-10-02T10:55:33+02:00";71200.005;null;null
"2019-10-02T10:55:40+02:00";null;null;79324
"2019-10-02T10:55:59+02:00";null;82393;null
"2019-10-02T10:56:03+02:00";71800.003;null;null
"2019-10-02T10:56:10+02:00";null;null;78650
"2019-10-02T10:56:29+02:00";null;82357;null
"2019-10-02T10:56:33+02:00";72000;null;null
"2019-10-02T10:56:40+02:00";null;null;78347
"2019-10-02T10:56:59+02:00";null;82922;null
"2019-10-02T10:57:03+02:00";72000;null;null
"2019-10-02T10:57:10+02:00";null;null;79032
"2019-10-02T10:57:29+02:00";null;82852;null
"2019-10-02T10:57:33+02:00";72700.005;null;null
"2019-10-02T10:57:40+02:00";null;null;79999
"2019-10-02T10:57:59+02:00";null;81461;null
"2019-10-02T10:58:03+02:00";73099.998;null;null
"2019-10-02T10:58:10+02:00";null;null;80177
"2019-10-02T10:58:29+02:00";null;82818;null
"2019-10-02T10:58:33+02:00";74099.998;null;null
"2019-10-02T10:58:40+02:00";null;null;80239
"2019-10-02T10:58:59+02:00";null;82943;null
"2019-10-02T10:59:03+02:00";74500;null;null
"2019-10-02T10:59:10+02:00";null;null;79357
"2019-10-02T10:59:29+02:00";null;81805;null
"2019-10-02T10:59:33+02:00";75300.003;null;null
"2019-10-02T10:59:40+02:00";null;null;78875
"2019-10-02T10:59:59+02:00";null;82247;null
"2019-10-02T11:00:03+02:00";75200.005;null;null
"2019-10-02T11:00:10+02:00";null;null;79736
"2019-10-02T11:00:29+02:00";null;82012;null
"2019-10-02T11:00:33+02:00";75400.002;null;null
"2019-10-02T11:00:40+02:00";null;null;79349
"2019-10-02T11:00:59+02:00";null;82065;null
"2019-10-02T11:01:03+02:00";75700.005;null;null
"2019-10-02T11:01:10+02:00";null;null;80089
"2019-10-02T11:01:29+02:00";null;83347;null
"2019-10-02T11:01:33+02:00";76000;null;null
"2019-10-02T11:01:40+02:00";null;null;80444
"2019-10-02T11:01:59+02:00";null;82718;null
"2019-10-02T11:02:03+02:00";76000;null;null
"2019-10-02T11:02:10+02:00";null;null;79772
"2019-10-02T11:02:29+02:00";null;83548;null
"2019-10-02T11:02:33+02:00";76000;null;null
"2019-10-02T11:02:40+02:00";null;null;80159
"2019-10-02T11:02:59+02:00";null;83226;null
"2019-10-02T11:03:03+02:00";76599.998;null;null
"2019-10-02T11:03:10+02:00";null;null;79736
"2019-10-02T11:03:29+02:00";null;82426;null
"2019-10-02T11:03:33+02:00";75800.003;null;null
"2019-10-02T11:03:40+02:00";null;null;78969
"2019-10-02T11:03:59+02:00";null;83321;null
"2019-10-02T11:04:03+02:00";75800.003;null;null
"2019-10-02T11:04:10+02:00";null;null;79002
"2019-10-02T11:04:29+02:00";null;82581;null
"2019-10-02T11:04:33+02:00";75800.003;null;null
"2019-10-02T11:04:40+02:00";null;null;79720
"2019-10-02T11:04:59+02:00";null;81573;null
"2019-10-02T11:05:03+02:00";76000;null;null
"2019-10-02T11:05:10+02:00";null;null;80510
"2019-10-02T11:05:29+02:00";null;82745;null
"2019-10-02T11:05:33+02:00";76599.998;null;null
"2019-10-02T11:05:40+02:00";null;null;79573
"2019-10-02T11:05:59+02:00";null;82183;null
"2019-10-02T11:06:03+02:00";76500;null;null
"2019-10-02T11:06:10+02:00";null;null;79278
"2019-10-02T11:06:29+02:00";null;83978;null
"2019-10-02T11:06:33+02:00";76800.003;null;null
"2019-10-02T11:06:40+02:00";null;null;79852
"2019-10-02T11:06:59+02:00";null;83037;null
"2019-10-02T11:07:03+02:00";76800.003;null;null
"2019-10-02T11:07:10+02:00";null;null;79804
"2019-10-02T11:07:29+02:00";null;82654;null
"2019-10-02T11:07:33+02:00";76500;null;null
"2019-10-02T11:07:40+02:00";null;null;80070
"2019-10-02T11:07:59+02:00";null;83216;null
"2019-10-02T11:08:03+02:00";76800.003;null;null
"2019-10-02T11:08:10+02:00";null;null;80006
"2019-10-02T11:08:29+02:00";null;82004;null
"2019-10-02T11:08:33+02:00";77099.998;null;null
"2019-10-02T11:08:40+02:00";null;null;79613
"2019-10-02T11:08:59+02:00";null;82071;null
"2019-10-02T11:09:03+02:00";76500;null;null
"2019-10-02T11:09:10+02:00";null;null;79874
"2019-10-02T11:09:29+02:00";null;82787;null
"2019-10-02T11:09:33+02:00";77099.998;null;null
"2019-10-02T11:09:40+02:00";null;null;80467
"2019-10-02T11:09:59+02:00";null;82899;null
"2019-10-02T11:10:03+02:00";77099.998;null;null
"2019-10-02T11:10:10+02:00";null;null;79930
"2019-10-02T11:10:29+02:00";null;82557;null
"2019-10-02T11:10:33+02:00";76800.003;null;null
"2019-10-02T11:10:40+02:00";null;null;79375
"2019-10-02T11:10:59+02:00";null;81094;null
"2019-10-02T11:11:03+02:00";76800.003;null;null
"2019-10-02T11:11:10+02:00";null;null;78768
"2019-10-02T11:11:29+02:00";null;82508;null
"2019-10-02T11:11:33+02:00";76800.003;null;null
"2019-10-02T11:11:40+02:00";null;null;78379
"2019-10-02T11:11:59+02:00";null;83828;null
"2019-10-02T11:12:03+02:00";77099.998;null;null
"2019-10-02T11:12:10+02:00";null;null;79018
"2019-10-02T11:12:29+02:00";null;82678;null
"2019-10-02T11:12:33+02:00";77400.002;null;null
"2019-10-02T11:12:40+02:00";null;null;79604
"2019-10-02T11:12:59+02:00";null;82941;null
"2019-10-02T11:13:03+02:00";78300.003;null;null
"2019-10-02T11:13:10+02:00";null;null;78247
"2019-10-02T11:13:29+02:00";null;85524;null
"2019-10-02T11:13:33+02:00";78500;null;null
"2019-10-02T11:13:40+02:00";null;null;78166
"2019-10-02T11:13:59+02:00";null;83492;null
"2019-10-02T11:14:03+02:00";78700.005;null;null
"2019-10-02T11:14:10+02:00";null;null;78800
"2019-10-02T11:14:29+02:00";null;82638;null
"2019-10-02T11:14:33+02:00";78700.005;null;null
"2019-10-02T11:14:40+02:00";null;null;78755
"2019-10-02T11:14:59+02:00";null;83344;null
"2019-10-02T11:15:03+02:00";78599.998;null;null
"2019-10-02T11:15:10+02:00";null;null;79407
"2019-10-02T11:15:29+02:00";null;82051;null
"2019-10-02T11:15:33+02:00";78599.998;null;null
"2019-10-02T11:15:40+02:00";null;null;78959
"2019-10-02T11:15:59+02:00";null;82200;null
"2019-10-02T11:16:03+02:00";78099.998;null;null
"2019-10-02T11:16:10+02:00";null;null;78782
"2019-10-02T11:16:29+02:00";null;82474;null
"2019-10-02T11:16:33+02:00";78300.003;null;null
"2019-10-02T11:16:40+02:00";null;null;79192
"2019-10-02T11:16:59+02:00";null;83604;null
"2019-10-02T11:17:03+02:00";78000;null;null
"2019-10-02T11:17:10+02:00";null;null;79842
"2019-10-02T11:17:29+02:00";null;83198;null
"2019-10-02T11:17:33+02:00";77900.002;null;null
"2019-10-02T11:17:40+02:00";null;null;79639
"2019-10-02T11:17:59+02:00";null;81470;null
"2019-10-02T11:18:03+02:00";77900.002;null;null
"2019-10-02T11:18:10+02:00";null;null;79433
"2019-10-02T11:18:29+02:00";null;83032;null
"2019-10-02T11:18:33+02:00";77599.998;null;null
"2019-10-02T11:18:40+02:00";null;null;79306
"2019-10-02T11:18:59+02:00";null;82494;null
"2019-10-02T11:19:03+02:00";77200.005;null;null
"2019-10-02T11:19:10+02:00";null;null;79683
"2019-10-02T11:19:29+02:00";null;82747;null
"2019-10-02T11:19:33+02:00";77700.005;null;null
"2019-10-02T11:19:40+02:00";null;null;80051
"2019-10-02T11:19:59+02:00";null;82725;null
"2019-10-02T11:20:03+02:00";78000;null;null
"2019-10-02T11:20:10+02:00";null;null;79382
"2019-10-02T11:20:29+02:00";null;82754;null
"2019-10-02T11:20:33+02:00";77900.002;null;null
"2019-10-02T11:20:40+02:00";null;null;79156
"2019-10-02T11:20:59+02:00";null;83599;null
"2019-10-02T11:21:03+02:00";77900.002;null;null
"2019-10-02T11:21:10+02:00";null;null;78845
"2019-10-02T11:21:29+02:00";null;82898;null
"2019-10-02T11:21:33+02:00";77700.005;null;null
"2019-10-02T11:21:40+02:00";null;null;78690
"2019-10-02T11:21:59+02:00";null;83206;null
"2019-10-02T11:22:03+02:00";78200.005;null;null
"2019-10-02T11:22:10+02:00";null;null;79542
"2019-10-02T11:22:29+02:00";null;81438;null
"2019-10-02T11:22:33+02:00";78200.005;null;null
"2019-10-02T11:22:40+02:00";null;null;79839
"2019-10-02T11:22:59+02:00";null;82371;null
"2019-10-02T11:23:03+02:00";78200.005;null;null
"2019-10-02T11:23:10+02:00";null;null;80100
"2019-10-02T11:23:29+02:00";null;82875;null
"2019-10-02T11:23:33+02:00";78400.002;null;null
"2019-10-02T11:23:40+02:00";null;null;80407
"2019-10-02T11:23:59+02:00";null;82593;null
"2019-10-02T11:24:03+02:00";78200.005;null;null
"2019-10-02T11:24:10+02:00";null;null;79619
"2019-10-02T11:24:29+02:00";null;83306;null
"2019-10-02T11:24:33+02:00";78599.998;null;null
"2019-10-02T11:24:40+02:00";null;null;79487
"2019-10-02T11:24:59+02:00";null;82557;null
"2019-10-02T11:25:03+02:00";78599.998;null;null
"2019-10-02T11:25:10+02:00";null;null;79696
"2019-10-02T11:25:29+02:00";null;81781;null
"2019-10-02T11:25:33+02:00";78300.003;null;null
"2019-10-02T11:25:40+02:00";null;null;79397
"2019-10-02T11:25:59+02:00";null;82659;null
"2019-10-02T11:26:03+02:00";78400.002;null;null
"2019-10-02T11:26:10+02:00";null;null;78710
"2019-10-02T11:26:29+02:00";null;82936;null
"2019-10-02T11:26:33+02:00";78300.003;null;null
"2019-10-02T11:26:40+02:00";null;null;79032
"2019-10-02T11:26:59+02:00";null;82415;null
"2019-10-02T11:27:03+02:00";78000;null;null
"2019-10-02T11:27:10+02:00";null;null;80094
"2019-10-02T11:27:29+02:00";null;82554;null
"2019-10-02T11:27:33+02:00";77700.005;null;null
"2019-10-02T11:27:40+02:00";null;null;79967
"2019-10-02T11:27:59+02:00";null;83293;null
"2019-10-02T11:28:03+02:00";77500;null;null
"2019-10-02T11:28:10+02:00";null;null;79713
"2019-10-02T11:28:29+02:00";null;82719;null
"2019-10-02T11:28:33+02:00";77599.998;null;null
"2019-10-02T11:28:40+02:00";null;null;80459
"2019-10-02T11:28:59+02:00";null;83102;null
"2019-10-02T11:29:03+02:00";78000;null;null
"2019-10-02T11:29:10+02:00";null;null;81632
"2019-10-02T11:29:29+02:00";null;82312;null
"2019-10-02T11:29:33+02:00";78900.002;null;null
"2019-10-02T11:29:40+02:00";null;null;80674
"2019-10-02T11:29:59+02:00";null;81939;null
"2019-10-02T11:30:03+02:00";79800.003;null;null
"2019-10-02T11:30:10+02:00";null;null;79687
"2019-10-02T11:30:29+02:00";null;82755;null
"2019-10-02T11:30:33+02:00";80500;null;null
"2019-10-02T11:30:40+02:00";null;null;79940
"2019-10-02T11:30:59+02:00";null;82706;null
"2019-10-02T11:31:03+02:00";80500;null;null
"2019-10-02T11:31:10+02:00";null;null;80407
"2019-10-02T11:31:29+02:00";null;83299;null
"2019-10-02T11:31:33+02:00";81300.003;null;null
"2019-10-02T11:31:40+02:00";null;null;80074
"2019-10-02T11:31:59+02:00";null;83244;null
"2019-10-02T11:32:03+02:00";81000;null;null
"2019-10-02T11:32:10+02:00";null;null;79319
"2019-10-02T11:32:29+02:00";null;83566;null
"2019-10-02T11:32:33+02:00";81200.005;null;null
"2019-10-02T11:32:40+02:00";null;null;79567
"2019-10-02T11:32:59+02:00";null;81910;null
"2019-10-02T11:33:03+02:00";80800.003;null;null
"2019-10-02T11:33:10+02:00";null;null;79947
"2019-10-02T11:33:29+02:00";null;82351;null
"2019-10-02T11:33:33+02:00";80599.998;null;null
"2019-10-02T11:33:40+02:00";null;null;79197
"2019-10-02T11:33:59+02:00";null;82970;null
"2019-10-02T11:34:03+02:00";79599.998;null;null
"2019-10-02T11:34:10+02:00";null;null;79003
"2019-10-02T11:34:29+02:00";null;83075;null
"2019-10-02T11:34:33+02:00";79300.003;null;null
"2019-10-02T11:34:40+02:00";null;null;79750
"2019-10-02T11:34:59+02:00";null;83859;null
"2019-10-02T11:35:03+02:00";79000;null;null
"2019-10-02T11:35:10+02:00";null;null;79923
"2019-10-02T11:35:29+02:00";null;83658;null
"2019-10-02T11:35:33+02:00";78900.002;null;null
"2019-10-02T11:35:40+02:00";null;null;79678
"2019-10-02T11:35:59+02:00";null;82585;null
"2019-10-02T11:36:03+02:00";78400.002;null;null
"2019-10-02T11:36:10+02:00";null;null;79540
"2019-10-02T11:36:29+02:00";null;82567;null
"2019-10-02T11:36:33+02:00";78599.998;null;null
"2019-10-02T11:36:40+02:00";null;null;79688
"2019-10-02T11:36:59+02:00";null;83241;null
"2019-10-02T11:37:03+02:00";78200.005;null;null
"2019-10-02T11:37:10+02:00";null;null;79757
"2019-10-02T11:37:29+02:00";null;82193;null
"2019-10-02T11:37:33+02:00";78400.002;null;null
"2019-10-02T11:37:40+02:00";null;null;79805
"2019-10-02T11:37:59+02:00";null;83071;null
"2019-10-02T11:38:03+02:00";78500;null;null
"2019-10-02T11:38:10+02:00";null;null;79376
"2019-10-02T11:38:29+02:00";null;83224;null
"2019-10-02T11:38:33+02:00";78900.002;null;null
"2019-10-02T11:38:40+02:00";null;null;79302
"2019-10-02T11:38:59+02:00";null;82593;null
"2019-10-02T11:39:03+02:00";79000;null;null
"2019-10-02T11:39:10+02:00";null;null;80606
"2019-10-02T11:39:29+02:00";null;83243;null
"2019-10-02T11:39:33+02:00";79000;null;null
"2019-10-02T11:39:40+02:00";null;null;81198
"2019-10-02T11:39:59+02:00";null;83030;null
"2019-10-02T11:40:03+02:00";78900.002;null;null
"2019-10-02T11:40:10+02:00";null;null;79484
"2019-10-02T11:40:29+02:00";null;82618;null
"2019-10-02T11:40:33+02:00";78400.002;null;null
"2019-10-02T11:40:40+02:00";null;null;79036
"2019-10-02T11:40:59+02:00";null;81960;null
"2019-10-02T11:41:03+02:00";78400.002;null;null
"2019-10-02T11:41:10+02:00";null;null;80294
"2019-10-02T11:41:29+02:00";null;82667;null
"2019-10-02T11:41:33+02:00";79000;null;null
"2019-10-02T11:41:40+02:00";null;null;80158
"2019-10-02T11:41:59+02:00";null;83891;null
"2019-10-02T11:42:03+02:00";78700.005;null;null
"2019-10-02T11:42:10+02:00";null;null;80367
"2019-10-02T11:42:29+02:00";null;82509;null
"2019-10-02T11:42:33+02:00";78500;null;null
"2019-10-02T11:42:40+02:00";null;null;80352
"2019-10-02T11:42:59+02:00";null;83428;null
"2019-10-02T11:43:03+02:00";78200.005;null;null
"2019-10-02T11:43:10+02:00";null;null;79239
"2019-10-02T11:43:29+02:00";null;83303;null
"2019-10-02T11:43:33+02:00";78400.002;null;null
"2019-10-02T11:43:40+02:00";null;null;79252
"2019-10-02T11:43:59+02:00";null;82070;null
"2019-10-02T11:44:03+02:00";78599.998;null;null
"2019-10-02T11:44:10+02:00";null;null;79112
"2019-10-02T11:44:29+02:00";null;82356;null
"2019-10-02T11:44:33+02:00";78599.998;null;null
"2019-10-02T11:44:40+02:00";null;null;79037
"2019-10-02T11:44:59+02:00";null;83358;null
"2019-10-02T11:45:03+02:00";78099.998;null;null
"2019-10-02T11:45:10+02:00";null;null;78932
"2019-10-02T11:45:29+02:00";null;82789;null
"2019-10-02T11:45:33+02:00";78099.998;null;null
"2019-10-02T11:45:40+02:00";null;null;79180
"2019-10-02T11:45:59+02:00";null;83336;null
"2019-10-02T11:46:03+02:00";78500;null;null
"2019-10-02T11:46:10+02:00";null;null;78869
"2019-10-02T11:46:29+02:00";null;82710;null
"2019-10-02T11:46:33+02:00";79300.003;null;null
"2019-10-02T11:46:40+02:00";null;null;78976
"2019-10-02T11:46:59+02:00";null;83054;null
"2019-10-02T11:47:03+02:00";79500;null;null
"2019-10-02T11:47:10+02:00";null;null;79335
"2019-10-02T11:47:29+02:00";null;83297;null
"2019-10-02T11:47:33+02:00";80700.005;null;null
"2019-10-02T11:47:40+02:00";null;null;78551
"2019-10-02T11:47:59+02:00";null;82305;null
"2019-10-02T11:48:03+02:00";81300.003;null;null
"2019-10-02T11:48:10+02:00";null;null;78476
"2019-10-02T11:48:29+02:00";null;82793;null
"2019-10-02T11:48:33+02:00";81500;null;null
"2019-10-02T11:48:40+02:00";null;null;78055
"2019-10-02T11:48:59+02:00";null;82802;null
"2019-10-02T11:49:03+02:00";81099.998;null;null
"2019-10-02T11:49:10+02:00";null;null;78563
"2019-10-02T11:49:29+02:00";null;83587;null
"2019-10-02T11:49:33+02:00";81500;null;null
"2019-10-02T11:49:40+02:00";null;null;79410
"2019-10-02T11:49:59+02:00";null;83183;null
"2019-10-02T11:50:03+02:00";81700.005;null;null
"2019-10-02T11:50:10+02:00";null;null;78812
"2019-10-02T11:50:29+02:00";null;82766;null
"2019-10-02T11:50:33+02:00";81800.003;null;null
"2019-10-02T11:50:40+02:00";null;null;79110
"2019-10-02T11:50:59+02:00";null;81965;null
"2019-10-02T11:51:03+02:00";81900.002;null;null
"2019-10-02T11:51:10+02:00";null;null;79424
"2019-10-02T11:51:29+02:00";null;83083;null
"2019-10-02T11:51:33+02:00";80300.003;null;null
"2019-10-02T11:51:40+02:00";null;null;79068
"2019-10-02T11:51:59+02:00";null;83998;null
"2019-10-02T11:52:03+02:00";79599.998;null;null
"2019-10-02T11:52:10+02:00";null;null;79334
"2019-10-02T11:52:29+02:00";null;82938;null
"2019-10-02T11:52:33+02:00";79200.005;null;null
"2019-10-02T11:52:40+02:00";null;null;81490
"2019-10-02T11:52:59+02:00";null;88550;null
"2019-10-02T11:53:03+02:00";78800.003;null;null
"2019-10-02T11:53:10+02:00";null;null;89447
"2019-10-02T11:53:29+02:00";null;95472;null
"2019-10-02T11:53:33+02:00";78400.002;null;null
"2019-10-02T11:53:40+02:00";null;null;90827
"2019-10-02T11:53:59+02:00";null;96275;null
"2019-10-02T11:54:03+02:00";78500;null;null
"2019-10-02T11:54:10+02:00";null;null;90644
"2019-10-02T11:54:29+02:00";null;95819;null
"2019-10-02T11:54:33+02:00";78800.003;null;null
"2019-10-02T11:54:40+02:00";null;null;91426
"2019-10-02T11:54:59+02:00";null;96355;null
"2019-10-02T11:55:03+02:00";79700.005;null;null
"2019-10-02T11:55:10+02:00";null;null;91524
"2019-10-02T11:55:29+02:00";null;96485;null
"2019-10-02T11:55:33+02:00";80599.998;null;null
"2019-10-02T11:55:40+02:00";null;null;92164
"2019-10-02T11:55:59+02:00";null;96937;null
"2019-10-02T11:56:03+02:00";80500;null;null
"2019-10-02T11:56:10+02:00";null;null;93337
"2019-10-02T11:56:29+02:00";null;96274;null
"2019-10-02T11:56:33+02:00";81800.003;null;null
"2019-10-02T11:56:40+02:00";null;null;92877
"2019-10-02T11:56:59+02:00";null;95920;null
"2019-10-02T11:57:03+02:00";82000;null;null
"2019-10-02T11:57:10+02:00";null;null;94666
"2019-10-02T11:57:29+02:00";null;96621;null
"2019-10-02T11:57:33+02:00";82500;null;null
"2019-10-02T11:57:40+02:00";null;null;94556
"2019-10-02T11:57:59+02:00";null;97036;null
"2019-10-02T11:58:03+02:00";82099.998;null;null
"2019-10-02T11:58:10+02:00";null;null;92103
"2019-10-02T11:58:29+02:00";null;95734;null
"2019-10-02T11:58:33+02:00";83500;null;null
"2019-10-02T11:58:40+02:00";null;null;92510
"2019-10-02T11:58:59+02:00";null;96060;null
"2019-10-02T11:59:03+02:00";85300.003;null;null
"2019-10-02T11:59:10+02:00";null;null;93375
"2019-10-02T11:59:29+02:00";null;97800;null
"2019-10-02T11:59:33+02:00";86099.998;null;null
"2019-10-02T11:59:40+02:00";null;null;93353
"2019-10-02T11:59:59+02:00";null;95771;null
"2019-10-02T12:00:03+02:00";86599.998;null;null
"2019-10-02T12:00:10+02:00";null;null;94385
"2019-10-02T12:00:29+02:00";null;96227;null
"2019-10-02T12:00:33+02:00";87300.003;null;null
"2019-10-02T12:00:40+02:00";null;null;94459
"2019-10-02T12:00:59+02:00";null;97220;null
"2019-10-02T12:01:03+02:00";87300.003;null;null
"2019-10-02T12:01:10+02:00";null;null;93137
"2019-10-02T12:01:29+02:00";null;97595;null
"2019-10-02T12:01:33+02:00";86500;null;null
"2019-10-02T12:01:40+02:00";null;null;93080
"2019-10-02T12:01:59+02:00";null;96553;null
"2019-10-02T12:02:03+02:00";86900.002;null;null
"2019-10-02T12:02:10+02:00";null;null;93590
"2019-10-02T12:02:29+02:00";null;97145;null
"2019-10-02T12:02:33+02:00";89099.998;null;null
"2019-10-02T12:02:40+02:00";null;null;93772
"2019-10-02T12:02:59+02:00";null;95298;null
"2019-10-02T12:03:03+02:00";89300.003;null;null
"2019-10-02T12:03:10+02:00";null;null;93646
"2019-10-02T12:03:29+02:00";null;97421;null
"2019-10-02T12:03:33+02:00";89900.002;null;null
"2019-10-02T12:03:40+02:00";null;null;93560
"2019-10-02T12:03:59+02:00";null;96394;null
"2019-10-02T12:04:03+02:00";89599.998;null;null
"2019-10-02T12:04:10+02:00";null;null;94029
"2019-10-02T12:04:29+02:00";null;95552;null
"2019-10-02T12:04:33+02:00";89099.998;null;null
"2019-10-02T12:04:40+02:00";null;null;93823
"2019-10-02T12:04:59+02:00";null;97274;null
"2019-10-02T12:05:03+02:00";88200.005;null;null
"2019-10-02T12:05:10+02:00";null;null;94159
"2019-10-02T12:05:29+02:00";null;96706;null
"2019-10-02T12:05:33+02:00";87900.002;null;null
"2019-10-02T12:05:40+02:00";null;null;94172
"2019-10-02T12:05:59+02:00";null;98077;null
"2019-10-02T12:06:03+02:00";87700.005;null;null
"2019-10-02T12:06:10+02:00";null;null;93123
"2019-10-02T12:06:29+02:00";null;96192;null
"2019-10-02T12:06:33+02:00";87599.998;null;null
"2019-10-02T12:06:40+02:00";null;null;93065
"2019-10-02T12:06:59+02:00";null;96224;null
"2019-10-02T12:07:03+02:00";87099.998;null;null
"2019-10-02T12:07:10+02:00";null;null;92983
"2019-10-02T12:07:29+02:00";null;97463;null
"2019-10-02T12:07:33+02:00";87400.002;null;null
"2019-10-02T12:07:40+02:00";null;null;92934
"2019-10-02T12:07:59+02:00";null;97449;null
"2019-10-02T12:08:03+02:00";87300.003;null;null
"2019-10-02T12:08:10+02:00";null;null;92024
"2019-10-02T12:08:29+02:00";null;97352;null
"2019-10-02T12:08:33+02:00";87300.003;null;null
"2019-10-02T12:08:40+02:00";null;null;92408
"2019-10-02T12:08:59+02:00";null;95118;null
"2019-10-02T12:09:03+02:00";87800.003;null;null
"2019-10-02T12:09:10+02:00";null;null;93086
"2019-10-02T12:09:29+02:00";null;97116;null
"2019-10-02T12:09:33+02:00";88200.005;null;null
"2019-10-02T12:09:40+02:00";null;null;93421
"2019-10-02T12:09:59+02:00";null;97729;null
"2019-10-02T12:10:03+02:00";88200.005;null;null
"2019-10-02T12:10:10+02:00";null;null;94133
"2019-10-02T12:10:29+02:00";null;96871;null
"2019-10-02T12:10:33+02:00";88200.005;null;null
"2019-10-02T12:10:40+02:00";null;null;93746
"2019-10-02T12:10:59+02:00";null;97087;null
"2019-10-02T12:11:03+02:00";88400.002;null;null
"2019-10-02T12:11:10+02:00";null;null;93097
"2019-10-02T12:11:29+02:00";null;97462;null
"2019-10-02T12:11:33+02:00";88400.002;null;null
"2019-10-02T12:11:40+02:00";null;null;93177
"2019-10-02T12:11:59+02:00";null;96626;null
"2019-10-02T12:12:03+02:00";88599.998;null;null
"2019-10-02T12:12:10+02:00";null;null;93802
"2019-10-02T12:12:29+02:00";null;96834;null
"2019-10-02T12:12:33+02:00";88800.003;null;null
"2019-10-02T12:12:40+02:00";null;null;93662
"2019-10-02T12:12:59+02:00";null;94634;null
"2019-10-02T12:13:03+02:00";89000;null;null
"2019-10-02T12:13:10+02:00";null;null;93823
"2019-10-02T12:13:29+02:00";null;99279;null
"2019-10-02T12:13:33+02:00";89000;null;null
"2019-10-02T12:13:40+02:00";null;null;94149
"2019-10-02T12:13:59+02:00";null;96664;null
"2019-10-02T12:14:03+02:00";89000;null;null
"2019-10-02T12:14:10+02:00";null;null;93076
"2019-10-02T12:14:29+02:00";null;97065;null
"2019-10-02T12:14:33+02:00";89000;null;null
"2019-10-02T12:14:40+02:00";null;null;92777
"2019-10-02T12:14:59+02:00";null;97326;null
"2019-10-02T12:15:03+02:00";89000;null;null
"2019-10-02T12:15:10+02:00";null;null;94108
"2019-10-02T12:15:29+02:00";null;96115;null
"2019-10-02T12:15:33+02:00";88900.002;null;null
"2019-10-02T12:15:40+02:00";null;null;93824
"2019-10-02T12:15:59+02:00";null;97429;null
"2019-10-02T12:16:03+02:00";89000;null;null
"2019-10-02T12:16:10+02:00";null;null;94476
"2019-10-02T12:16:29+02:00";null;97051;null
"2019-10-02T12:16:33+02:00";89400.002;null;null
"2019-10-02T12:16:40+02:00";null;null;94649
"2019-10-02T12:16:59+02:00";null;97405;null
"2019-10-02T12:17:03+02:00";88700.005;null;null
"2019-10-02T12:17:10+02:00";null;null;93791
"2019-10-02T12:17:29+02:00";null;96159;null
"2019-10-02T12:17:33+02:00";89599.998;null;null
"2019-10-02T12:17:40+02:00";null;null;93380
"2019-10-02T12:17:59+02:00";null;96759;null
"2019-10-02T12:18:03+02:00";90599.998;null;null
"2019-10-02T12:18:10+02:00";null;null;93714
"2019-10-02T12:18:29+02:00";null;96884;null
"2019-10-02T12:18:33+02:00";91200.005;null;null
"2019-10-02T12:18:40+02:00";null;null;94392
"2019-10-02T12:18:59+02:00";null;98000;null
"2019-10-02T12:19:03+02:00";91800.003;null;null
"2019-10-02T12:19:10+02:00";null;null;93907
"2019-10-02T12:19:29+02:00";null;97378;null
"2019-10-02T12:19:33+02:00";91200.005;null;null
"2019-10-02T12:19:40+02:00";null;null;93910
"2019-10-02T12:19:59+02:00";null;97409;null
"2019-10-02T12:20:03+02:00";91300.003;null;null
"2019-10-02T12:20:10+02:00";null;null;93031
"2019-10-02T12:20:29+02:00";null;97433;null
"2019-10-02T12:20:33+02:00";91700.005;null;null
"2019-10-02T12:20:40+02:00";null;null;92299
"2019-10-02T12:20:59+02:00";null;96549;null
"2019-10-02T12:21:03+02:00";92000;null;null
"2019-10-02T12:21:10+02:00";null;null;92809
"2019-10-02T12:21:29+02:00";null;96469;null
"2019-10-02T12:21:33+02:00";92500;null;null
"2019-10-02T12:21:40+02:00";null;null;93062
"2019-10-02T12:21:59+02:00";null;97652;null
"2019-10-02T12:22:03+02:00";92200.005;null;null
"2019-10-02T12:22:10+02:00";null;null;93364
"2019-10-02T12:22:29+02:00";null;97856;null
"2019-10-02T12:22:33+02:00";92300.003;null;null
"2019-10-02T12:22:40+02:00";null;null;93753
"2019-10-02T12:22:59+02:00";null;96874;null
"2019-10-02T12:23:03+02:00";92599.998;null;null
"2019-10-02T12:23:10+02:00";null;null;93163
"2019-10-02T12:23:29+02:00";null;97282;null
"2019-10-02T12:23:33+02:00";92599.998;null;null
"2019-10-02T12:23:40+02:00";null;null;92377
"2019-10-02T12:23:59+02:00";null;95994;null
"2019-10-02T12:24:03+02:00";92400.002;null;null
"2019-10-02T12:24:10+02:00";null;null;93408
"2019-10-02T12:24:29+02:00";null;96988;null
"2019-10-02T12:24:33+02:00";92400.002;null;null
"2019-10-02T12:24:40+02:00";null;null;93414
"2019-10-02T12:24:59+02:00";null;95729;null
"2019-10-02T12:25:03+02:00";92900.002;null;null
"2019-10-02T12:25:10+02:00";null;null;93229
"2019-10-02T12:25:29+02:00";null;96294;null
"2019-10-02T12:25:33+02:00";92900.002;null;null
"2019-10-02T12:25:40+02:00";null;null;93864
"2019-10-02T12:25:59+02:00";null;97184;null
"2019-10-02T12:26:03+02:00";93000;null;null
"2019-10-02T12:26:10+02:00";null;null;94410
"2019-10-02T12:26:29+02:00";null;97647;null
"2019-10-02T12:26:33+02:00";92700.005;null;null
"2019-10-02T12:26:40+02:00";null;null;93609
"2019-10-02T12:26:59+02:00";null;96775;null
"2019-10-02T12:27:03+02:00";92700.005;null;null
"2019-10-02T12:27:10+02:00";null;null;94243
"2019-10-02T12:27:29+02:00";null;99448;null
"2019-10-02T12:27:33+02:00";92300.003;null;null
"2019-10-02T12:27:40+02:00";null;null;94788
"2019-10-02T12:27:59+02:00";null;95239;null
"2019-10-02T12:28:03+02:00";92300.003;null;null
"2019-10-02T12:28:10+02:00";null;null;94071
"2019-10-02T12:28:29+02:00";null;97053;null
"2019-10-02T12:28:33+02:00";91900.002;null;null
"2019-10-02T12:28:40+02:00";null;null;93358
"2019-10-02T12:28:59+02:00";null;95379;null
"2019-10-02T12:29:03+02:00";91700.005;null;null
"2019-10-02T12:29:10+02:00";null;null;92883
"2019-10-02T12:29:29+02:00";null;96852;null
"2019-10-02T12:29:33+02:00";91300.003;null;null
"2019-10-02T12:29:40+02:00";null;null;93538
"2019-10-02T12:29:59+02:00";null;97165;null
"2019-10-02T12:30:03+02:00";91200.005;null;null
"2019-10-02T12:30:10+02:00";null;null;94511
"2019-10-02T12:30:29+02:00";null;96757;null
"2019-10-02T12:30:33+02:00";91300.003;null;null
"2019-10-02T12:30:40+02:00";null;null;94684
"2019-10-02T12:30:59+02:00";null;96978;null
"2019-10-02T12:31:03+02:00";91700.005;null;null
"2019-10-02T12:31:10+02:00";null;null;94532
"2019-10-02T12:31:29+02:00";null;96723;null
"2019-10-02T12:31:33+02:00";91300.003;null;null
"2019-10-02T12:31:40+02:00";null;null;94255
"2019-10-02T12:31:59+02:00";null;97342;null
"2019-10-02T12:32:03+02:00";91000;null;null
"2019-10-02T12:32:10+02:00";null;null;93356
"2019-10-02T12:32:29+02:00";null;95640;null
"2019-10-02T12:32:33+02:00";91000;null;null
"2019-10-02T12:32:40+02:00";null;null;93647
"2019-10-02T12:32:59+02:00";null;98310;null
"2019-10-02T12:33:03+02:00";91000;null;null
"2019-10-02T12:33:10+02:00";null;null;95090
"2019-10-02T12:33:29+02:00";null;98195;null
"2019-10-02T12:33:33+02:00";90700.005;null;null
"2019-10-02T12:33:40+02:00";null;null;94896
"2019-10-02T12:33:59+02:00";null;96842;null
"2019-10-02T12:34:03+02:00";90300.003;null;null
"2019-10-02T12:34:10+02:00";null;null;94139
"2019-10-02T12:34:29+02:00";null;96839;null
"2019-10-02T12:34:33+02:00";90099.998;null;null
"2019-10-02T12:34:40+02:00";null;null;94767
"2019-10-02T12:34:59+02:00";null;98354;null
"2019-10-02T12:35:03+02:00";91000;null;null
"2019-10-02T12:35:10+02:00";null;null;94632
"2019-10-02T12:35:29+02:00";null;96777;null
"2019-10-02T12:35:33+02:00";91900.002;null;null
"2019-10-02T12:35:40+02:00";null;null;93912
"2019-10-02T12:35:59+02:00";null;98917;null
"2019-10-02T12:36:03+02:00";93599.998;null;null
"2019-10-02T12:36:10+02:00";null;null;93299
"2019-10-02T12:36:29+02:00";null;96898;null
"2019-10-02T12:36:33+02:00";94000;null;null
"2019-10-02T12:36:40+02:00";null;null;94123
"2019-10-02T12:36:59+02:00";null;96832;null
"2019-10-02T12:37:03+02:00";93599.998;null;null
"2019-10-02T12:37:10+02:00";null;null;94809
"2019-10-02T12:37:29+02:00";null;98895;null
"2019-10-02T12:37:33+02:00";93300.003;null;null
"2019-10-02T12:37:40+02:00";null;null;94755
"2019-10-02T12:37:59+02:00";null;96791;null
"2019-10-02T12:38:03+02:00";93200.005;null;null
"2019-10-02T12:38:10+02:00";null;null;92930
"2019-10-02T12:38:29+02:00";null;97186;null
"2019-10-02T12:38:33+02:00";93000;null;null
"2019-10-02T12:38:40+02:00";null;null;92083
"2019-10-02T12:38:59+02:00";null;96821;null
"2019-10-02T12:39:03+02:00";93200.005;null;null
"2019-10-02T12:39:10+02:00";null;null;93746
"2019-10-02T12:39:29+02:00";null;96679;null
"2019-10-02T12:39:33+02:00";93200.005;null;null
"2019-10-02T12:39:40+02:00";null;null;93820
"2019-10-02T12:39:59+02:00";null;96641;null
"2019-10-02T12:40:03+02:00";93300.003;null;null
"2019-10-02T12:40:10+02:00";null;null;93690
"2019-10-02T12:40:29+02:00";null;98055;null
"2019-10-02T12:40:33+02:00";93300.003;null;null
"2019-10-02T12:40:40+02:00";null;null;93896
"2019-10-02T12:40:59+02:00";null;97631;null
"2019-10-02T12:41:03+02:00";93400.002;null;null
"2019-10-02T12:41:10+02:00";null;null;93452
"2019-10-02T12:41:29+02:00";null;96837;null
"2019-10-02T12:41:33+02:00";93400.002;null;null
"2019-10-02T12:41:40+02:00";null;null;93603
"2019-10-02T12:41:59+02:00";null;96541;null
"2019-10-02T12:42:03+02:00";93599.998;null;null
"2019-10-02T12:42:10+02:00";null;null;94093
"2019-10-02T12:42:29+02:00";null;96592;null
"2019-10-02T12:42:33+02:00";93599.998;null;null
"2019-10-02T12:42:40+02:00";null;null;93893
"2019-10-02T12:42:59+02:00";null;97432;null
"2019-10-02T12:43:03+02:00";94000;null;null
"2019-10-02T12:43:10+02:00";null;null;93479
"2019-10-02T12:43:29+02:00";null;97770;null
"2019-10-02T12:43:33+02:00";94200.005;null;null
"2019-10-02T12:43:40+02:00";null;null;93633
"2019-10-02T12:43:59+02:00";null;95622;null
"2019-10-02T12:44:03+02:00";94200.005;null;null
"2019-10-02T12:44:10+02:00";null;null;95256
"2019-10-02T12:44:29+02:00";null;97129;null
"2019-10-02T12:44:33+02:00";94000;null;null
"2019-10-02T12:44:40+02:00";null;null;95749
"2019-10-02T12:44:59+02:00";null;97011;null
"2019-10-02T12:45:03+02:00";94000;null;null
"2019-10-02T12:45:10+02:00";null;null;94155
"2019-10-02T12:45:29+02:00";null;98442;null
"2019-10-02T12:45:33+02:00";94500;null;null
"2019-10-02T12:45:40+02:00";null;null;93626
"2019-10-02T12:45:59+02:00";null;97064;null
"2019-10-02T12:46:03+02:00";94500;null;null
"2019-10-02T12:46:10+02:00";null;null;94056
"2019-10-02T12:46:29+02:00";null;97519;null
"2019-10-02T12:46:33+02:00";94000;null;null
"2019-10-02T12:46:40+02:00";null;null;93653
"2019-10-02T12:46:59+02:00";null;96808;null
"2019-10-02T12:47:03+02:00";94300.003;null;null
"2019-10-02T12:47:10+02:00";null;null;93128
"2019-10-02T12:47:29+02:00";null;98096;null
"2019-10-02T12:47:33+02:00";93200.005;null;null
"2019-10-02T12:47:40+02:00";null;null;92986
"2019-10-02T12:47:59+02:00";null;97288;null
"2019-10-02T12:48:03+02:00";92700.005;null;null
"2019-10-02T12:48:10+02:00";null;null;94237
"2019-10-02T12:48:29+02:00";null;97424;null
"2019-10-02T12:48:33+02:00";92300.003;null;null
"2019-10-02T12:48:40+02:00";null;null;94859
"2019-10-02T12:48:59+02:00";null;96898;null
"2019-10-02T12:49:03+02:00";92200.005;null;null
"2019-10-02T12:49:10+02:00";null;null;93605
"2019-10-02T12:49:29+02:00";null;97598;null
"2019-10-02T12:49:33+02:00";92800.003;null;null
"2019-10-02T12:49:40+02:00";null;null;92979
"2019-10-02T12:49:59+02:00";null;98907;null
"2019-10-02T12:50:03+02:00";92300.003;null;null
"2019-10-02T12:50:10+02:00";null;null;93484
"2019-10-02T12:50:29+02:00";null;97011;null
"2019-10-02T12:50:33+02:00";92700.005;null;null
"2019-10-02T12:50:40+02:00";null;null;93854
"2019-10-02T12:50:59+02:00";null;94387;null
"2019-10-02T12:51:03+02:00";92599.998;null;null
"2019-10-02T12:51:10+02:00";null;null;94163
"2019-10-02T12:51:29+02:00";null;98150;null
"2019-10-02T12:51:33+02:00";92900.002;null;null
"2019-10-02T12:51:40+02:00";null;null;93892
"2019-10-02T12:51:59+02:00";null;96508;null
"2019-10-02T12:52:03+02:00";93300.003;null;null
"2019-10-02T12:52:10+02:00";null;null;93529
"2019-10-02T12:52:29+02:00";null;96091;null
"2019-10-02T12:52:33+02:00";92200.005;null;null
"2019-10-02T12:52:40+02:00";null;null;94176
"2019-10-02T12:52:59+02:00";null;96027;null
"2019-10-02T12:53:03+02:00";91700.005;null;null
"2019-10-02T12:53:10+02:00";null;null;94547
"2019-10-02T12:53:29+02:00";null;97616;null
"2019-10-02T12:53:33+02:00";91700.005;null;null
"2019-10-02T12:53:40+02:00";null;null;94401
"2019-10-02T12:53:59+02:00";null;97758;null
"2019-10-02T12:54:03+02:00";91900.002;null;null
"2019-10-02T12:54:10+02:00";null;null;93925
"2019-10-02T12:54:29+02:00";null;98924;null
"2019-10-02T12:54:33+02:00";91300.003;null;null
"2019-10-02T12:54:40+02:00";null;null;93080
"2019-10-02T12:54:59+02:00";null;97025;null
"2019-10-02T12:55:03+02:00";91300.003;null;null
"2019-10-02T12:55:10+02:00";null;null;92896
"2019-10-02T12:55:29+02:00";null;97534;null
"2019-10-02T12:55:33+02:00";93000;null;null
"2019-10-02T12:55:40+02:00";null;null;93256
"2019-10-02T12:55:59+02:00";null;97791;null
"2019-10-02T12:56:03+02:00";92599.998;null;null
"2019-10-02T12:56:10+02:00";null;null;94252
"2019-10-02T12:56:29+02:00";null;97141;null
"2019-10-02T12:56:33+02:00";94099.998;null;null
"2019-10-02T12:56:40+02:00";null;null;94238
"2019-10-02T12:56:59+02:00";null;96622;null
"2019-10-02T12:57:03+02:00";94500;null;null
"2019-10-02T12:57:10+02:00";null;null;94078
"2019-10-02T12:57:29+02:00";null;97094;null
"2019-10-02T12:57:33+02:00";94599.998;null;null
"2019-10-02T12:57:40+02:00";null;null;94610
"2019-10-02T12:57:59+02:00";null;97710;null
"2019-10-02T12:58:03+02:00";93700.005;null;null
"2019-10-02T12:58:10+02:00";null;null;93226
"2019-10-02T12:58:29+02:00";null;97137;null
"2019-10-02T12:58:33+02:00";94599.998;null;null
"2019-10-02T12:58:40+02:00";null;null;92811
"2019-10-02T12:58:59+02:00";null;97402;null
"2019-10-02T12:59:03+02:00";93599.998;null;null
"2019-10-02T12:59:10+02:00";null;null;93829
"2019-10-02T12:59:29+02:00";null;97009;null
"2019-10-02T12:59:33+02:00";94099.998;null;null
"2019-10-02T12:59:40+02:00";null;null;94267
"2019-10-02T12:59:59+02:00";null;96942;null
"2019-10-02T13:00:03+02:00";93700.005;null;null
"2019-10-02T13:00:10+02:00";null;null;94509
"2019-10-02T13:00:29+02:00";null;97030;null
"2019-10-02T13:00:33+02:00";94300.003;null;null
"2019-10-02T13:00:40+02:00";null;null;93757
"2019-10-02T13:00:59+02:00";null;96233;null
"2019-10-02T13:01:03+02:00";94700.005;null;null
"2019-10-02T13:01:10+02:00";null;null;93517
"2019-10-02T13:01:29+02:00";null;97838;null
"2019-10-02T13:01:33+02:00";95200.005;null;null
"2019-10-02T13:01:40+02:00";null;null;94317
"2019-10-02T13:01:59+02:00";null;96527;null
"2019-10-02T13:02:03+02:00";93900.002;null;null
"2019-10-02T13:02:10+02:00";null;null;94457
"2019-10-02T13:02:29+02:00";null;96859;null
"2019-10-02T13:02:33+02:00";94000;null;null
"2019-10-02T13:02:40+02:00";null;null;93860
"2019-10-02T13:02:59+02:00";null;97204;null
"2019-10-02T13:03:03+02:00";94200.005;null;null
"2019-10-02T13:03:10+02:00";null;null;93527
"2019-10-02T13:03:29+02:00";null;97431;null
"2019-10-02T13:03:33+02:00";94500;null;null
"2019-10-02T13:03:40+02:00";null;null;94026
"2019-10-02T13:03:59+02:00";null;97717;null
"2019-10-02T13:04:03+02:00";94200.005;null;null
"2019-10-02T13:04:10+02:00";null;null;94845
"2019-10-02T13:04:29+02:00";null;97216;null
"2019-10-02T13:04:33+02:00";94200.005;null;null
"2019-10-02T13:04:40+02:00";null;null;95310
"2019-10-02T13:04:59+02:00";null;96211;null
"2019-10-02T13:05:03+02:00";94000;null;null
"2019-10-02T13:05:10+02:00";null;null;94193
"2019-10-02T13:05:29+02:00";null;97684;null
"2019-10-02T13:05:33+02:00";94200.005;null;null
"2019-10-02T13:05:40+02:00";null;null;93285
"2019-10-02T13:05:59+02:00";null;96331;null
"2019-10-02T13:06:03+02:00";94800.003;null;null
"2019-10-02T13:06:10+02:00";null;null;93278
"2019-10-02T13:06:29+02:00";null;97146;null
"2019-10-02T13:06:33+02:00";94500;null;null
"2019-10-02T13:06:40+02:00";null;null;93453
"2019-10-02T13:06:59+02:00";null;96699;null
"2019-10-02T13:07:03+02:00";94599.998;null;null
"2019-10-02T13:07:10+02:00";null;null;93602
"2019-10-02T13:07:29+02:00";null;96951;null
"2019-10-02T13:07:33+02:00";94700.005;null;null
"2019-10-02T13:07:40+02:00";null;null;93534
"2019-10-02T13:07:59+02:00";null;97869;null
"2019-10-02T13:08:03+02:00";94599.998;null;null
"2019-10-02T13:08:10+02:00";null;null;94000
"2019-10-02T13:08:29+02:00";null;97153;null
"2019-10-02T13:08:33+02:00";94200.005;null;null
"2019-10-02T13:08:40+02:00";null;null;95146
"2019-10-02T13:08:59+02:00";null;96655;null
"2019-10-02T13:09:03+02:00";93599.998;null;null
"2019-10-02T13:09:10+02:00";null;null;95431
"2019-10-02T13:09:29+02:00";null;96698;null
"2019-10-02T13:09:33+02:00";93900.002;null;null
"2019-10-02T13:09:40+02:00";null;null;93997
"2019-10-02T13:09:59+02:00";null;97771;null
"2019-10-02T13:10:03+02:00";93900.002;null;null
"2019-10-02T13:10:10+02:00";null;null;93575
"2019-10-02T13:10:29+02:00";null;96831;null
"2019-10-02T13:10:33+02:00";93599.998;null;null
"2019-10-02T13:10:40+02:00";null;null;93991
"2019-10-02T13:10:59+02:00";null;97266;null
"2019-10-02T13:11:03+02:00";93800.003;null;null
"2019-10-02T13:11:10+02:00";null;null;93629
"2019-10-02T13:11:29+02:00";null;97375;null
"2019-10-02T13:11:33+02:00";93200.005;null;null
"2019-10-02T13:11:40+02:00";null;null;92959
"2019-10-02T13:11:59+02:00";null;96375;null
"2019-10-02T13:12:03+02:00";93800.003;null;null
"2019-10-02T13:12:10+02:00";null;null;91994
"2019-10-02T13:12:29+02:00";null;97397;null
"2019-10-02T13:12:33+02:00";93599.998;null;null
"2019-10-02T13:12:40+02:00";null;null;92852
"2019-10-02T13:12:59+02:00";null;98908;null
"2019-10-02T13:13:03+02:00";94200.005;null;null
"2019-10-02T13:13:10+02:00";null;null;94471
"2019-10-02T13:13:29+02:00";null;96928;null
"2019-10-02T13:13:33+02:00";93800.003;null;null
"2019-10-02T13:13:40+02:00";null;null;94479
"2019-10-02T13:13:59+02:00";null;97415;null
"2019-10-02T13:14:03+02:00";94000;null;null
"2019-10-02T13:14:10+02:00";null;null;94281
"2019-10-02T13:14:29+02:00";null;96973;null
"2019-10-02T13:14:33+02:00";93599.998;null;null
"2019-10-02T13:14:40+02:00";null;null;93915
"2019-10-02T13:14:59+02:00";null;97144;null
"2019-10-02T13:15:03+02:00";93200.005;null;null
"2019-10-02T13:15:10+02:00";null;null;92452
"2019-10-02T13:15:29+02:00";null;96919;null
"2019-10-02T13:15:33+02:00";92400.002;null;null
"2019-10-02T13:15:40+02:00";null;null;92584
"2019-10-02T13:15:59+02:00";null;97660;null
"2019-10-02T13:16:03+02:00";92200.005;null;null
"2019-10-02T13:16:10+02:00";null;null;93371
"2019-10-02T13:16:29+02:00";null;97127;null
"2019-10-02T13:16:33+02:00";92500;null;null
"2019-10-02T13:16:40+02:00";null;null;93106
"2019-10-02T13:16:59+02:00";null;97625;null
"2019-10-02T13:17:03+02:00";92000;null;null
"2019-10-02T13:17:10+02:00";null;null;93980
"2019-10-02T13:17:29+02:00";null;96832;null
"2019-10-02T13:17:33+02:00";92300.003;null;null
"2019-10-02T13:17:40+02:00";null;null;94670
"2019-10-02T13:17:59+02:00";null;94960;null
"2019-10-02T13:18:03+02:00";92599.998;null;null
"2019-10-02T13:18:10+02:00";null;null;92841
"2019-10-02T13:18:29+02:00";null;97603;null
"2019-10-02T13:18:33+02:00";94000;null;null
"2019-10-02T13:18:40+02:00";null;null;92279
"2019-10-02T13:18:59+02:00";null;96979;null
"2019-10-02T13:19:03+02:00";94900.002;null;null
"2019-10-02T13:19:10+02:00";null;null;94493
"2019-10-02T13:19:29+02:00";null;96878;null
"2019-10-02T13:19:33+02:00";94700.005;null;null
"2019-10-02T13:19:40+02:00";null;null;94977
"2019-10-02T13:19:59+02:00";null;96840;null
"2019-10-02T13:20:03+02:00";95500;null;null
"2019-10-02T13:20:10+02:00";null;null;94313
"2019-10-02T13:20:29+02:00";null;97925;null
"2019-10-02T13:20:33+02:00";94599.998;null;null
"2019-10-02T13:20:40+02:00";null;null;93704
"2019-10-02T13:20:59+02:00";null;96748;null
"2019-10-02T13:21:03+02:00";94300.003;null;null
"2019-10-02T13:21:10+02:00";null;null;93512
"2019-10-02T13:21:29+02:00";null;97082;null
"2019-10-02T13:21:33+02:00";94700.005;null;null
"2019-10-02T13:21:40+02:00";null;null;93320
"2019-10-02T13:21:59+02:00";null;97420;null
"2019-10-02T13:22:03+02:00";94200.005;null;null
"2019-10-02T13:22:10+02:00";null;null;94241
"2019-10-02T13:22:29+02:00";null;97276;null
"2019-10-02T13:22:33+02:00";94700.005;null;null
"2019-10-02T13:22:40+02:00";null;null;94267
"2019-10-02T13:22:59+02:00";null;97011;null
"2019-10-02T13:23:03+02:00";94700.005;null;null
"2019-10-02T13:23:10+02:00";null;null;93654
"2019-10-02T13:23:29+02:00";null;95036;null
"2019-10-02T13:23:33+02:00";95300.003;null;null
"2019-10-02T13:23:40+02:00";null;null;96624
"2019-10-02T13:23:59+02:00";null;105834;null
"2019-10-02T13:24:03+02:00";95300.003;null;null
"2019-10-02T13:24:10+02:00";null;null;102423
"2019-10-02T13:24:29+02:00";null;105544;null
"2019-10-02T13:24:33+02:00";94599.998;null;null
"2019-10-02T13:24:40+02:00";null;null;102989
"2019-10-02T13:24:59+02:00";null;106545;null
"2019-10-02T13:25:03+02:00";95099.998;null;null
"2019-10-02T13:25:10+02:00";null;null;104115
"2019-10-02T13:25:29+02:00";null;104535;null
"2019-10-02T13:25:33+02:00";94700.005;null;null
"2019-10-02T13:25:40+02:00";null;null;103866
"2019-10-02T13:25:59+02:00";null;106293;null
"2019-10-02T13:26:03+02:00";94900.002;null;null
"2019-10-02T13:26:10+02:00";null;null;104291
"2019-10-02T13:26:29+02:00";null;106075;null
"2019-10-02T13:26:33+02:00";95900.002;null;null
"2019-10-02T13:26:40+02:00";null;null;104614
"2019-10-02T13:26:59+02:00";null;107163;null
"2019-10-02T13:27:03+02:00";97500;null;null
"2019-10-02T13:27:10+02:00";null;null;103174
"2019-10-02T13:27:29+02:00";null;107170;null
"2019-10-02T13:27:33+02:00";98200.005;null;null
"2019-10-02T13:27:40+02:00";null;null;103275
"2019-10-02T13:27:59+02:00";null;107477;null
"2019-10-02T13:28:03+02:00";97500;null;null
"2019-10-02T13:28:10+02:00";null;null;103553
"2019-10-02T13:28:29+02:00";null;106503;null
"2019-10-02T13:28:33+02:00";98599.998;null;null
"2019-10-02T13:28:40+02:00";null;null;103247
"2019-10-02T13:28:59+02:00";null;107416;null
"2019-10-02T13:29:03+02:00";98300.003;null;null
"2019-10-02T13:29:10+02:00";null;null;103482
"2019-10-02T13:29:29+02:00";null;106896;null
"2019-10-02T13:29:33+02:00";99300.003;null;null
"2019-10-02T13:29:40+02:00";null;null;103787
"2019-10-02T13:29:59+02:00";null;107157;null
"2019-10-02T13:30:03+02:00";99300.003;null;null
"2019-10-02T13:30:10+02:00";null;null;103529
"2019-10-02T13:30:29+02:00";null;106585;null
"2019-10-02T13:30:33+02:00";99300.003;null;null
"2019-10-02T13:30:40+02:00";null;null;103813
"2019-10-02T13:30:59+02:00";null;107425;null
"2019-10-02T13:31:03+02:00";100200.005;null;null
"2019-10-02T13:31:10+02:00";null;null;103830
"2019-10-02T13:31:29+02:00";null;107542;null
"2019-10-02T13:31:33+02:00";100200.005;null;null
"2019-10-02T13:31:40+02:00";null;null;103421
"2019-10-02T13:31:59+02:00";null;107280;null
"2019-10-02T13:32:03+02:00";99500;null;null
"2019-10-02T13:32:10+02:00";null;null;102967
"2019-10-02T13:32:29+02:00";null;107196;null
"2019-10-02T13:32:33+02:00";100200.005;null;null
"2019-10-02T13:32:40+02:00";null;null;103076
"2019-10-02T13:32:59+02:00";null;106830;null
"2019-10-02T13:33:03+02:00";100800.003;null;null
"2019-10-02T13:33:10+02:00";null;null;102863
"2019-10-02T13:33:29+02:00";null;106916;null
"2019-10-02T13:33:33+02:00";100500;null;null
"2019-10-02T13:33:40+02:00";null;null;103084
"2019-10-02T13:33:59+02:00";null;105434;null
"2019-10-02T13:34:03+02:00";100900.002;null;null
"2019-10-02T13:34:10+02:00";null;null;104160
"2019-10-02T13:34:29+02:00";null;106570;null
"2019-10-02T13:34:33+02:00";101200.005;null;null
"2019-10-02T13:34:40+02:00";null;null;103674
"2019-10-02T13:34:59+02:00";null;106674;null
"2019-10-02T13:35:03+02:00";100599.998;null;null
"2019-10-02T13:35:10+02:00";null;null;103088
"2019-10-02T13:35:29+02:00";null;106921;null
"2019-10-02T13:35:33+02:00";100900.002;null;null
"2019-10-02T13:35:40+02:00";null;null;103166
"2019-10-02T13:35:59+02:00";null;106520;null
"2019-10-02T13:36:03+02:00";101599.998;null;null
"2019-10-02T13:36:10+02:00";null;null;102995
"2019-10-02T13:36:29+02:00";null;107101;null
"2019-10-02T13:36:33+02:00";100900.002;null;null
"2019-10-02T13:36:40+02:00";null;null;102988
"2019-10-02T13:36:59+02:00";null;107017;null
"2019-10-02T13:37:03+02:00";101200.005;null;null
"2019-10-02T13:37:10+02:00";null;null;103348
"2019-10-02T13:37:29+02:00";null;105925;null
"2019-10-02T13:37:33+02:00";101500;null;null
"2019-10-02T13:37:40+02:00";null;null;102934
"2019-10-02T13:37:59+02:00";null;106946;null
"2019-10-02T13:38:03+02:00";101800.003;null;null
"2019-10-02T13:38:10+02:00";null;null;102891
"2019-10-02T13:38:29+02:00";null;107089;null
"2019-10-02T13:38:33+02:00";101500;null;null
"2019-10-02T13:38:40+02:00";null;null;102452
"2019-10-02T13:38:59+02:00";null;106610;null
"2019-10-02T13:39:03+02:00";102099.998;null;null
"2019-10-02T13:39:10+02:00";null;null;102796
"2019-10-02T13:39:29+02:00";null;106484;null
"2019-10-02T13:39:33+02:00";101099.998;null;null
"2019-10-02T13:39:40+02:00";null;null;103471
"2019-10-02T13:39:59+02:00";null;107014;null
"2019-10-02T13:40:03+02:00";102099.998;null;null
"2019-10-02T13:40:10+02:00";null;null;104355
"2019-10-02T13:40:29+02:00";null;107254;null
"2019-10-02T13:40:33+02:00";102200.005;null;null
"2019-10-02T13:40:40+02:00";null;null;104253
"2019-10-02T13:40:59+02:00";null;106978;null
"2019-10-02T13:41:03+02:00";101500;null;null
"2019-10-02T13:41:10+02:00";null;null;103443
"2019-10-02T13:41:29+02:00";null;106850;null
"2019-10-02T13:41:33+02:00";102599.998;null;null
"2019-10-02T13:41:40+02:00";null;null;102962
"2019-10-02T13:41:59+02:00";null;106934;null
"2019-10-02T13:42:03+02:00";102099.998;null;null
"2019-10-02T13:42:10+02:00";null;null;102995
"2019-10-02T13:42:29+02:00";null;104942;null
"2019-10-02T13:42:33+02:00";102500;null;null
"2019-10-02T13:42:40+02:00";null;null;103145
"2019-10-02T13:42:59+02:00";null;106233;null
"2019-10-02T13:43:03+02:00";101099.998;null;null
"2019-10-02T13:43:10+02:00";null;null;103746
"2019-10-02T13:43:29+02:00";null;106536;null
"2019-10-02T13:43:33+02:00";102099.998;null;null
"2019-10-02T13:43:40+02:00";null;null;104629
"2019-10-02T13:43:59+02:00";null;107530;null
"2019-10-02T13:44:03+02:00";102500;null;null
"2019-10-02T13:44:10+02:00";null;null;104731
"2019-10-02T13:44:29+02:00";null;106289;null
"2019-10-02T13:44:33+02:00";102099.998;null;null
"2019-10-02T13:44:40+02:00";null;null;104585
"2019-10-02T13:44:59+02:00";null;107180;null
"2019-10-02T13:45:03+02:00";102500;null;null
"2019-10-02T13:45:10+02:00";null;null;104446
"2019-10-02T13:45:29+02:00";null;106664;null
"2019-10-02T13:45:33+02:00";102300.003;null;null
"2019-10-02T13:45:40+02:00";null;null;104613
"2019-10-02T13:45:59+02:00";null;107104;null
"2019-10-02T13:46:03+02:00";101599.998;null;null
"2019-10-02T13:46:10+02:00";null;null;103917
"2019-10-02T13:46:29+02:00";null;107042;null
"2019-10-02T13:46:33+02:00";103099.998;null;null
"2019-10-02T13:46:40+02:00";null;null;103748
"2019-10-02T13:46:59+02:00";null;108269;null
"2019-10-02T13:47:03+02:00";101800.003;null;null
"2019-10-02T13:47:10+02:00";null;null;103860
"2019-10-02T13:47:29+02:00";null;108736;null
"2019-10-02T13:47:33+02:00";102500;null;null
"2019-10-02T13:47:40+02:00";null;null;103336
"2019-10-02T13:47:59+02:00";null;106891;null
"2019-10-02T13:48:03+02:00";102599.998;null;null
"2019-10-02T13:48:10+02:00";null;null;102967
"2019-10-02T13:48:29+02:00";null;107963;null
"2019-10-02T13:48:33+02:00";103200.005;null;null
"2019-10-02T13:48:40+02:00";null;null;103021
"2019-10-02T13:48:59+02:00";null;106912;null
"2019-10-02T13:49:03+02:00";102300.003;null;null
"2019-10-02T13:49:10+02:00";null;null;103546
"2019-10-02T13:49:29+02:00";null;105521;null
"2019-10-02T13:49:33+02:00";102599.998;null;null
"2019-10-02T13:49:40+02:00";null;null;103539
"2019-10-02T13:49:59+02:00";null;106487;null
"2019-10-02T13:50:03+02:00";102599.998;null;null
"2019-10-02T13:50:10+02:00";null;null;103808
"2019-10-02T13:50:29+02:00";null;106589;null
"2019-10-02T13:50:33+02:00";102599.998;null;null
"2019-10-02T13:50:40+02:00";null;null;103712
"2019-10-02T13:50:59+02:00";null;107218;null
"2019-10-02T13:51:03+02:00";102200.005;null;null
"2019-10-02T13:51:10+02:00";null;null;102716
"2019-10-02T13:51:29+02:00";null;107173;null
"2019-10-02T13:51:33+02:00";102500;null;null
"2019-10-02T13:51:40+02:00";null;null;102887
"2019-10-02T13:51:59+02:00";null;106296;null
"2019-10-02T13:52:03+02:00";102800.003;null;null
"2019-10-02T13:52:10+02:00";null;null;103164
"2019-10-02T13:52:29+02:00";null;107051;null
"2019-10-02T13:52:33+02:00";103300.003;null;null
"2019-10-02T13:52:40+02:00";null;null;103276
"2019-10-02T13:52:59+02:00";null;105674;null
"2019-10-02T13:53:03+02:00";103200.005;null;null
"2019-10-02T13:53:10+02:00";null;null;102827
"2019-10-02T13:53:29+02:00";null;107537;null
"2019-10-02T13:53:33+02:00";103200.005;null;null
"2019-10-02T13:53:40+02:00";null;null;102639
"2019-10-02T13:53:59+02:00";null;106707;null
"2019-10-02T13:54:03+02:00";103099.998;null;null
"2019-10-02T13:54:10+02:00";null;null;104357
"2019-10-02T13:54:29+02:00";null;105384;null
"2019-10-02T13:54:33+02:00";103599.998;null;null
"2019-10-02T13:54:40+02:00";null;null;104847
"2019-10-02T13:54:59+02:00";null;106467;null
"2019-10-02T13:55:03+02:00";102900.002;null;null
"2019-10-02T13:55:10+02:00";null;null;103346
"2019-10-02T13:55:29+02:00";null;106620;null
"2019-10-02T13:55:33+02:00";103200.005;null;null
"2019-10-02T13:55:40+02:00";null;null;103309
"2019-10-02T13:55:59+02:00";null;107258;null
"2019-10-02T13:56:03+02:00";102800.003;null;null
"2019-10-02T13:56:10+02:00";null;null;103809
"2019-10-02T13:56:29+02:00";null;107119;null
"2019-10-02T13:56:33+02:00";103200.005;null;null
"2019-10-02T13:56:40+02:00";null;null;103764
"2019-10-02T13:56:59+02:00";null;106961;null
"2019-10-02T13:57:03+02:00";102300.003;null;null
"2019-10-02T13:57:10+02:00";null;null;104111
"2019-10-02T13:57:29+02:00";null;107209;null
"2019-10-02T13:57:33+02:00";103200.005;null;null
"2019-10-02T13:57:40+02:00";null;null;104585
"2019-10-02T13:57:59+02:00";null;105074;null
"2019-10-02T13:58:03+02:00";103500;null;null
"2019-10-02T13:58:10+02:00";null;null;104374
"2019-10-02T13:58:29+02:00";null;107744;null
"2019-10-02T13:58:33+02:00";102800.003;null;null
"2019-10-02T13:58:40+02:00";null;null;104155
"2019-10-02T13:58:59+02:00";null;106471;null
"2019-10-02T13:59:03+02:00";103099.998;null;null
"2019-10-02T13:59:10+02:00";null;null;103372
"2019-10-02T13:59:29+02:00";null;106691;null
"2019-10-02T13:59:33+02:00";102599.998;null;null
"2019-10-02T13:59:40+02:00";null;null;102731
"2019-10-02T13:59:59+02:00";null;106491;null
"2019-10-02T14:00:03+02:00";102800.003;null;null
"2019-10-02T14:00:10+02:00";null;null;103226
"2019-10-02T14:00:29+02:00";null;107473;null
"2019-10-02T14:00:33+02:00";101800.003;null;null
"2019-10-02T14:00:40+02:00";null;null;103176
"2019-10-02T14:00:59+02:00";null;107213;null
"2019-10-02T14:01:03+02:00";102599.998;null;null
"2019-10-02T14:01:10+02:00";null;null;102010
"2019-10-02T14:01:29+02:00";null;106546;null
"2019-10-02T14:01:33+02:00";102900.002;null;null
"2019-10-02T14:01:40+02:00";null;null;102578
"2019-10-02T14:01:59+02:00";null;108183;null
"2019-10-02T14:02:03+02:00";102900.002;null;null
"2019-10-02T14:02:10+02:00";null;null;104068
"2019-10-02T14:02:29+02:00";null;106098;null
"2019-10-02T14:02:33+02:00";102900.002;null;null
"2019-10-02T14:02:40+02:00";null;null;104262
"2019-10-02T14:02:59+02:00";null;108621;null
"2019-10-02T14:03:03+02:00";103300.003;null;null
"2019-10-02T14:03:10+02:00";null;null;104092
"2019-10-02T14:03:29+02:00";null;106734;null
"2019-10-02T14:03:33+02:00";102500;null;null
"2019-10-02T14:03:40+02:00";null;null;103633
"2019-10-02T14:03:59+02:00";null;107487;null
"2019-10-02T14:04:03+02:00";103300.003;null;null
"2019-10-02T14:04:10+02:00";null;null;103375
"2019-10-02T14:04:29+02:00";null;106248;null
"2019-10-02T14:04:33+02:00";103500;null;null
"2019-10-02T14:04:40+02:00";null;null;103110
"2019-10-02T14:04:59+02:00";null;106428;null
"2019-10-02T14:05:03+02:00";103300.003;null;null
"2019-10-02T14:05:10+02:00";null;null;103021
"2019-10-02T14:05:29+02:00";null;105858;null
"2019-10-02T14:05:33+02:00";103300.003;null;null
"2019-10-02T14:05:40+02:00";null;null;103418
"2019-10-02T14:05:59+02:00";null;105843;null
"2019-10-02T14:06:03+02:00";103500;null;null
"2019-10-02T14:06:10+02:00";null;null;103106
"2019-10-02T14:06:29+02:00";null;106670;null
"2019-10-02T14:06:33+02:00";103599.998;null;null
"2019-10-02T14:06:40+02:00";null;null;103070
"2019-10-02T14:06:59+02:00";null;105968;null
"2019-10-02T14:07:03+02:00";103500;null;null
"2019-10-02T14:07:10+02:00";null;null;104036
"2019-10-02T14:07:29+02:00";null;106704;null
"2019-10-02T14:07:33+02:00";103200.005;null;null
"2019-10-02T14:07:40+02:00";null;null;104242
"2019-10-02T14:07:59+02:00";null;106403;null
"2019-10-02T14:08:03+02:00";103500;null;null
"2019-10-02T14:08:10+02:00";null;null;103058
"2019-10-02T14:08:29+02:00";null;105550;null
"2019-10-02T14:08:33+02:00";103500;null;null
"2019-10-02T14:08:40+02:00";null;null;103173
"2019-10-02T14:08:59+02:00";null;106274;null
"2019-10-02T14:09:03+02:00";103300.003;null;null
"2019-10-02T14:09:10+02:00";null;null;103334
"2019-10-02T14:09:29+02:00";null;106619;null
"2019-10-02T14:09:33+02:00";103300.003;null;null
"2019-10-02T14:09:40+02:00";null;null;103611
"2019-10-02T14:09:59+02:00";null;106006;null
"2019-10-02T14:10:03+02:00";103599.998;null;null
"2019-10-02T14:10:10+02:00";null;null;103812
"2019-10-02T14:10:29+02:00";null;106187;null
"2019-10-02T14:10:33+02:00";103200.005;null;null
"2019-10-02T14:10:40+02:00";null;null;103138
"2019-10-02T14:10:59+02:00";null;107833;null
"2019-10-02T14:11:03+02:00";103599.998;null;null
"2019-10-02T14:11:10+02:00";null;null;103378
"2019-10-02T14:11:29+02:00";null;107800;null
"2019-10-02T14:11:33+02:00";103500;null;null
"2019-10-02T14:11:40+02:00";null;null;104243
"2019-10-02T14:11:59+02:00";null;107705;null
"2019-10-02T14:12:03+02:00";103400.002;null;null
"2019-10-02T14:12:10+02:00";null;null;104238
"2019-10-02T14:12:29+02:00";null;107705;null
"2019-10-02T14:12:33+02:00";103599.998;null;null
"2019-10-02T14:12:40+02:00";null;null;104013
"2019-10-02T14:12:59+02:00";null;107744;null
"2019-10-02T14:13:03+02:00";103200.005;null;null
"2019-10-02T14:13:10+02:00";null;null;103504
"2019-10-02T14:13:29+02:00";null;108153;null
"2019-10-02T14:13:33+02:00";103300.003;null;null
"2019-10-02T14:13:40+02:00";null;null;103231
"2019-10-02T14:13:59+02:00";null;108279;null
"2019-10-02T14:14:03+02:00";103200.005;null;null
"2019-10-02T14:14:10+02:00";null;null;102889
"2019-10-02T14:14:29+02:00";null;108279;null
"2019-10-02T14:14:33+02:00";103200.005;null;null
"2019-10-02T14:14:40+02:00";null;null;102577
"2019-10-02T14:14:59+02:00";null;108279;null
"2019-10-02T14:15:03+02:00";103800.003;null;null
"2019-10-02T14:15:10+02:00";null;null;103170
"2019-10-02T14:15:29+02:00";null;108279;null
"2019-10-02T14:15:33+02:00";103500;null;null
"2019-10-02T14:15:40+02:00";null;null;103143
"2019-10-02T14:15:59+02:00";null;108279;null
"2019-10-02T14:16:03+02:00";103800.003;null;null
"2019-10-02T14:16:10+02:00";null;null;103575
"2019-10-02T14:16:29+02:00";null;108279;null
"2019-10-02T14:16:33+02:00";103500;null;null
"2019-10-02T14:16:40+02:00";null;null;103816
"2019-10-02T14:16:59+02:00";null;108279;null
"2019-10-02T14:17:03+02:00";103599.998;null;null
"2019-10-02T14:17:10+02:00";null;null;104003
"2019-10-02T14:17:29+02:00";null;108279;null
"2019-10-02T14:17:33+02:00";103599.998;null;null
"2019-10-02T14:17:40+02:00";null;null;103640
"2019-10-02T14:17:59+02:00";null;108279;null
"2019-10-02T14:18:03+02:00";103099.998;null;null
"2019-10-02T14:18:10+02:00";null;null;103962
"2019-10-02T14:18:29+02:00";null;108279;null
"2019-10-02T14:18:33+02:00";103599.998;null;null
"2019-10-02T14:18:40+02:00";null;null;104393
"2019-10-02T14:18:59+02:00";null;108279;null
"2019-10-02T14:19:03+02:00";103599.998;null;null
"2019-10-02T14:19:10+02:00";null;null;103949
"2019-10-02T14:19:29+02:00";null;108279;null
"2019-10-02T14:19:33+02:00";103200.005;null;null
"2019-10-02T14:19:40+02:00";null;null;103740
"2019-10-02T14:19:59+02:00";null;108279;null
"2019-10-02T14:20:03+02:00";103500;null;null
"2019-10-02T14:20:10+02:00";null;null;102666
"2019-10-02T14:20:29+02:00";null;108279;null
"2019-10-02T14:20:33+02:00";102900.002;null;null
"2019-10-02T14:20:40+02:00";null;null;102800
"2019-10-02T14:20:59+02:00";null;108279;null
"2019-10-02T14:21:03+02:00";103599.998;null;null
"2019-10-02T14:21:10+02:00";null;null;102909
"2019-10-02T14:21:29+02:00";null;108279;null
"2019-10-02T14:21:33+02:00";103599.998;null;null
"2019-10-02T14:21:40+02:00";null;null;102926
"2019-10-02T14:21:59+02:00";null;108279;null
"2019-10-02T14:22:03+02:00";103500;null;null
"2019-10-02T14:22:10+02:00";null;null;103402
"2019-10-02T14:22:29+02:00";null;108279;null
"2019-10-02T14:22:33+02:00";103599.998;null;null
"2019-10-02T14:22:40+02:00";null;null;103387
"2019-10-02T14:22:59+02:00";null;107318;null
"2019-10-02T14:23:03+02:00";103900.002;null;null
"2019-10-02T14:23:10+02:00";null;null;103733
"2019-10-02T14:23:29+02:00";null;106156;null
"2019-10-02T14:23:33+02:00";103800.003;null;null
"2019-10-02T14:23:40+02:00";null;null;103752
"2019-10-02T14:23:59+02:00";null;107227;null
"2019-10-02T14:24:03+02:00";103500;null;null
"2019-10-02T14:24:10+02:00";null;null;103628
"2019-10-02T14:24:29+02:00";null;106989;null
"2019-10-02T14:24:33+02:00";102900.002;null;null
"2019-10-02T14:24:40+02:00";null;null;103347
"2019-10-02T14:24:59+02:00";null;107204;null
"2019-10-02T14:25:03+02:00";102599.998;null;null
"2019-10-02T14:25:10+02:00";null;null;103798
"2019-10-02T14:25:29+02:00";null;105374;null
"2019-10-02T14:25:33+02:00";102099.998;null;null
"2019-10-02T14:25:40+02:00";null;null;103844
"2019-10-02T14:25:59+02:00";null;106988;null
"2019-10-02T14:26:03+02:00";102599.998;null;null
"2019-10-02T14:26:10+02:00";null;null;103515
"2019-10-02T14:26:29+02:00";null;106051;null
"2019-10-02T14:26:33+02:00";102900.002;null;null
"2019-10-02T14:26:40+02:00";null;null;104021
"2019-10-02T14:26:59+02:00";null;106886;null
"2019-10-02T14:27:03+02:00";103300.003;null;null
"2019-10-02T14:27:10+02:00";null;null;102723
"2019-10-02T14:27:29+02:00";null;107227;null
"2019-10-02T14:27:33+02:00";103500;null;null
"2019-10-02T14:27:40+02:00";null;null;76934
"2019-10-02T14:27:59+02:00";null;31268;null
"2019-10-02T14:28:03+02:00";103800.003;null;null
"2019-10-02T14:28:10+02:00";null;null;28156
"2019-10-02T14:28:29+02:00";null;31717;null
"2019-10-02T14:28:33+02:00";103800.003;null;null
"2019-10-02T14:28:40+02:00";null;null;28329
"2019-10-02T14:28:59+02:00";null;31842;null
"2019-10-02T14:29:03+02:00";102099.998;null;null
"2019-10-02T14:29:10+02:00";null;null;28289
"2019-10-02T14:29:29+02:00";null;31833;null
"2019-10-02T14:29:33+02:00";100000;null;null
"2019-10-02T14:29:40+02:00";null;null;27949
"2019-10-02T14:29:59+02:00";null;31374;null
"2019-10-02T14:30:03+02:00";98000;null;null
"2019-10-02T14:30:10+02:00";null;null;27913
"2019-10-02T14:30:29+02:00";null;31293;null
"2019-10-02T14:30:33+02:00";96300.003;null;null
"2019-10-02T14:30:40+02:00";null;null;27738
"2019-10-02T14:30:59+02:00";null;30949;null
"2019-10-02T14:31:03+02:00";93900.002;null;null
"2019-10-02T14:31:10+02:00";null;null;27646
"2019-10-02T14:31:29+02:00";null;30764;null
"2019-10-02T14:31:33+02:00";86599.998;null;null
"2019-10-02T14:31:40+02:00";null;null;27778
"2019-10-02T14:31:59+02:00";null;31587;null
"2019-10-02T14:32:03+02:00";83800.003;null;null
"2019-10-02T14:32:10+02:00";null;null;27542
"2019-10-02T14:32:29+02:00";null;31052;null
"2019-10-02T14:32:33+02:00";80400.002;null;null
"2019-10-02T14:32:40+02:00";null;null;27760
"2019-10-02T14:32:59+02:00";null;31178;null
"2019-10-02T14:33:03+02:00";76000;null;null
"2019-10-02T14:33:10+02:00";null;null;27784
"2019-10-02T14:33:29+02:00";null;31178;null
"2019-10-02T14:33:33+02:00";72200.005;null;null
"2019-10-02T14:33:40+02:00";null;null;27254
"2019-10-02T14:33:59+02:00";null;30507;null
"2019-10-02T14:34:03+02:00";70500;null;null
"2019-10-02T14:34:10+02:00";null;null;27492
"2019-10-02T14:34:29+02:00";null;30373;null
"2019-10-02T14:34:33+02:00";69099.998;null;null
"2019-10-02T14:34:40+02:00";null;null;27798
"2019-10-02T14:34:59+02:00";null;30883;null
"2019-10-02T14:35:03+02:00";66500;null;null
"2019-10-02T14:35:10+02:00";null;null;27722
"2019-10-02T14:35:29+02:00";null;31648;null
"2019-10-02T14:35:33+02:00";62100.002;null;null
"2019-10-02T14:35:40+02:00";null;null;27690
"2019-10-02T14:35:59+02:00";null;30078;null
"2019-10-02T14:36:03+02:00";60600.002;null;null
"2019-10-02T14:36:10+02:00";null;null;27545
"2019-10-02T14:36:29+02:00";null;30873;null
"2019-10-02T14:36:33+02:00";58900.002;null;null
"2019-10-02T14:36:40+02:00";null;null;27465
"2019-10-02T14:36:59+02:00";null;30308;null
"2019-10-02T14:37:03+02:00";56500;null;null
"2019-10-02T14:37:10+02:00";null;null;27486
"2019-10-02T14:37:29+02:00";null;30588;null
"2019-10-02T14:37:33+02:00";55200.001;null;null
"2019-10-02T14:37:40+02:00";null;null;27405
"2019-10-02T14:37:59+02:00";null;30279;null
"2019-10-02T14:38:03+02:00";54200.001;null;null
"2019-10-02T14:38:10+02:00";null;null;27639
"2019-10-02T14:38:29+02:00";null;30041;null
"2019-10-02T14:38:33+02:00";53400.002;null;null
"2019-10-02T14:38:40+02:00";null;null;27616
"2019-10-02T14:38:59+02:00";null;30391;null
"2019-10-02T14:39:03+02:00";53200.001;null;null
"2019-10-02T14:39:10+02:00";null;null;27375
"2019-10-02T14:39:29+02:00";null;30689;null
"2019-10-02T14:39:33+02:00";52799.999;null;null
"2019-10-02T14:39:40+02:00";null;null;27309
"2019-10-02T14:39:59+02:00";null;30870;null
"2019-10-02T14:40:03+02:00";51400.002;null;null
"2019-10-02T14:40:10+02:00";null;null;27203
"2019-10-02T14:40:29+02:00";null;30870;null
"2019-10-02T14:40:33+02:00";49100.002;null;null
"2019-10-02T14:40:40+02:00";null;null;27419
"2019-10-02T14:40:59+02:00";null;30059;null
"2019-10-02T14:41:03+02:00";48700.001;null;null
"2019-10-02T14:41:10+02:00";null;null;27309
"2019-10-02T14:41:29+02:00";null;30581;null
"2019-10-02T14:41:33+02:00";47700.001;null;null
"2019-10-02T14:41:40+02:00";null;null;27298
"2019-10-02T14:41:59+02:00";null;30552;null
"2019-10-02T14:42:03+02:00";47400.002;null;null
"2019-10-02T14:42:10+02:00";null;null;27824
"2019-10-02T14:42:29+02:00";null;30825;null
"2019-10-02T14:42:33+02:00";46400.002;null;null
"2019-10-02T14:42:40+02:00";null;null;27555
"2019-10-02T14:42:59+02:00";null;30253;null
"2019-10-02T14:43:03+02:00";45799.999;null;null
"2019-10-02T14:43:10+02:00";null;null;27224
"2019-10-02T14:43:29+02:00";null;30231;null
"2019-10-02T14:43:33+02:00";45600.002;null;null
"2019-10-02T14:43:40+02:00";null;null;27144
"2019-10-02T14:43:59+02:00";null;32079;null
"2019-10-02T14:44:03+02:00";45200.001;null;null
"2019-10-02T14:44:10+02:00";null;null;27071
"2019-10-02T14:44:29+02:00";null;30580;null
"2019-10-02T14:44:33+02:00";44900.002;null;null
"2019-10-02T14:44:40+02:00";null;null;27349
"2019-10-02T14:44:59+02:00";null;30625;null
"2019-10-02T14:45:03+02:00";44600.002;null;null
"2019-10-02T14:45:10+02:00";null;null;27498
"2019-10-02T14:45:29+02:00";null;30182;null
"2019-10-02T14:45:33+02:00";44500;null;null
"2019-10-02T14:45:40+02:00";null;null;27252
"2019-10-02T14:45:59+02:00";null;29839;null
"2019-10-02T14:46:03+02:00";44200.001;null;null
"2019-10-02T14:46:10+02:00";null;null;27202
"2019-10-02T14:46:29+02:00";null;30439;null
"2019-10-02T14:46:33+02:00";44299.999;null;null
"2019-10-02T14:46:40+02:00";null;null;27364
"2019-10-02T14:46:59+02:00";null;30651;null
"2019-10-02T14:47:03+02:00";44200.001;null;null
"2019-10-02T14:47:10+02:00";null;null;27621
"2019-10-02T14:47:29+02:00";null;31671;null
"2019-10-02T14:47:33+02:00";44200.001;null;null
"2019-10-02T14:47:40+02:00";null;null;27550
"2019-10-02T14:47:59+02:00";null;30686;null
"2019-10-02T14:48:03+02:00";42700.001;null;null
"2019-10-02T14:48:10+02:00";null;null;27124
"2019-10-02T14:48:29+02:00";null;29778;null
"2019-10-02T14:48:33+02:00";42299.999;null;null
"2019-10-02T14:48:40+02:00";null;null;27295
"2019-10-02T14:48:59+02:00";null;30580;null
"2019-10-02T14:49:03+02:00";42000;null;null
"2019-10-02T14:49:10+02:00";null;null;27239
"2019-10-02T14:49:29+02:00";null;30130;null
"2019-10-02T14:49:33+02:00";41500;null;null
"2019-10-02T14:49:40+02:00";null;null;27288
"2019-10-02T14:49:59+02:00";null;30501;null
"2019-10-02T14:50:03+02:00";40500;null;null
"2019-10-02T14:50:10+02:00";null;null;27535
"2019-10-02T14:50:29+02:00";null;30629;null
"2019-10-02T14:50:33+02:00";40200.001;null;null
"2019-10-02T14:50:40+02:00";null;null;27359
"2019-10-02T14:50:59+02:00";null;30864;null
"2019-10-02T14:51:03+02:00";40100.002;null;null
"2019-10-02T14:51:10+02:00";null;null;27522
"2019-10-02T14:51:29+02:00";null;30390;null
"2019-10-02T14:51:33+02:00";39600.002;null;null
"2019-10-02T14:51:40+02:00";null;null;27654
"2019-10-02T14:51:59+02:00";null;29571;null
"2019-10-02T14:52:03+02:00";39299.999;null;null
"2019-10-02T14:52:10+02:00";null;null;27348
"2019-10-02T14:52:29+02:00";null;30453;null
"2019-10-02T14:52:33+02:00";39000;null;null
"2019-10-02T14:52:40+02:00";null;null;27405
"2019-10-02T14:52:59+02:00";null;30689;null
"2019-10-02T14:53:03+02:00";38700.001;null;null
"2019-10-02T14:53:10+02:00";null;null;27536
"2019-10-02T14:53:29+02:00";null;29424;null
"2019-10-02T14:53:33+02:00";38600.002;null;null
"2019-10-02T14:53:40+02:00";null;null;27480
"2019-10-02T14:53:59+02:00";null;29557;null
"2019-10-02T14:54:03+02:00";38299.999;null;null
"2019-10-02T14:54:10+02:00";null;null;27485
"2019-10-02T14:54:29+02:00";null;30004;null
"2019-10-02T14:54:33+02:00";38299.999;null;null
"2019-10-02T14:54:40+02:00";null;null;27460
"2019-10-02T14:54:59+02:00";null;30677;null
"2019-10-02T14:55:03+02:00";38200.001;null;null
"2019-10-02T14:55:10+02:00";null;null;27537
"2019-10-02T14:55:29+02:00";null;31292;null
"2019-10-02T14:55:33+02:00";38200.001;null;null
"2019-10-02T14:55:40+02:00";null;null;27565
"2019-10-02T14:55:59+02:00";null;29939;null
"2019-10-02T14:56:03+02:00";38200.001;null;null
"2019-10-02T14:56:10+02:00";null;null;27281
"2019-10-02T14:56:29+02:00";null;30231;null
"2019-10-02T14:56:33+02:00";38200.001;null;null
"2019-10-02T14:56:40+02:00";null;null;27270
"2019-10-02T14:56:59+02:00";null;30497;null
"2019-10-02T14:57:03+02:00";37700.001;null;null
"2019-10-02T14:57:10+02:00";null;null;27252
"2019-10-02T14:57:29+02:00";null;30018;null
"2019-10-02T14:57:33+02:00";37400.002;null;null
"2019-10-02T14:57:40+02:00";null;null;27195
"2019-10-02T14:57:59+02:00";null;30155;null
"2019-10-02T14:58:03+02:00";37400.002;null;null
"2019-10-02T14:58:10+02:00";null;null;27470
"2019-10-02T14:58:29+02:00";null;30350;null
"2019-10-02T14:58:33+02:00";37000;null;null
"2019-10-02T14:58:40+02:00";null;null;27466
"2019-10-02T14:58:59+02:00";null;30313;null
"2019-10-02T14:59:03+02:00";37100.002;null;null
"2019-10-02T14:59:10+02:00";null;null;27402
"2019-10-02T14:59:29+02:00";null;30828;null
"2019-10-02T14:59:33+02:00";36500;null;null
"2019-10-02T14:59:40+02:00";null;null;27503
"2019-10-02T14:59:59+02:00";null;30244;null